{
    "version": "0.4",
    "title": "404",
    "type": "page",
    "metadata": {
        "template_type": "single-page",
        "include_in_zip": "1",
        "elementor_pro_required": null,
        "wp_page_template": "elementor_header_footer"
    },
    "content": [
        {
            "id": "7dddb1c1",
            "settings": {
                "background_background": "classic",
                "background_image": {
                    "id": 573,
                    "url": "https:\/\/kitpro.site\/rabio\/wp-content\/uploads\/sites\/22\/2021\/04\/gorgeous-bride-silhouette-standing-at-stylish-wedd-CXM3PY2.jpg"
                },
                "margin": {
                    "unit": "px",
                    "top": "0",
                    "right": 0,
                    "bottom": "0",
                    "left": 0,
                    "isLinked": false
                },
                "padding": {
                    "unit": "px",
                    "top": "200",
                    "right": "0",
                    "bottom": "200",
                    "left": "0",
                    "isLinked": false
                },
                "background_position": "center left",
                "background_size": "cover",
                "background_overlay_background": "gradient",
                "__globals__": {
                    "background_overlay_color": "globals\/colors?id=primary",
                    "background_overlay_color_b": "globals\/colors?id=accent"
                },
                "background_overlay_opacity": {
                    "unit": "px",
                    "size": 0.9,
                    "sizes": []
                },
                "margin_mobile": {
                    "unit": "px",
                    "top": "0",
                    "right": 0,
                    "bottom": "0",
                    "left": 0,
                    "isLinked": false
                },
                "padding_mobile": {
                    "unit": "px",
                    "top": "100",
                    "right": "20",
                    "bottom": "100",
                    "left": "20",
                    "isLinked": false
                },
                "margin_tablet": {
                    "unit": "px",
                    "top": "0",
                    "right": 0,
                    "bottom": "0",
                    "left": 0,
                    "isLinked": false
                },
                "padding_tablet": {
                    "unit": "px",
                    "top": "100",
                    "right": "30",
                    "bottom": "100",
                    "left": "30",
                    "isLinked": false
                }
            },
            "elements": [
                {
                    "id": "4bc4e4d6",
                    "settings": {
                        "_column_size": 100,
                        "_inline_size": null,
                        "margin_mobile": {
                            "unit": "px",
                            "top": "0",
                            "right": "0",
                            "bottom": "0",
                            "left": "0",
                            "isLinked": false
                        },
                        "padding_mobile": {
                            "unit": "px",
                            "top": "0",
                            "right": "0",
                            "bottom": "0",
                            "left": "0",
                            "isLinked": false
                        }
                    },
                    "elements": [
                        {
                            "id": "38211bcf",
                            "settings": {
                                "title": "404",
                                "header_size": "h1",
                                "align": "center",
                                "_margin": {
                                    "unit": "px",
                                    "top": "50",
                                    "right": "0",
                                    "bottom": "0",
                                    "left": "0",
                                    "isLinked": false
                                },
                                "_padding": {
                                    "unit": "px",
                                    "top": "0",
                                    "right": "0",
                                    "bottom": "0",
                                    "left": "0",
                                    "isLinked": false
                                },
                                "__globals__": {
                                    "title_color": "globals\/colors?id=ead5059",
                                    "typography_typography": "globals\/typography?id=2f0bddf"
                                },
                                "title_color": "#FFFFFF",
                                "_margin_mobile": {
                                    "unit": "px",
                                    "top": "0",
                                    "right": "0",
                                    "bottom": "0",
                                    "left": "0",
                                    "isLinked": false
                                },
                                "_padding_mobile": {
                                    "unit": "px",
                                    "top": "100",
                                    "right": "0",
                                    "bottom": "0",
                                    "left": "0",
                                    "isLinked": false
                                },
                                "_margin_tablet": {
                                    "unit": "px",
                                    "top": "0",
                                    "right": "0",
                                    "bottom": "0",
                                    "left": "0",
                                    "isLinked": false
                                },
                                "_padding_tablet": {
                                    "unit": "px",
                                    "top": "200",
                                    "right": "0",
                                    "bottom": "0",
                                    "left": "0",
                                    "isLinked": false
                                }
                            },
                            "elements": [],
                            "isInner": false,
                            "widgetType": "heading",
                            "elType": "widget"
                        },
                        {
                            "id": "55d89ce1",
                            "settings": {
                                "title": "Sorry, Something Went Wrong",
                                "header_size": "h3",
                                "align": "center",
                                "__globals__": {
                                    "title_color": "globals\/colors?id=ead5059",
                                    "typography_typography": "globals\/typography?id=c21dd58"
                                }
                            },
                            "elements": [],
                            "isInner": false,
                            "widgetType": "heading",
                            "elType": "widget"
                        },
                        {
                            "id": "78a9ba1",
                            "settings": {
                                "editor": "<p>Lorem ipsum dolor sit amet<\/p>",
                                "align": "center",
                                "__globals__": {
                                    "text_color": "globals\/colors?id=db813e0"
                                }
                            },
                            "elements": [],
                            "isInner": false,
                            "widgetType": "text-editor",
                            "elType": "widget"
                        },
                        {
                            "id": "1c8e8fc1",
                            "settings": {
                                "text": "Go Back",
                                "align": "center",
                                "border_border": "solid",
                                "border_width": {
                                    "unit": "px",
                                    "top": "1",
                                    "right": "1",
                                    "bottom": "1",
                                    "left": "1",
                                    "isLinked": true
                                },
                                "__globals__": {
                                    "border_color": "globals\/colors?id=514fa81",
                                    "hover_color": "globals\/colors?id=db813e0",
                                    "button_hover_border_color": "globals\/colors?id=db813e0"
                                },
                                "hover_color": "#FFFFFF",
                                "button_background_hover_color": "#02010100",
                                "border_radius": {
                                    "unit": "px",
                                    "top": "3",
                                    "right": "3",
                                    "bottom": "3",
                                    "left": "3",
                                    "isLinked": true
                                }
                            },
                            "elements": [],
                            "isInner": false,
                            "widgetType": "button",
                            "elType": "widget"
                        }
                    ],
                    "isInner": false,
                    "elType": "column"
                }
            ],
            "isInner": false,
            "elType": "section"
        }
    ],
    "page_settings": {
        "eael_ext_toc_title": "Table of Contents",
        "template": "elementor_header_footer"
    }
}