{
    "version": "0.4",
    "title": "Global Kit Styles",
    "type": "section",
    "metadata": {
        "template_type": "global-styles",
        "include_in_zip": "1",
        "elementor_pro_required": null,
        "additional_template_information": [
            "These are the global theme styles configured through the Elementor Theme Styles area."
        ],
        "wp_page_template": "default"
    },
    "content": [],
    "page_settings": {
        "system_colors": [
            {
                "_id": "primary",
                "title": "Primary",
                "color": "#FCF5EE"
            },
            {
                "_id": "secondary",
                "title": "Secondary",
                "color": "#54595F"
            },
            {
                "_id": "text",
                "title": "Text",
                "color": "#7A7A7A"
            },
            {
                "_id": "accent",
                "title": "Accent",
                "color": "#EFDFBF"
            }
        ],
        "custom_colors": [
            {
                "_id": "e048242",
                "title": "Tbackground 2",
                "color": "#EFDFBFC4"
            },
            {
                "_id": "514fa81",
                "title": "brown",
                "color": "#E88C5D"
            },
            {
                "_id": "87ade0c",
                "title": "Main",
                "color": "#8C959D"
            },
            {
                "_id": "6a222ab",
                "title": "TBackground",
                "color": "#EFDFBF4F"
            },
            {
                "_id": "db813e0",
                "title": "main2",
                "color": "#602300"
            },
            {
                "_id": "5846c03",
                "title": "TBg2",
                "color": "#42484D8C"
            },
            {
                "_id": "4b5551d",
                "title": "overlaydark",
                "color": "#0000007A"
            },
            {
                "_id": "15823ef",
                "title": "White",
                "color": "#FFFFFF"
            },
            {
                "_id": "5ed9f41",
                "title": "Font brown",
                "color": "#B08871"
            },
            {
                "_id": "d0434bc",
                "title": "Black",
                "color": "#484848"
            },
            {
                "_id": "0beaddc",
                "title": "Thin white",
                "color": "#FFFFFF26"
            },
            {
                "_id": "ead5059",
                "title": "Dark Brown",
                "color": "#541A00"
            },
            {
                "_id": "cacce00",
                "title": "creamtrans",
                "color": "#EFDFBFE0"
            }
        ],
        "system_typography": [
            {
                "_id": "primary",
                "title": "H1",
                "typography_typography": "custom",
                "typography_font_family": "PT Serif Caption",
                "typography_font_weight": "400",
                "typography_font_size": {
                    "unit": "em",
                    "size": 4,
                    "sizes": []
                },
                "typography_line_height": {
                    "unit": "em",
                    "size": 1.2,
                    "sizes": []
                },
                "typography_font_size_tablet": {
                    "unit": "em",
                    "size": 3,
                    "sizes": []
                },
                "typography_font_size_mobile": {
                    "unit": "em",
                    "size": 3.5,
                    "sizes": []
                }
            },
            {
                "_id": "secondary",
                "title": "H2",
                "typography_typography": "custom",
                "typography_font_family": "PT Serif Caption",
                "typography_font_weight": "400",
                "typography_font_size": {
                    "unit": "em",
                    "size": 3,
                    "sizes": []
                },
                "typography_line_height": {
                    "unit": "em",
                    "size": 1.2,
                    "sizes": []
                },
                "typography_font_size_tablet": {
                    "unit": "em",
                    "size": 2.5,
                    "sizes": []
                },
                "typography_font_size_mobile": {
                    "unit": "em",
                    "size": 2,
                    "sizes": []
                }
            },
            {
                "_id": "text",
                "title": "Text",
                "typography_typography": "custom",
                "typography_font_family": "PT Sans",
                "typography_font_weight": "400",
                "typography_font_size": {
                    "unit": "em",
                    "size": 1,
                    "sizes": []
                },
                "typography_font_size_tablet": {
                    "unit": "em",
                    "size": 0.875,
                    "sizes": []
                },
                "typography_font_size_mobile": {
                    "unit": "em",
                    "size": 0.875,
                    "sizes": []
                }
            },
            {
                "_id": "accent",
                "title": "Accent",
                "typography_typography": "custom",
                "typography_font_family": "Roboto",
                "typography_font_weight": "500"
            }
        ],
        "custom_typography": [
            {
                "_id": "5fb76cd",
                "title": "Menu",
                "typography_typography": "custom",
                "typography_font_family": "PT Serif",
                "typography_font_size": {
                    "unit": "em",
                    "size": 1,
                    "sizes": []
                },
                "typography_font_weight": "400"
            },
            {
                "_id": "8abc40d",
                "title": "H3",
                "typography_typography": "custom",
                "typography_font_family": "PT Sans Caption",
                "typography_font_size": {
                    "unit": "em",
                    "size": 2,
                    "sizes": []
                },
                "typography_font_weight": "600",
                "typography_line_height": {
                    "unit": "em",
                    "size": 1.2,
                    "sizes": []
                }
            },
            {
                "_id": "be0f255",
                "title": "H3 Sheiff",
                "typography_typography": "custom",
                "typography_font_family": "PT Serif Caption",
                "typography_font_size": {
                    "unit": "em",
                    "size": 1.5,
                    "sizes": []
                },
                "typography_font_weight": "600",
                "typography_line_height": {
                    "unit": "em",
                    "size": 1.2,
                    "sizes": []
                }
            },
            {
                "_id": "c21dd58",
                "title": "Sherif",
                "typography_typography": "custom",
                "typography_font_family": "PT Serif Caption",
                "typography_font_size": {
                    "unit": "em",
                    "size": 2,
                    "sizes": []
                },
                "typography_font_weight": "600",
                "typography_font_size_mobile": {
                    "unit": "em",
                    "size": 1.5,
                    "sizes": []
                }
            },
            {
                "typography_typography": "custom",
                "typography_font_family": "PT Serif Caption",
                "typography_font_size": {
                    "unit": "em",
                    "size": 12,
                    "sizes": []
                },
                "typography_font_size_tablet": {
                    "unit": "em",
                    "size": 8,
                    "sizes": []
                },
                "typography_font_size_mobile": {
                    "unit": "em",
                    "size": 6.5,
                    "sizes": []
                },
                "typography_font_weight": "400",
                "typography_line_height": {
                    "unit": "em",
                    "size": 1.2,
                    "sizes": []
                },
                "_id": "2f0bddf",
                "title": "404"
            }
        ],
        "default_generic_fonts": "Sans-serif",
        "page_title_selector": "h1.entry-title",
        "activeItemIndex": 1,
        "__globals__": {
            "h1_typography_typography": "globals\/typography?id=primary",
            "h1_color": "globals\/colors?id=secondary",
            "button_typography_typography": "globals\/typography?id=text",
            "button_text_color": "globals\/colors?id=15823ef",
            "button_background_color": "globals\/colors?id=514fa81",
            "button_hover_background_color": "globals\/colors?id=primary",
            "button_border_color": "",
            "button_hover_text_color": "globals\/colors?id=514fa81",
            "h2_color": "globals\/colors?id=secondary",
            "h2_typography_typography": "globals\/typography?id=secondary",
            "body_color": "globals\/colors?id=text",
            "body_typography_typography": "globals\/typography?id=text",
            "h3_color": "globals\/colors?id=secondary",
            "h3_typography_typography": "globals\/typography?id=8abc40d"
        },
        "h1_color": "#54595F",
        "button_padding": {
            "unit": "px",
            "top": "12",
            "right": "20",
            "bottom": "12",
            "left": "20",
            "isLinked": false
        },
        "button_typography_typography": "custom",
        "button_typography_font_family": "PT Sans",
        "button_typography_font_weight": "400",
        "button_background_color": "#EFDFBF",
        "button_border_border": "solid",
        "button_border_width": {
            "unit": "px",
            "top": "1",
            "right": "1",
            "bottom": "1",
            "left": "1",
            "isLinked": true
        },
        "button_hover_text_color": "#E88C5D",
        "button_hover_background_color": "#FCF5EE",
        "body_color": "#7A7A7A",
        "body_typography_typography": "custom",
        "body_typography_font_family": "PT Sans",
        "body_typography_font_size": {
            "unit": "em",
            "size": 1,
            "sizes": []
        },
        "body_typography_font_weight": "400",
        "h2_color": "#54595F",
        "h3_color": "#54595F",
        "button_typography_font_size": {
            "unit": "em",
            "size": 1,
            "sizes": []
        },
        "button_text_color": "#54595F",
        "viewport_mobile": "",
        "viewport_tablet": ""
    }
}