{
    "version": "0.4",
    "title": "Header 1",
    "type": "section",
    "metadata": {
        "template_type": "section-header",
        "include_in_zip": "1",
        "elementor_pro_required": null,
        "wp_page_template": "elementor_canvas"
    },
    "content": [
        {
            "id": "366db03b",
            "settings": {
                "margin_mobile": {
                    "unit": "px",
                    "top": "0",
                    "right": 0,
                    "bottom": "-120",
                    "left": 0,
                    "isLinked": false
                },
                "padding_mobile": {
                    "unit": "px",
                    "top": "0",
                    "right": "20",
                    "bottom": "0",
                    "left": "20",
                    "isLinked": false
                },
                "margin": {
                    "unit": "px",
                    "top": "0",
                    "right": 0,
                    "bottom": "-220",
                    "left": 0,
                    "isLinked": false
                },
                "padding": {
                    "unit": "px",
                    "top": "0",
                    "right": "0",
                    "bottom": "0",
                    "left": "0",
                    "isLinked": false
                },
                "margin_tablet": {
                    "unit": "px",
                    "top": "20",
                    "right": 0,
                    "bottom": "-250",
                    "left": 0,
                    "isLinked": false
                },
                "padding_tablet": {
                    "unit": "px",
                    "top": "0",
                    "right": "30",
                    "bottom": "0",
                    "left": "30",
                    "isLinked": false
                }
            },
            "elements": [
                {
                    "id": "375d5a6d",
                    "settings": {
                        "_column_size": 100,
                        "_inline_size": null,
                        "margin_tablet": {
                            "unit": "px",
                            "top": "0",
                            "right": "0",
                            "bottom": "0",
                            "left": "0",
                            "isLinked": false
                        },
                        "margin_mobile": {
                            "unit": "px",
                            "top": "0",
                            "right": "0",
                            "bottom": "0",
                            "left": "0",
                            "isLinked": false
                        },
                        "padding_tablet": {
                            "unit": "px",
                            "top": "0",
                            "right": "30",
                            "bottom": "0",
                            "left": "30",
                            "isLinked": false
                        },
                        "padding_mobile": {
                            "unit": "px",
                            "top": "0",
                            "right": "0",
                            "bottom": "0",
                            "left": "0",
                            "isLinked": false
                        }
                    },
                    "elements": [
                        {
                            "id": "4d8eb079",
                            "settings": {
                                "image": {
                                    "id": "194",
                                    "url": "https:\/\/kitpro.site\/rabio\/wp-content\/uploads\/sites\/22\/2021\/04\/Rabio-New.png"
                                },
                                "align_mobile": "left",
                                "width_mobile": {
                                    "unit": "%",
                                    "size": 40,
                                    "sizes": []
                                },
                                "_margin_tablet": {
                                    "unit": "px",
                                    "top": "0",
                                    "right": "0",
                                    "bottom": "0",
                                    "left": "0",
                                    "isLinked": false
                                },
                                "_margin_mobile": {
                                    "unit": "px",
                                    "top": "0",
                                    "right": "0",
                                    "bottom": "0",
                                    "left": "0",
                                    "isLinked": false
                                },
                                "_padding_tablet": {
                                    "unit": "px",
                                    "top": "0",
                                    "right": "0",
                                    "bottom": "0",
                                    "left": "0",
                                    "isLinked": false
                                },
                                "_padding_mobile": {
                                    "unit": "px",
                                    "top": "10",
                                    "right": "0",
                                    "bottom": "0",
                                    "left": "0",
                                    "isLinked": false
                                },
                                "width_tablet": {
                                    "unit": "%",
                                    "size": 30,
                                    "sizes": []
                                },
                                "width": {
                                    "unit": "%",
                                    "size": 20,
                                    "sizes": []
                                }
                            },
                            "elements": [],
                            "isInner": false,
                            "widgetType": "image",
                            "elType": "widget"
                        },
                        {
                            "id": "b25a10c",
                            "settings": {
                                "menu": "menu-1",
                                "navmenu_align": "center",
                                "dropdown": "mobile",
                                "resp_align": "right",
                                "_margin_tablet": {
                                    "unit": "px",
                                    "top": "0",
                                    "right": "0",
                                    "bottom": "0",
                                    "left": "0",
                                    "isLinked": false
                                },
                                "_margin_mobile": {
                                    "unit": "px",
                                    "top": "-75",
                                    "right": "0",
                                    "bottom": "0",
                                    "left": "0",
                                    "isLinked": false
                                },
                                "_padding_tablet": {
                                    "unit": "px",
                                    "top": "0",
                                    "right": "0",
                                    "bottom": "0",
                                    "left": "0",
                                    "isLinked": false
                                },
                                "_padding_mobile": {
                                    "unit": "px",
                                    "top": "0",
                                    "right": "0",
                                    "bottom": "0",
                                    "left": "0",
                                    "isLinked": false
                                },
                                "padding_horizontal_menu_item": {
                                    "unit": "px",
                                    "size": 0,
                                    "sizes": []
                                },
                                "menu_space_between": {
                                    "unit": "px",
                                    "size": 100,
                                    "sizes": []
                                },
                                "__globals__": {
                                    "color_menu_item_active": "",
                                    "menu_typography_typography": "globals\/typography?id=5fb76cd",
                                    "color_menu_item_hover": "globals\/colors?id=514fa81",
                                    "color_menu_item": "globals\/colors?id=db813e0",
                                    "all_text_color": "globals\/colors?id=db813e0",
                                    "all_background_color_color": "",
                                    "all_border_color": "globals\/colors?id=db813e0",
                                    "background_color_dropdown_item": "globals\/colors?id=primary",
                                    "all_typography_typography": "globals\/typography?id=5fb76cd",
                                    "all_hover_color": "globals\/colors?id=15823ef",
                                    "all_background_hover_color_color": "globals\/colors?id=514fa81",
                                    "all_border_hover_color": "globals\/colors?id=514fa81"
                                },
                                "color_menu_item": "#7A7A7A",
                                "color_menu_item_hover": "#E88C5D",
                                "padding": {
                                    "unit": "px",
                                    "top": "10",
                                    "right": "20",
                                    "bottom": "10",
                                    "left": "20",
                                    "isLinked": false
                                },
                                "menu_typography_typography": "custom",
                                "menu_typography_font_family": "PT Serif",
                                "menu_typography_font_size": {
                                    "unit": "em",
                                    "size": 1,
                                    "sizes": []
                                },
                                "menu_typography_font_weight": "400",
                                "all_background_color_background": "classic",
                                "all_border_border": "solid",
                                "all_border_radius": {
                                    "unit": "px",
                                    "top": "3",
                                    "right": "3",
                                    "bottom": "3",
                                    "left": "3",
                                    "isLinked": true
                                },
                                "dropdown_divider_border": "none",
                                "all_border_width": {
                                    "unit": "px",
                                    "top": "1",
                                    "right": "1",
                                    "bottom": "1",
                                    "left": "1",
                                    "isLinked": true
                                },
                                "menu_space_between_tablet": {
                                    "unit": "px",
                                    "size": 49,
                                    "sizes": []
                                },
                                "menu_last_item": "cta",
                                "background_color_dropdown_item": "#FCF5EE",
                                "all_text_color": "#54595F",
                                "all_background_color_color": "#FCF5EE00",
                                "all_border_width_tablet": {
                                    "unit": "px",
                                    "top": "1",
                                    "right": "1",
                                    "bottom": "1",
                                    "left": "1",
                                    "isLinked": true
                                },
                                "all_border_color": "#E88C5D",
                                "all_background_hover_color_background": "classic",
                                "_margin": {
                                    "unit": "px",
                                    "top": "-25",
                                    "right": "0",
                                    "bottom": "0",
                                    "left": "0",
                                    "isLinked": false
                                },
                                "_padding": {
                                    "unit": "px",
                                    "top": "0",
                                    "right": "0",
                                    "bottom": "0",
                                    "left": "0",
                                    "isLinked": false
                                }
                            },
                            "elements": [],
                            "isInner": false,
                            "widgetType": "navigation-menu",
                            "elType": "widget"
                        }
                    ],
                    "isInner": false,
                    "elType": "column"
                }
            ],
            "isInner": false,
            "elType": "section"
        }
    ],
    "page_settings": {
        "eael_ext_toc_title": "Table of Contents",
        "template": "elementor_canvas"
    }
}