{
    "version": "0.4",
    "title": "Metform Contact",
    "type": "section",
    "metadata": {
        "template_type": "section-other",
        "include_in_zip": "1",
        "elementor_pro_required": null,
        "wp_page_template": "elementor_canvas"
    },
    "content": [
        {
            "id": "48d223f5",
            "settings": [],
            "elements": [
                {
                    "id": "14cce470",
                    "settings": {
                        "_column_size": 100,
                        "_inline_size": null
                    },
                    "elements": [
                        {
                            "id": "3b288d3b",
                            "settings": {
                                "mf_input_label": "First Name ",
                                "mf_input_placeholder": "First Name",
                                "mf_input_validation_warning_message": "This field is required.",
                                "__globals__": {
                                    "mf_input_label_color": "globals\/colors?id=5ed9f41",
                                    "mf_input_label_typography_typography": "globals\/typography?id=be0f255",
                                    "mf_input_background_color": "globals\/colors?id=15823ef"
                                },
                                "mf_input_label_padding": {
                                    "unit": "px",
                                    "top": "0",
                                    "right": "0",
                                    "bottom": "10",
                                    "left": "0",
                                    "isLinked": false
                                },
                                "mf_input_background_background": "classic"
                            },
                            "elements": [],
                            "isInner": false,
                            "widgetType": "mf-listing-fname",
                            "elType": "widget"
                        },
                        {
                            "id": "174e84c4",
                            "settings": {
                                "mf_input_label": "Last Name ",
                                "mf_input_placeholder": "Last Name",
                                "mf_input_validation_warning_message": "This field is required.",
                                "__globals__": {
                                    "mf_input_label_color": "globals\/colors?id=5ed9f41",
                                    "mf_input_label_typography_typography": "globals\/typography?id=be0f255",
                                    "mf_input_background_color": "globals\/colors?id=15823ef"
                                },
                                "mf_input_label_padding": {
                                    "unit": "px",
                                    "top": "0",
                                    "right": "0",
                                    "bottom": "10",
                                    "left": "0",
                                    "isLinked": false
                                },
                                "mf_input_background_background": "classic"
                            },
                            "elements": [],
                            "isInner": false,
                            "widgetType": "mf-listing-lname",
                            "elType": "widget"
                        },
                        {
                            "id": "3d814616",
                            "settings": {
                                "mf_input_label": "Email",
                                "mf_input_name": "mf-email",
                                "mf_input_placeholder": "Email",
                                "mf_input_validation_warning_message": "This field is required.",
                                "__globals__": {
                                    "mf_input_label_color": "globals\/colors?id=5ed9f41",
                                    "mf_input_label_typography_typography": "globals\/typography?id=be0f255",
                                    "mf_input_background_color": "globals\/colors?id=15823ef"
                                },
                                "mf_input_label_padding": {
                                    "unit": "px",
                                    "top": "0",
                                    "right": "0",
                                    "bottom": "10",
                                    "left": "0",
                                    "isLinked": false
                                },
                                "mf_input_background_background": "classic"
                            },
                            "elements": [],
                            "isInner": false,
                            "widgetType": "mf-email",
                            "elType": "widget"
                        },
                        {
                            "id": "62558e69",
                            "settings": {
                                "mf_input_label": "Message",
                                "mf_input_name": "mf-text",
                                "mf_input_placeholder": "Your text here",
                                "mf_input_validation_warning_message": "This field is required.",
                                "__globals__": {
                                    "mf_input_label_color": "globals\/colors?id=5ed9f41",
                                    "mf_input_label_typography_typography": "globals\/typography?id=be0f255",
                                    "mf_input_background_color": "globals\/colors?id=15823ef"
                                },
                                "mf_input_label_padding": {
                                    "unit": "px",
                                    "top": "0",
                                    "right": "0",
                                    "bottom": "15",
                                    "left": "0",
                                    "isLinked": false
                                },
                                "mf_input_label_margin": {
                                    "unit": "px",
                                    "top": "0",
                                    "right": "0",
                                    "bottom": "0",
                                    "left": "0",
                                    "isLinked": false
                                },
                                "mf_input_padding": {
                                    "unit": "px",
                                    "top": "10",
                                    "right": "0",
                                    "bottom": "60",
                                    "left": "10",
                                    "isLinked": false
                                },
                                "mf_input_background_background": "classic"
                            },
                            "elements": [],
                            "isInner": false,
                            "widgetType": "mf-text",
                            "elType": "widget"
                        },
                        {
                            "id": "1eeb4c0a",
                            "settings": {
                                "mf_btn_text": "Submit",
                                "mf_btn_align": "justify",
                                "mf_hidden_input": [],
                                "mf_btn_bg_color_background": "classic",
                                "mf_btn_bg_hover_color_background": "classic",
                                "mf_btn_box_shadow_group_box_shadow_type": "yes",
                                "mf_btn_box_shadow_group_box_shadow": {
                                    "horizontal": 0,
                                    "vertical": 0,
                                    "blur": 10,
                                    "spread": 0,
                                    "color": "rgba(0, 0, 0, 0)"
                                },
                                "_margin": {
                                    "unit": "px",
                                    "top": "30",
                                    "right": "0",
                                    "bottom": "0",
                                    "left": "0",
                                    "isLinked": false
                                },
                                "_padding": {
                                    "unit": "px",
                                    "top": "0",
                                    "right": "0",
                                    "bottom": "0",
                                    "left": "0",
                                    "isLinked": false
                                },
                                "__globals__": {
                                    "mf_btn_bg_color_color": "globals\/colors?id=514fa81",
                                    "mf_btn_hover_color": "globals\/colors?id=514fa81",
                                    "mf_btn_bg_hover_color_color": "globals\/colors?id=primary"
                                },
                                "mf_btn_text_padding": {
                                    "unit": "px",
                                    "top": "15",
                                    "right": "20",
                                    "bottom": "15",
                                    "left": "20",
                                    "isLinked": false
                                },
                                "mf_btn_align_tablet": "justify",
                                "mf_btn_align_mobile": "justify"
                            },
                            "elements": [],
                            "isInner": false,
                            "widgetType": "mf-button",
                            "elType": "widget"
                        }
                    ],
                    "isInner": false,
                    "elType": "column"
                }
            ],
            "isInner": false,
            "elType": "section"
        }
    ],
    "page_settings": {
        "eael_ext_toc_title": "Table of Contents",
        "template": "elementor_canvas"
    }
}