{
    "version": "0.4",
    "title": "Team",
    "type": "page",
    "metadata": {
        "template_type": "single-page",
        "include_in_zip": "1",
        "elementor_pro_required": null,
        "wp_page_template": "elementor_header_footer"
    },
    "content": [
        {
            "id": "6f7bba6a",
            "settings": {
                "background_background": "classic",
                "background_image": {
                    "id": 587,
                    "url": "https:\/\/kitpro.site\/rabio\/wp-content\/uploads\/sites\/22\/2021\/04\/portrait-of-groom-and-groomsmen-standing-with-hand-FCWJ6HR.jpg"
                },
                "margin": {
                    "unit": "px",
                    "top": "0",
                    "right": 0,
                    "bottom": "0",
                    "left": 0,
                    "isLinked": false
                },
                "padding": {
                    "unit": "px",
                    "top": "200",
                    "right": "0",
                    "bottom": "160",
                    "left": "0",
                    "isLinked": false
                },
                "background_position": "top center",
                "background_size": "cover",
                "background_overlay_background": "gradient",
                "__globals__": {
                    "background_overlay_color": "globals\/colors?id=primary",
                    "background_overlay_color_b": "globals\/colors?id=accent"
                },
                "background_overlay_opacity": {
                    "unit": "px",
                    "size": 0.8,
                    "sizes": []
                },
                "background_overlay_color_stop": {
                    "unit": "%",
                    "size": 17,
                    "sizes": []
                },
                "margin_tablet": {
                    "unit": "px",
                    "top": "0",
                    "right": 0,
                    "bottom": "0",
                    "left": 0,
                    "isLinked": false
                },
                "padding_tablet": {
                    "unit": "px",
                    "top": "100",
                    "right": "30",
                    "bottom": "140",
                    "left": "30",
                    "isLinked": false
                }
            },
            "elements": [
                {
                    "id": "22da8a78",
                    "settings": {
                        "_column_size": 100,
                        "_inline_size": null,
                        "margin_tablet": {
                            "unit": "px",
                            "top": "0",
                            "right": "0",
                            "bottom": "0",
                            "left": "0",
                            "isLinked": false
                        },
                        "margin_mobile": {
                            "unit": "px",
                            "top": "50",
                            "right": "0",
                            "bottom": "0",
                            "left": "0",
                            "isLinked": false
                        },
                        "padding_tablet": {
                            "unit": "px",
                            "top": "200",
                            "right": "0",
                            "bottom": "0",
                            "left": "0",
                            "isLinked": false
                        },
                        "padding_mobile": {
                            "unit": "px",
                            "top": "0",
                            "right": "0",
                            "bottom": "0",
                            "left": "0",
                            "isLinked": false
                        },
                        "content_position": "center",
                        "align": "center",
                        "margin": {
                            "unit": "px",
                            "top": "0",
                            "right": "0",
                            "bottom": "0",
                            "left": "0",
                            "isLinked": false
                        },
                        "padding": {
                            "unit": "px",
                            "top": "100",
                            "right": "0",
                            "bottom": "0",
                            "left": "0",
                            "isLinked": false
                        }
                    },
                    "elements": [
                        {
                            "id": "1d1680e3",
                            "settings": {
                                "image": {
                                    "id": 709,
                                    "url": "https:\/\/kitpro.site\/rabio\/wp-content\/uploads\/sites\/22\/2021\/04\/8browndark-1.png"
                                },
                                "_element_width": "initial",
                                "_element_custom_width": {
                                    "unit": "px",
                                    "size": 103
                                },
                                "_offset_x": {
                                    "size": 771,
                                    "unit": "px"
                                },
                                "_offset_y": {
                                    "size": 132,
                                    "unit": "px"
                                },
                                "_offset_x_tablet": {
                                    "size": 472,
                                    "unit": "px"
                                },
                                "_offset_x_mobile": {
                                    "size": 77,
                                    "unit": "px"
                                },
                                "_offset_y_tablet": {
                                    "size": 221,
                                    "unit": "px"
                                },
                                "_offset_y_mobile": {
                                    "size": 115,
                                    "unit": "px"
                                },
                                "hide_mobile": "hidden-phone"
                            },
                            "elements": [],
                            "isInner": false,
                            "widgetType": "image",
                            "elType": "widget"
                        },
                        {
                            "id": "2bfd1357",
                            "settings": {
                                "title": "Our Team",
                                "header_size": "h1",
                                "align": "center",
                                "_margin": {
                                    "unit": "px",
                                    "top": "0",
                                    "right": "0",
                                    "bottom": "0",
                                    "left": "0",
                                    "isLinked": false
                                },
                                "_padding": {
                                    "unit": "px",
                                    "top": "0",
                                    "right": "20",
                                    "bottom": "0",
                                    "left": "20",
                                    "isLinked": false
                                },
                                "__globals__": {
                                    "title_color": "globals\/colors?id=ead5059"
                                },
                                "_margin_tablet": {
                                    "unit": "px",
                                    "top": "0",
                                    "right": "0",
                                    "bottom": "0",
                                    "left": "0",
                                    "isLinked": false
                                },
                                "_margin_mobile": {
                                    "unit": "px",
                                    "top": "0",
                                    "right": "0",
                                    "bottom": "0",
                                    "left": "0",
                                    "isLinked": false
                                },
                                "_padding_tablet": {
                                    "unit": "px",
                                    "top": "0",
                                    "right": "20",
                                    "bottom": "0",
                                    "left": "20",
                                    "isLinked": false
                                },
                                "_padding_mobile": {
                                    "unit": "px",
                                    "top": "0",
                                    "right": "0",
                                    "bottom": "0",
                                    "left": "0",
                                    "isLinked": true
                                },
                                "_element_width": "auto"
                            },
                            "elements": [],
                            "isInner": false,
                            "widgetType": "heading",
                            "elType": "widget"
                        },
                        {
                            "id": "1455c672",
                            "settings": {
                                "image": {
                                    "id": 709,
                                    "url": "https:\/\/kitpro.site\/rabio\/wp-content\/uploads\/sites\/22\/2021\/04\/8browndark-1.png"
                                },
                                "_element_width": "initial",
                                "_element_custom_width": {
                                    "unit": "px",
                                    "size": 103
                                },
                                "_offset_x": {
                                    "size": 268,
                                    "unit": "px"
                                },
                                "_offset_y": {
                                    "size": 131,
                                    "unit": "px"
                                },
                                "_offset_x_tablet": {
                                    "size": 115,
                                    "unit": "px"
                                },
                                "_offset_x_mobile": {
                                    "size": 79,
                                    "unit": "px"
                                },
                                "_offset_y_tablet": {
                                    "size": 220,
                                    "unit": "px"
                                },
                                "_offset_y_mobile": {
                                    "size": 149,
                                    "unit": "px"
                                },
                                "hide_mobile": "hidden-phone"
                            },
                            "elements": [],
                            "isInner": false,
                            "widgetType": "image",
                            "elType": "widget"
                        },
                        {
                            "id": "2b22a07f",
                            "settings": {
                                "editor": "<p>Lorem ipsum dolor sit amet<\/p>",
                                "align": "center",
                                "__globals__": {
                                    "text_color": "globals\/colors?id=db813e0"
                                },
                                "_margin_tablet": {
                                    "unit": "px",
                                    "top": "0",
                                    "right": "0",
                                    "bottom": "0",
                                    "left": "0",
                                    "isLinked": false
                                },
                                "_padding_tablet": {
                                    "unit": "px",
                                    "top": "20",
                                    "right": "0",
                                    "bottom": "0",
                                    "left": "0",
                                    "isLinked": false
                                },
                                "_margin": {
                                    "unit": "px",
                                    "top": "0",
                                    "right": "0",
                                    "bottom": "0",
                                    "left": "0",
                                    "isLinked": false
                                },
                                "_padding": {
                                    "unit": "px",
                                    "top": "20",
                                    "right": "0",
                                    "bottom": "0",
                                    "left": "0",
                                    "isLinked": false
                                }
                            },
                            "elements": [],
                            "isInner": false,
                            "widgetType": "text-editor",
                            "elType": "widget"
                        }
                    ],
                    "isInner": false,
                    "elType": "column"
                }
            ],
            "isInner": false,
            "elType": "section"
        },
        {
            "id": "6eeff50a",
            "settings": {
                "structure": "20",
                "margin": {
                    "unit": "px",
                    "top": "0",
                    "right": 0,
                    "bottom": "0",
                    "left": 0,
                    "isLinked": false
                },
                "padding": {
                    "unit": "px",
                    "top": "100",
                    "right": "0",
                    "bottom": "100",
                    "left": "0",
                    "isLinked": false
                },
                "margin_tablet": {
                    "unit": "px",
                    "top": "0",
                    "right": 0,
                    "bottom": "0",
                    "left": 0,
                    "isLinked": false
                },
                "margin_mobile": {
                    "unit": "px",
                    "top": "0",
                    "right": 0,
                    "bottom": "0",
                    "left": 0,
                    "isLinked": false
                },
                "padding_tablet": {
                    "unit": "px",
                    "top": "100",
                    "right": "30",
                    "bottom": "100",
                    "left": "30",
                    "isLinked": false
                },
                "padding_mobile": {
                    "unit": "px",
                    "top": "100",
                    "right": "20",
                    "bottom": "100",
                    "left": "20",
                    "isLinked": false
                },
                "reverse_order_mobile": "reverse-mobile"
            },
            "elements": [
                {
                    "id": "9e30e7d",
                    "settings": {
                        "_column_size": 50,
                        "_inline_size": 49.721,
                        "margin": {
                            "unit": "px",
                            "top": "0",
                            "right": "0",
                            "bottom": "0",
                            "left": "0",
                            "isLinked": false
                        },
                        "padding": {
                            "unit": "px",
                            "top": "0",
                            "right": "0",
                            "bottom": "0",
                            "left": "0",
                            "isLinked": false
                        },
                        "margin_tablet": {
                            "unit": "px",
                            "top": "0",
                            "right": "25",
                            "bottom": "0",
                            "left": "0",
                            "isLinked": false
                        },
                        "margin_mobile": {
                            "unit": "px",
                            "top": "0",
                            "right": "0",
                            "bottom": "0",
                            "left": "0",
                            "isLinked": false
                        },
                        "padding_tablet": {
                            "unit": "px",
                            "top": "0",
                            "right": "0",
                            "bottom": "0",
                            "left": "0",
                            "isLinked": false
                        },
                        "padding_mobile": {
                            "unit": "px",
                            "top": "0",
                            "right": "0",
                            "bottom": "0",
                            "left": "0",
                            "isLinked": false
                        }
                    },
                    "elements": [
                        {
                            "id": "52d66d3c",
                            "settings": {
                                "title": "Antonnio Alexei",
                                "_margin": {
                                    "unit": "px",
                                    "top": "0",
                                    "right": "0",
                                    "bottom": "0",
                                    "left": "0",
                                    "isLinked": false
                                },
                                "_padding": {
                                    "unit": "px",
                                    "top": "0",
                                    "right": "0",
                                    "bottom": "0",
                                    "left": "0",
                                    "isLinked": false
                                },
                                "align_mobile": "center",
                                "_margin_mobile": {
                                    "unit": "px",
                                    "top": "0",
                                    "right": "0",
                                    "bottom": "0",
                                    "left": "0",
                                    "isLinked": false
                                },
                                "_padding_mobile": {
                                    "unit": "px",
                                    "top": "25",
                                    "right": "0",
                                    "bottom": "0",
                                    "left": "0",
                                    "isLinked": false
                                }
                            },
                            "elements": [],
                            "isInner": false,
                            "widgetType": "heading",
                            "elType": "widget"
                        },
                        {
                            "id": "4d9f5bb8",
                            "settings": {
                                "title": "Event Director",
                                "header_size": "h3",
                                "__globals__": {
                                    "typography_typography": "globals\/typography?id=be0f255"
                                },
                                "align_mobile": "center"
                            },
                            "elements": [],
                            "isInner": false,
                            "widgetType": "heading",
                            "elType": "widget"
                        },
                        {
                            "id": "b5e34e5",
                            "settings": {
                                "editor": "<p>Nullam vitae nibh eget sapien iaculis dapibus. Nulla vitae accumsan felis. Pellentesque ac dapibus nisl. Nullam laoreet massa vitae cursus scelerisque. Nulla id justo eleifend, luctus metus nec, porttitor diam. <\/p>",
                                "_margin": {
                                    "unit": "px",
                                    "top": "0",
                                    "right": "0",
                                    "bottom": "0",
                                    "left": "0",
                                    "isLinked": false
                                },
                                "_padding": {
                                    "unit": "px",
                                    "top": "0",
                                    "right": "0",
                                    "bottom": "0",
                                    "left": "0",
                                    "isLinked": false
                                },
                                "align_mobile": "center",
                                "_margin_mobile": {
                                    "unit": "px",
                                    "top": "0",
                                    "right": "0",
                                    "bottom": "0",
                                    "left": "0",
                                    "isLinked": false
                                },
                                "_padding_mobile": {
                                    "unit": "px",
                                    "top": "0",
                                    "right": "0",
                                    "bottom": "0",
                                    "left": "0",
                                    "isLinked": false
                                }
                            },
                            "elements": [],
                            "isInner": false,
                            "widgetType": "text-editor",
                            "elType": "widget"
                        },
                        {
                            "id": "660908ed",
                            "settings": {
                                "title": "Portfolio",
                                "header_size": "h3",
                                "__globals__": {
                                    "typography_typography": "globals\/typography?id=be0f255"
                                },
                                "align_mobile": "center",
                                "_margin_mobile": {
                                    "unit": "px",
                                    "top": "0",
                                    "right": "0",
                                    "bottom": "0",
                                    "left": "0",
                                    "isLinked": false
                                },
                                "_padding_mobile": {
                                    "unit": "px",
                                    "top": "0",
                                    "right": "0",
                                    "bottom": "0",
                                    "left": "0",
                                    "isLinked": false
                                }
                            },
                            "elements": [],
                            "isInner": false,
                            "widgetType": "heading",
                            "elType": "widget"
                        },
                        {
                            "id": "724607cb",
                            "settings": {
                                "eael_fg_items_to_show": "3",
                                "eael_fg_filter_duration": 500,
                                "eael_fg_grid_style": "masonry",
                                "eael_fg_grid_item_height": "300",
                                "eael_fg_grid_hover_style": "eael-fade-in",
                                "eael_section_fg_mfp_caption": "yes",
                                "eael_section_fg_full_image_clickable": "yes",
                                "filter_enable": "",
                                "eael_fg_all_label_text": "All",
                                "eael_fg_controls": [
                                    {
                                        "eael_fg_control": "Gallery Item",
                                        "_id": "a6ccc1e"
                                    }
                                ],
                                "eael_fg_gallery_items": [
                                    {
                                        "eael_fg_gallery_item_name": "",
                                        "_id": "9cc513a",
                                        "eael_fg_gallery_item_video_link": "https:\/\/www.youtube.com\/watch?v=kB4U67tiQLA",
                                        "fg_item_price": "$20.00",
                                        "fg_item_ratings": "5",
                                        "fg_item_cat": "Essential Addons",
                                        "eael_fg_gallery_item_content": "",
                                        "eael_fg_gallery_img": {
                                            "id": 570,
                                            "url": "https:\/\/kitpro.site\/rabio\/wp-content\/uploads\/sites\/22\/2021\/04\/elegant-wedding-arch-in-olive-trees-park-EBK6U54.jpg"
                                        },
                                        "fg_video_gallery_play_icon": {
                                            "id": "35",
                                            "url": "https:\/\/kitpro.site\/rabio\/wp-content\/uploads\/sites\/22\/2021\/04\/play-icon.png"
                                        }
                                    },
                                    {
                                        "eael_fg_gallery_item_name": "",
                                        "_id": "fc2d8a5",
                                        "eael_fg_gallery_item_video_link": "https:\/\/www.youtube.com\/watch?v=kB4U67tiQLA",
                                        "fg_item_price": "$20.00",
                                        "fg_item_ratings": "5",
                                        "fg_item_cat": "Essential Addons",
                                        "eael_fg_gallery_item_content": "",
                                        "eael_fg_gallery_img": {
                                            "id": 559,
                                            "url": "https:\/\/kitpro.site\/rabio\/wp-content\/uploads\/sites\/22\/2021\/04\/beautiful-stylish-wedding-aisle-pathway-with-white-NP8GGJJ.jpg"
                                        },
                                        "fg_video_gallery_play_icon": {
                                            "id": "35",
                                            "url": "https:\/\/kitpro.site\/rabio\/wp-content\/uploads\/sites\/22\/2021\/04\/play-icon.png"
                                        }
                                    },
                                    {
                                        "eael_fg_gallery_item_name": "",
                                        "_id": "89f645d",
                                        "eael_fg_gallery_item_video_link": "https:\/\/www.youtube.com\/watch?v=kB4U67tiQLA",
                                        "fg_item_price": "$20.00",
                                        "fg_item_ratings": "5",
                                        "fg_item_cat": "Essential Addons",
                                        "eael_fg_gallery_item_content": "",
                                        "eael_fg_gallery_img": {
                                            "id": 566,
                                            "url": "https:\/\/kitpro.site\/rabio\/wp-content\/uploads\/sites\/22\/2021\/04\/cozy-rustic-wedding-ceremony-with-flower-arch-and-LMCFPPL.jpg"
                                        },
                                        "fg_video_gallery_play_icon": {
                                            "id": "35",
                                            "url": "https:\/\/kitpro.site\/rabio\/wp-content\/uploads\/sites\/22\/2021\/04\/play-icon.png"
                                        }
                                    }
                                ],
                                "images_per_page": 6,
                                "load_more_text": "Load More",
                                "nomore_items_text": "No more items!",
                                "eael_fg_container_padding": {
                                    "unit": "px",
                                    "top": "0",
                                    "right": "0",
                                    "bottom": "0",
                                    "left": "0",
                                    "isLinked": false
                                },
                                "eael_fg_container_margin": {
                                    "unit": "px",
                                    "top": "0",
                                    "right": "-10",
                                    "bottom": "0",
                                    "left": "-10",
                                    "isLinked": false
                                },
                                "eael_fg_video_item_icon_hover_scale": "1.1",
                                "fg_sf_placeholder": "Search Gallery Item...",
                                "_margin": {
                                    "unit": "px",
                                    "top": "0",
                                    "right": "0",
                                    "bottom": "0",
                                    "left": "0",
                                    "isLinked": false
                                },
                                "_padding": {
                                    "unit": "px",
                                    "top": "0",
                                    "right": "0",
                                    "bottom": "0",
                                    "left": "0",
                                    "isLinked": false
                                },
                                "columns_tablet": "3",
                                "eael_fg_container_padding_mobile": {
                                    "unit": "px",
                                    "top": "0",
                                    "right": "0",
                                    "bottom": "0",
                                    "left": "0",
                                    "isLinked": false
                                },
                                "eael_fg_container_margin_mobile": {
                                    "unit": "px",
                                    "top": "0",
                                    "right": "0",
                                    "bottom": "0",
                                    "left": "0",
                                    "isLinked": false
                                },
                                "eael_fg_item_container_padding_mobile": {
                                    "unit": "px",
                                    "top": "0",
                                    "right": "0",
                                    "bottom": "0",
                                    "left": "0",
                                    "isLinked": true
                                },
                                "eael_fg_item_container_margin_mobile": {
                                    "unit": "px",
                                    "top": "15",
                                    "right": "0",
                                    "bottom": "15",
                                    "left": "0",
                                    "isLinked": false
                                },
                                "_z_index_mobile": 1,
                                "_margin_mobile": {
                                    "unit": "px",
                                    "top": "20",
                                    "right": "0",
                                    "bottom": "0",
                                    "left": "0",
                                    "isLinked": false
                                },
                                "_padding_mobile": {
                                    "unit": "px",
                                    "top": "0",
                                    "right": "0",
                                    "bottom": "0",
                                    "left": "0",
                                    "isLinked": false
                                }
                            },
                            "elements": [],
                            "isInner": false,
                            "widgetType": "eael-filterable-gallery",
                            "elType": "widget"
                        },
                        {
                            "id": "7b54ea6a",
                            "settings": {
                                "social_icon_list": [
                                    {
                                        "social_icon": {
                                            "value": "fab fa-facebook",
                                            "library": "fa-brands"
                                        },
                                        "_id": "8eb063f"
                                    },
                                    {
                                        "social_icon": {
                                            "value": "fab fa-whatsapp",
                                            "library": "fa-brands"
                                        },
                                        "_id": "3f2bdb6",
                                        "item_icon_color": "custom",
                                        "__globals__": {
                                            "item_icon_primary_color": "globals\/colors?id=514fa81"
                                        }
                                    },
                                    {
                                        "social_icon": {
                                            "value": "fab fa-instagram",
                                            "library": "fa-brands"
                                        },
                                        "_id": "6e5affe"
                                    }
                                ],
                                "align": "left",
                                "icon_color": "custom",
                                "__globals__": {
                                    "icon_primary_color": "globals\/colors?id=514fa81",
                                    "hover_primary_color": "globals\/colors?id=accent"
                                },
                                "icon_size": {
                                    "unit": "px",
                                    "size": 20,
                                    "sizes": []
                                },
                                "align_mobile": "center",
                                "_z_index_mobile": 1
                            },
                            "elements": [],
                            "isInner": false,
                            "widgetType": "social-icons",
                            "elType": "widget"
                        }
                    ],
                    "isInner": false,
                    "elType": "column"
                },
                {
                    "id": "18f9d6ad",
                    "settings": {
                        "_column_size": 50,
                        "_inline_size": 50.234,
                        "margin": {
                            "unit": "px",
                            "top": "0",
                            "right": "0",
                            "bottom": "0",
                            "left": "0",
                            "isLinked": false
                        },
                        "padding": {
                            "unit": "px",
                            "top": "0",
                            "right": "0",
                            "bottom": "0",
                            "left": "0",
                            "isLinked": false
                        },
                        "margin_tablet": {
                            "unit": "px",
                            "top": "0",
                            "right": "0",
                            "bottom": "0",
                            "left": "0",
                            "isLinked": false
                        },
                        "margin_mobile": {
                            "unit": "px",
                            "top": "0",
                            "right": "0",
                            "bottom": "0",
                            "left": "0",
                            "isLinked": false
                        },
                        "padding_tablet": {
                            "unit": "px",
                            "top": "0",
                            "right": "0",
                            "bottom": "0",
                            "left": "0",
                            "isLinked": false
                        },
                        "padding_mobile": {
                            "unit": "px",
                            "top": "0",
                            "right": "0",
                            "bottom": "0",
                            "left": "0",
                            "isLinked": false
                        },
                        "z_index_mobile": 0
                    },
                    "elements": [
                        {
                            "id": "630a6c60",
                            "settings": {
                                "image": {
                                    "id": "100",
                                    "url": "https:\/\/kitpro.site\/rabio\/wp-content\/uploads\/sites\/22\/2021\/04\/CEO.jpg"
                                },
                                "width": {
                                    "unit": "%",
                                    "size": 70,
                                    "sizes": []
                                },
                                "width_tablet": {
                                    "unit": "%",
                                    "size": 100,
                                    "sizes": []
                                },
                                "_margin_mobile": {
                                    "unit": "px",
                                    "top": "0",
                                    "right": "0",
                                    "bottom": "0",
                                    "left": "0",
                                    "isLinked": false
                                },
                                "_padding_mobile": {
                                    "unit": "px",
                                    "top": "0",
                                    "right": "0",
                                    "bottom": "0",
                                    "left": "0",
                                    "isLinked": false
                                }
                            },
                            "elements": [],
                            "isInner": false,
                            "widgetType": "image",
                            "elType": "widget"
                        }
                    ],
                    "isInner": false,
                    "elType": "column"
                }
            ],
            "isInner": false,
            "elType": "section"
        },
        {
            "id": "42db4285",
            "settings": {
                "background_background": "classic",
                "background_image": {
                    "id": 572,
                    "url": "https:\/\/kitpro.site\/rabio\/wp-content\/uploads\/sites\/22\/2021\/04\/field-on-sunset-PGTRQRW.jpg"
                },
                "background_position": "center center",
                "background_size": "cover",
                "background_overlay_background": "classic",
                "background_overlay_opacity": {
                    "unit": "px",
                    "size": 0.75,
                    "sizes": []
                },
                "margin": {
                    "unit": "px",
                    "top": "0",
                    "right": 0,
                    "bottom": "0",
                    "left": 0,
                    "isLinked": false
                },
                "padding": {
                    "unit": "px",
                    "top": "100",
                    "right": "0",
                    "bottom": "100",
                    "left": "0",
                    "isLinked": false
                },
                "__globals__": {
                    "background_color": "",
                    "background_overlay_color": "globals\/colors?id=4b5551d"
                },
                "margin_tablet": {
                    "unit": "px",
                    "top": "0",
                    "right": 0,
                    "bottom": "0",
                    "left": 0,
                    "isLinked": false
                },
                "margin_mobile": {
                    "unit": "px",
                    "top": "0",
                    "right": 0,
                    "bottom": "0",
                    "left": 0,
                    "isLinked": false
                },
                "padding_tablet": {
                    "unit": "px",
                    "top": "100",
                    "right": "30",
                    "bottom": "100",
                    "left": "30",
                    "isLinked": false
                },
                "padding_mobile": {
                    "unit": "px",
                    "top": "100",
                    "right": "20",
                    "bottom": "100",
                    "left": "20",
                    "isLinked": false
                }
            },
            "elements": [
                {
                    "id": "55b71096",
                    "settings": {
                        "_column_size": 100,
                        "_inline_size": null,
                        "margin": {
                            "unit": "px",
                            "top": "0",
                            "right": "0",
                            "bottom": "0",
                            "left": "0",
                            "isLinked": false
                        },
                        "padding": {
                            "unit": "px",
                            "top": "0",
                            "right": "0",
                            "bottom": "0",
                            "left": "0",
                            "isLinked": false
                        }
                    },
                    "elements": [
                        {
                            "id": "27821900",
                            "settings": {
                                "title": "Our Top Officer",
                                "align": "center",
                                "__globals__": {
                                    "title_color": "globals\/colors?id=15823ef"
                                }
                            },
                            "elements": [],
                            "isInner": false,
                            "widgetType": "heading",
                            "elType": "widget"
                        },
                        {
                            "id": "6622cf16",
                            "settings": {
                                "image": {
                                    "id": 755,
                                    "url": "https:\/\/kitpro.site\/rabio\/wp-content\/uploads\/sites\/22\/2021\/04\/6white.png"
                                },
                                "align": "center",
                                "width": {
                                    "unit": "%",
                                    "size": 13,
                                    "sizes": []
                                },
                                "css_filters_contrast": {
                                    "unit": "px",
                                    "size": 105,
                                    "sizes": []
                                },
                                "_margin": {
                                    "unit": "px",
                                    "top": "-20",
                                    "right": "0",
                                    "bottom": "0",
                                    "left": "0",
                                    "isLinked": false
                                },
                                "_padding": {
                                    "unit": "px",
                                    "top": "0",
                                    "right": "0",
                                    "bottom": "0",
                                    "left": "0",
                                    "isLinked": false
                                },
                                "width_tablet": {
                                    "unit": "%",
                                    "size": 18,
                                    "sizes": []
                                },
                                "css_filters_brightness": {
                                    "unit": "px",
                                    "size": 200,
                                    "sizes": []
                                },
                                "css_filters_saturate": {
                                    "unit": "px",
                                    "size": 0,
                                    "sizes": []
                                },
                                "css_filters_hue": {
                                    "unit": "px",
                                    "size": 74,
                                    "sizes": []
                                }
                            },
                            "elements": [],
                            "isInner": false,
                            "widgetType": "image",
                            "elType": "widget"
                        },
                        {
                            "id": "471c906d",
                            "settings": {
                                "structure": "30",
                                "margin": {
                                    "unit": "px",
                                    "top": "0",
                                    "right": 0,
                                    "bottom": "0",
                                    "left": 0,
                                    "isLinked": false
                                },
                                "padding": {
                                    "unit": "px",
                                    "top": "20",
                                    "right": "0",
                                    "bottom": "0",
                                    "left": "0",
                                    "isLinked": false
                                }
                            },
                            "elements": [
                                {
                                    "id": "59243fc",
                                    "settings": {
                                        "_column_size": 33,
                                        "_inline_size": null,
                                        "background_background": "classic",
                                        "margin": {
                                            "unit": "px",
                                            "top": "0",
                                            "right": "70",
                                            "bottom": "0",
                                            "left": "0",
                                            "isLinked": false
                                        },
                                        "padding": {
                                            "unit": "px",
                                            "top": "45",
                                            "right": "0",
                                            "bottom": "45",
                                            "left": "0",
                                            "isLinked": false
                                        },
                                        "__globals__": {
                                            "background_color": "globals\/colors?id=0beaddc"
                                        },
                                        "margin_tablet": {
                                            "unit": "px",
                                            "top": "0",
                                            "right": "16",
                                            "bottom": "0",
                                            "left": "0",
                                            "isLinked": false
                                        },
                                        "margin_mobile": {
                                            "unit": "px",
                                            "top": "0",
                                            "right": "0",
                                            "bottom": "35",
                                            "left": "0",
                                            "isLinked": false
                                        },
                                        "padding_tablet": {
                                            "unit": "em",
                                            "top": "",
                                            "right": "",
                                            "bottom": "",
                                            "left": "",
                                            "isLinked": false
                                        },
                                        "padding_mobile": {
                                            "unit": "px",
                                            "top": "",
                                            "right": "",
                                            "bottom": "",
                                            "left": "",
                                            "isLinked": false
                                        }
                                    },
                                    "elements": [
                                        {
                                            "id": "2f186ea4",
                                            "settings": {
                                                "image": {
                                                    "id": "103",
                                                    "url": "https:\/\/kitpro.site\/rabio\/wp-content\/uploads\/sites\/22\/2021\/04\/Co-director.jpg"
                                                },
                                                "width": {
                                                    "unit": "%",
                                                    "size": 65,
                                                    "sizes": []
                                                }
                                            },
                                            "elements": [],
                                            "isInner": false,
                                            "widgetType": "image",
                                            "elType": "widget"
                                        },
                                        {
                                            "id": "370556a6",
                                            "settings": {
                                                "title": "Natasha Valkoff",
                                                "header_size": "h3",
                                                "align": "center",
                                                "__globals__": {
                                                    "typography_typography": "globals\/typography?id=be0f255",
                                                    "title_color": "globals\/colors?id=15823ef"
                                                }
                                            },
                                            "elements": [],
                                            "isInner": false,
                                            "widgetType": "heading",
                                            "elType": "widget"
                                        },
                                        {
                                            "id": "32b338c5",
                                            "settings": {
                                                "title": "Co-Director",
                                                "header_size": "h4",
                                                "align": "center",
                                                "__globals__": {
                                                    "typography_typography": "globals\/typography?id=text",
                                                    "title_color": "globals\/colors?id=primary"
                                                }
                                            },
                                            "elements": [],
                                            "isInner": false,
                                            "widgetType": "heading",
                                            "elType": "widget"
                                        },
                                        {
                                            "id": "36acb35",
                                            "settings": {
                                                "social_icon_list": [
                                                    {
                                                        "social_icon": {
                                                            "value": "fab fa-facebook",
                                                            "library": "fa-brands"
                                                        },
                                                        "_id": "03dc5e5"
                                                    },
                                                    {
                                                        "social_icon": {
                                                            "value": "fab fa-instagram",
                                                            "library": "fa-brands"
                                                        },
                                                        "_id": "303e13e"
                                                    },
                                                    {
                                                        "social_icon": {
                                                            "value": "fab fa-whatsapp",
                                                            "library": "fa-brands"
                                                        },
                                                        "_id": "251128a"
                                                    }
                                                ],
                                                "icon_color": "custom",
                                                "__globals__": {
                                                    "icon_primary_color": "globals\/colors?id=514fa81",
                                                    "hover_primary_color": "globals\/colors?id=accent"
                                                },
                                                "icon_size": {
                                                    "unit": "px",
                                                    "size": 20,
                                                    "sizes": []
                                                }
                                            },
                                            "elements": [],
                                            "isInner": false,
                                            "widgetType": "social-icons",
                                            "elType": "widget"
                                        }
                                    ],
                                    "isInner": true,
                                    "elType": "column"
                                },
                                {
                                    "id": "1258b2ad",
                                    "settings": {
                                        "_column_size": 33,
                                        "_inline_size": null,
                                        "background_background": "classic",
                                        "margin": {
                                            "unit": "px",
                                            "top": "0",
                                            "right": "35",
                                            "bottom": "0",
                                            "left": "35",
                                            "isLinked": false
                                        },
                                        "padding": {
                                            "unit": "px",
                                            "top": "45",
                                            "right": "0",
                                            "bottom": "45",
                                            "left": "0",
                                            "isLinked": false
                                        },
                                        "__globals__": {
                                            "background_color": "globals\/colors?id=0beaddc"
                                        },
                                        "margin_tablet": {
                                            "unit": "px",
                                            "top": "0",
                                            "right": "8",
                                            "bottom": "0",
                                            "left": "8",
                                            "isLinked": false
                                        },
                                        "margin_mobile": {
                                            "unit": "px",
                                            "top": "0",
                                            "right": "0",
                                            "bottom": "35",
                                            "left": "0",
                                            "isLinked": false
                                        },
                                        "padding_mobile": {
                                            "unit": "em",
                                            "top": "",
                                            "right": "",
                                            "bottom": "",
                                            "left": "",
                                            "isLinked": false
                                        }
                                    },
                                    "elements": [
                                        {
                                            "id": "1d4ebbc7",
                                            "settings": {
                                                "image": {
                                                    "id": "104",
                                                    "url": "https:\/\/kitpro.site\/rabio\/wp-content\/uploads\/sites\/22\/2021\/04\/Chef.jpg"
                                                },
                                                "width": {
                                                    "unit": "%",
                                                    "size": 65,
                                                    "sizes": []
                                                }
                                            },
                                            "elements": [],
                                            "isInner": false,
                                            "widgetType": "image",
                                            "elType": "widget"
                                        },
                                        {
                                            "id": "1ad9674a",
                                            "settings": {
                                                "title": "Burgov Lewis",
                                                "header_size": "h3",
                                                "align": "center",
                                                "__globals__": {
                                                    "typography_typography": "globals\/typography?id=be0f255",
                                                    "title_color": "globals\/colors?id=15823ef"
                                                }
                                            },
                                            "elements": [],
                                            "isInner": false,
                                            "widgetType": "heading",
                                            "elType": "widget"
                                        },
                                        {
                                            "id": "3b6c6d03",
                                            "settings": {
                                                "title": "Executive chef",
                                                "header_size": "h4",
                                                "align": "center",
                                                "__globals__": {
                                                    "typography_typography": "globals\/typography?id=text",
                                                    "title_color": "globals\/colors?id=primary"
                                                }
                                            },
                                            "elements": [],
                                            "isInner": false,
                                            "widgetType": "heading",
                                            "elType": "widget"
                                        },
                                        {
                                            "id": "7843e94",
                                            "settings": {
                                                "social_icon_list": [
                                                    {
                                                        "social_icon": {
                                                            "value": "fab fa-facebook",
                                                            "library": "fa-brands"
                                                        },
                                                        "_id": "03dc5e5"
                                                    },
                                                    {
                                                        "social_icon": {
                                                            "value": "fab fa-instagram",
                                                            "library": "fa-brands"
                                                        },
                                                        "_id": "303e13e"
                                                    },
                                                    {
                                                        "social_icon": {
                                                            "value": "fab fa-whatsapp",
                                                            "library": "fa-brands"
                                                        },
                                                        "_id": "251128a"
                                                    }
                                                ],
                                                "icon_color": "custom",
                                                "__globals__": {
                                                    "icon_primary_color": "globals\/colors?id=514fa81",
                                                    "hover_primary_color": "globals\/colors?id=accent"
                                                },
                                                "icon_size": {
                                                    "unit": "px",
                                                    "size": 20,
                                                    "sizes": []
                                                }
                                            },
                                            "elements": [],
                                            "isInner": false,
                                            "widgetType": "social-icons",
                                            "elType": "widget"
                                        }
                                    ],
                                    "isInner": true,
                                    "elType": "column"
                                },
                                {
                                    "id": "18e4fd08",
                                    "settings": {
                                        "_column_size": 33,
                                        "_inline_size": null,
                                        "background_background": "classic",
                                        "margin": {
                                            "unit": "px",
                                            "top": "0",
                                            "right": "0",
                                            "bottom": "0",
                                            "left": "70",
                                            "isLinked": false
                                        },
                                        "padding": {
                                            "unit": "px",
                                            "top": "45",
                                            "right": "0",
                                            "bottom": "45",
                                            "left": "0",
                                            "isLinked": false
                                        },
                                        "__globals__": {
                                            "background_color": "globals\/colors?id=0beaddc"
                                        },
                                        "margin_tablet": {
                                            "unit": "px",
                                            "top": "0",
                                            "right": "0",
                                            "bottom": "0",
                                            "left": "16",
                                            "isLinked": false
                                        },
                                        "margin_mobile": {
                                            "unit": "px",
                                            "top": "0",
                                            "right": "0",
                                            "bottom": "0",
                                            "left": "0",
                                            "isLinked": false
                                        }
                                    },
                                    "elements": [
                                        {
                                            "id": "284a417d",
                                            "settings": {
                                                "image": {
                                                    "id": "105",
                                                    "url": "https:\/\/kitpro.site\/rabio\/wp-content\/uploads\/sites\/22\/2021\/04\/Designer.jpg"
                                                },
                                                "width": {
                                                    "unit": "%",
                                                    "size": 65,
                                                    "sizes": []
                                                }
                                            },
                                            "elements": [],
                                            "isInner": false,
                                            "widgetType": "image",
                                            "elType": "widget"
                                        },
                                        {
                                            "id": "1f4d4aa0",
                                            "settings": {
                                                "title": "Naomi Welson",
                                                "header_size": "h3",
                                                "align": "center",
                                                "__globals__": {
                                                    "typography_typography": "globals\/typography?id=be0f255",
                                                    "title_color": "globals\/colors?id=15823ef"
                                                }
                                            },
                                            "elements": [],
                                            "isInner": false,
                                            "widgetType": "heading",
                                            "elType": "widget"
                                        },
                                        {
                                            "id": "9192312",
                                            "settings": {
                                                "title": "Chief of Artist",
                                                "header_size": "h4",
                                                "align": "center",
                                                "__globals__": {
                                                    "typography_typography": "globals\/typography?id=text",
                                                    "title_color": "globals\/colors?id=primary"
                                                }
                                            },
                                            "elements": [],
                                            "isInner": false,
                                            "widgetType": "heading",
                                            "elType": "widget"
                                        },
                                        {
                                            "id": "15bab3d8",
                                            "settings": {
                                                "social_icon_list": [
                                                    {
                                                        "social_icon": {
                                                            "value": "fab fa-facebook",
                                                            "library": "fa-brands"
                                                        },
                                                        "_id": "03dc5e5"
                                                    },
                                                    {
                                                        "social_icon": {
                                                            "value": "fab fa-instagram",
                                                            "library": "fa-brands"
                                                        },
                                                        "_id": "303e13e"
                                                    },
                                                    {
                                                        "social_icon": {
                                                            "value": "fab fa-whatsapp",
                                                            "library": "fa-brands"
                                                        },
                                                        "_id": "251128a"
                                                    }
                                                ],
                                                "icon_color": "custom",
                                                "__globals__": {
                                                    "icon_primary_color": "globals\/colors?id=514fa81",
                                                    "hover_primary_color": "globals\/colors?id=accent"
                                                },
                                                "icon_size": {
                                                    "unit": "px",
                                                    "size": 20,
                                                    "sizes": []
                                                }
                                            },
                                            "elements": [],
                                            "isInner": false,
                                            "widgetType": "social-icons",
                                            "elType": "widget"
                                        }
                                    ],
                                    "isInner": true,
                                    "elType": "column"
                                }
                            ],
                            "isInner": true,
                            "elType": "section"
                        }
                    ],
                    "isInner": false,
                    "elType": "column"
                }
            ],
            "isInner": false,
            "elType": "section"
        },
        {
            "id": "33fe8309",
            "settings": {
                "structure": "20",
                "background_background": "classic",
                "background_image": {
                    "id": 569,
                    "url": "https:\/\/kitpro.site\/rabio\/wp-content\/uploads\/sites\/22\/2021\/04\/elegant-bride-in-white-wedding-dress-sitting-alone-PF2A6PV.jpg"
                },
                "background_position": "center center",
                "background_ypos": {
                    "unit": "px",
                    "size": -190,
                    "sizes": []
                },
                "background_attachment": "fixed",
                "background_repeat": "no-repeat",
                "background_size": "cover",
                "background_overlay_background": "classic",
                "background_overlay_opacity": {
                    "unit": "px",
                    "size": 0.8,
                    "sizes": []
                },
                "margin": {
                    "unit": "px",
                    "top": "0",
                    "right": 0,
                    "bottom": "0",
                    "left": 0,
                    "isLinked": false
                },
                "padding": {
                    "unit": "px",
                    "top": "100",
                    "right": "0",
                    "bottom": "100",
                    "left": "0",
                    "isLinked": false
                },
                "__globals__": {
                    "background_overlay_color": "globals\/colors?id=514fa81"
                },
                "margin_tablet": {
                    "unit": "px",
                    "top": "0",
                    "right": 0,
                    "bottom": "0",
                    "left": 0,
                    "isLinked": false
                },
                "margin_mobile": {
                    "unit": "px",
                    "top": "0",
                    "right": 0,
                    "bottom": "0",
                    "left": 0,
                    "isLinked": false
                },
                "padding_tablet": {
                    "unit": "px",
                    "top": "100",
                    "right": "30",
                    "bottom": "100",
                    "left": "30",
                    "isLinked": false
                },
                "padding_mobile": {
                    "unit": "px",
                    "top": "100",
                    "right": "20",
                    "bottom": "100",
                    "left": "20",
                    "isLinked": false
                }
            },
            "elements": [
                {
                    "id": "3dd8aa14",
                    "settings": {
                        "_column_size": 50,
                        "_inline_size": 59.955,
                        "margin": {
                            "unit": "px",
                            "top": "0",
                            "right": "0",
                            "bottom": "0",
                            "left": "0",
                            "isLinked": false
                        },
                        "padding": {
                            "unit": "px",
                            "top": "0",
                            "right": "0",
                            "bottom": "0",
                            "left": "0",
                            "isLinked": false
                        }
                    },
                    "elements": [
                        {
                            "id": "137bc24e",
                            "settings": {
                                "title": "Get in touch",
                                "__globals__": {
                                    "title_color": "globals\/colors?id=15823ef"
                                },
                                "align_mobile": "center"
                            },
                            "elements": [],
                            "isInner": false,
                            "widgetType": "heading",
                            "elType": "widget"
                        },
                        {
                            "id": "1c17885b",
                            "settings": {
                                "editor": "<p>Lorem ipsum dolor sit amet, consectetur adipiscing elit. Mauris et arcu eget libero gravida porta. Integer eros libero, laoreet vitae lorem eget, pretium varius nisl.<\/p>",
                                "_margin": {
                                    "unit": "px",
                                    "top": "0",
                                    "right": "0",
                                    "bottom": "0",
                                    "left": "0",
                                    "isLinked": false
                                },
                                "_padding": {
                                    "unit": "px",
                                    "top": "0",
                                    "right": "0",
                                    "bottom": "0",
                                    "left": "0",
                                    "isLinked": false
                                },
                                "__globals__": {
                                    "text_color": "globals\/colors?id=15823ef"
                                },
                                "align_mobile": "center"
                            },
                            "elements": [],
                            "isInner": false,
                            "widgetType": "text-editor",
                            "elType": "widget"
                        }
                    ],
                    "isInner": false,
                    "elType": "column"
                },
                {
                    "id": "5773c7d8",
                    "settings": {
                        "_column_size": 50,
                        "_inline_size": 40,
                        "margin": {
                            "unit": "px",
                            "top": "0",
                            "right": "0",
                            "bottom": "0",
                            "left": "0",
                            "isLinked": false
                        },
                        "padding": {
                            "unit": "px",
                            "top": "60",
                            "right": "0",
                            "bottom": "0",
                            "left": "0",
                            "isLinked": false
                        }
                    },
                    "elements": [
                        {
                            "id": "5bd59225",
                            "settings": {
                                "text": "Contact Us",
                                "align": "center",
                                "border_border": "solid",
                                "_margin": {
                                    "unit": "px",
                                    "top": "0",
                                    "right": "0",
                                    "bottom": "0",
                                    "left": "0",
                                    "isLinked": false
                                },
                                "_padding": {
                                    "unit": "px",
                                    "top": "0",
                                    "right": "0",
                                    "bottom": "0",
                                    "left": "0",
                                    "isLinked": false
                                },
                                "__globals__": {
                                    "background_color": "",
                                    "border_color": "globals\/colors?id=15823ef",
                                    "button_text_color": "globals\/colors?id=15823ef",
                                    "hover_color": "globals\/colors?id=514fa81",
                                    "button_background_hover_color": "globals\/colors?id=primary",
                                    "button_hover_border_color": "globals\/colors?id=primary"
                                },
                                "button_text_color": "#FFFFFF",
                                "background_color": "#FFFFFF00",
                                "hover_color": "#FCF5EE",
                                "border_width": {
                                    "unit": "px",
                                    "top": "1",
                                    "right": "1",
                                    "bottom": "1",
                                    "left": "1",
                                    "isLinked": true
                                },
                                "border_color": "#FCF5EE"
                            },
                            "elements": [],
                            "isInner": false,
                            "widgetType": "button",
                            "elType": "widget"
                        }
                    ],
                    "isInner": false,
                    "elType": "column"
                }
            ],
            "isInner": false,
            "elType": "section"
        }
    ],
    "page_settings": {
        "eael_ext_toc_title": "Table of Contents",
        "template": "elementor_header_footer"
    }
}