{
    "version": "0.4",
    "title": "Default Kit",
    "type": "section",
    "metadata": {
        "template_type": "global-styles",
        "include_in_zip": "1",
        "elementor_pro_required": null,
        "additional_template_information": [
            "These are the global theme styles configured through the Elementor Theme Styles area."
        ],
        "wp_page_template": "default"
    },
    "content": [],
    "page_settings": {
        "body_color": "#7A7A7A",
        "body_typography_typography": "custom",
        "body_typography_font_family": "Lora",
        "body_typography_font_size": {
            "unit": "px",
            "size": "14",
            "sizes": []
        },
        "link_normal_color": "#5E6E65",
        "h1_color": "#000000",
        "h1_typography_typography": "custom",
        "h1_typography_font_size": {
            "unit": "px",
            "size": "48",
            "sizes": []
        },
        "h2_color": "#1A1A1A",
        "h2_typography_typography": "custom",
        "h2_typography_font_size": {
            "unit": "px",
            "size": "36",
            "sizes": []
        },
        "h3_color": "#1A1A1A",
        "h3_typography_typography": "custom",
        "h3_typography_font_size": {
            "unit": "px",
            "size": "30",
            "sizes": []
        },
        "h4_color": "#1A1A1A",
        "h4_typography_typography": "custom",
        "h4_typography_font_size": {
            "unit": "px",
            "size": "24",
            "sizes": []
        },
        "h5_color": "#1A1A1A",
        "h5_typography_typography": "custom",
        "h5_typography_font_size": {
            "unit": "px",
            "size": "18",
            "sizes": []
        },
        "h6_color": "#1A1A1A",
        "h6_typography_typography": "custom",
        "h6_typography_font_size": {
            "unit": "px",
            "size": "18",
            "sizes": []
        },
        "body_background_background": "classic",
        "body_background_color": "#FFFFFF",
        "paragraph_spacing": {
            "unit": "em",
            "size": "1.7",
            "sizes": []
        },
        "link_normal_typography_typography": "custom",
        "link_normal_typography_font_family": "Prata",
        "button_text_color": "#FFFFFF",
        "button_background_color": "#A9A570",
        "button_border_radius": {
            "unit": "px",
            "top": "0",
            "right": "0",
            "bottom": "0",
            "left": "0",
            "isLinked": "1"
        },
        "button_padding": {
            "unit": "px",
            "top": "20",
            "right": "40",
            "bottom": "20",
            "left": "40",
            "isLinked": ""
        },
        "h1_typography_font_family": "Prata",
        "h2_typography_font_family": "Prata",
        "h3_typography_font_family": "Prata",
        "h4_typography_font_family": "Prata",
        "h5_typography_font_family": "Prata",
        "h6_typography_font_family": "Prata",
        "link_normal_typography_font_size": {
            "unit": "px",
            "size": "14",
            "sizes": []
        },
        "form_label_color": "#0E0E0E",
        "form_label_typography_typography": "custom",
        "form_label_typography_font_size": {
            "unit": "px",
            "size": "18",
            "sizes": []
        },
        "form_label_typography_letter_spacing": {
            "unit": "px",
            "size": "1.9",
            "sizes": []
        },
        "form_field_typography_typography": "custom",
        "form_field_typography_font_family": "Prata",
        "form_field_typography_font_size": {
            "unit": "px",
            "size": "14",
            "sizes": []
        },
        "form_field_typography_font_weight": "normal",
        "form_field_text_color": "#7A7A7A",
        "form_field_background_color": "#FFFFFF",
        "form_field_padding": {
            "unit": "px",
            "top": "15",
            "right": "15",
            "bottom": "15",
            "left": "15",
            "isLinked": "1"
        },
        "button_typography_typography": "custom",
        "button_typography_font_size": {
            "unit": "px",
            "size": "14",
            "sizes": []
        },
        "button_typography_text_transform": "uppercase",
        "button_typography_letter_spacing": {
            "unit": "px",
            "size": "4.5",
            "sizes": []
        },
        "button_border_border": "double",
        "button_hover_text_color": "#FFFFFF",
        "button_hover_background_color": "#5E6E65",
        "form_label_typography_text_transform": "uppercase",
        "form_field_border_border": "solid",
        "form_field_border_width": {
            "unit": "px",
            "top": "1",
            "right": "1",
            "bottom": "1",
            "left": "1",
            "isLinked": "1"
        },
        "form_field_border_color": "#D7D7D7",
        "form_field_border_radius": {
            "unit": "px",
            "top": "0",
            "right": "0",
            "bottom": "0",
            "left": "0",
            "isLinked": "1"
        },
        "form_field_focus_border_border": "solid",
        "form_field_focus_border_width": {
            "unit": "px",
            "top": "1",
            "right": "1",
            "bottom": "1",
            "left": "1",
            "isLinked": "1"
        },
        "form_field_focus_border_color": "#7A7A7A",
        "h1_typography_font_weight": "normal",
        "h2_typography_font_weight": "normal",
        "h3_typography_font_weight": "normal",
        "h4_typography_font_weight": "normal",
        "h5_typography_font_weight": "normal",
        "h6_typography_font_weight": "bold"
    }
}