{
    "version": "0.4",
    "title": "Popup",
    "type": "popup",
    "metadata": {
        "template_type": "section-popup",
        "include_in_zip": "1",
        "elementor_pro_required": "1",
        "elementor_library_type": "popup",
        "additional_template_information": [
            "This is a \"Popup\" template for Elementor Pro."
        ],
        "wp_page_template": "default"
    },
    "content": [
        {
            "id": "71fc46f8",
            "settings": {
                "content_width": {
                    "unit": "px",
                    "size": "640"
                },
                "custom_height": {
                    "unit": "vh",
                    "size": "100"
                },
                "padding_mobile": {
                    "unit": "px",
                    "top": "10",
                    "right": "10",
                    "bottom": "10",
                    "left": "10",
                    "isLinked": "1"
                },
                "layout": "full_width",
                "background_background": "classic",
                "background_color": "#FFFFFF",
                "margin_tablet": {
                    "unit": "px",
                    "top": "0",
                    "right": 0,
                    "bottom": "0",
                    "left": 0,
                    "isLinked": true
                },
                "margin": {
                    "unit": "px",
                    "top": "0",
                    "right": 0,
                    "bottom": "0",
                    "left": 0,
                    "isLinked": false
                },
                "padding": {
                    "unit": "px",
                    "top": "0",
                    "right": "0",
                    "bottom": "0",
                    "left": "0",
                    "isLinked": true
                },
                "background_image": {
                    "url": "https:\/\/vectorclans.com\/couples\/wp-content\/uploads\/sites\/2\/2020\/03\/5.png",
                    "id": 187
                },
                "background_position": "center center",
                "background_repeat": "no-repeat",
                "background_size": "contain",
                "background_size_mobile": "auto"
            },
            "elements": [
                {
                    "id": "3051c5cb",
                    "settings": {
                        "_column_size": "100",
                        "background_color": "#BDA76F",
                        "background_overlay_background": "gradient",
                        "background_overlay_color": "#ffffff",
                        "background_overlay_color_b": "#f9f9f9",
                        "background_overlay_gradient_type": "radial",
                        "background_overlay_opacity": {
                            "unit": "px",
                            "size": "1"
                        },
                        "border_border": "solid",
                        "border_width": {
                            "unit": "px",
                            "top": "2",
                            "right": "2",
                            "bottom": "2",
                            "left": "2",
                            "isLinked": "1"
                        },
                        "border_color": "#ffffff",
                        "border_radius": {
                            "unit": "px",
                            "top": "4",
                            "right": "4",
                            "bottom": "4",
                            "left": "4",
                            "isLinked": "1"
                        },
                        "box_shadow_box_shadow_type": "yes",
                        "box_shadow_box_shadow": {
                            "horizontal": "-5",
                            "vertical": "100",
                            "blur": "100",
                            "spread": "-66",
                            "color": "rgba(0,0,0,0.19)"
                        },
                        "padding": {
                            "unit": "px",
                            "top": "30",
                            "right": "30",
                            "bottom": "30",
                            "left": "30",
                            "isLinked": "1"
                        },
                        "padding_mobile": {
                            "unit": "px",
                            "top": "0",
                            "right": "0",
                            "bottom": "0",
                            "left": "0",
                            "isLinked": "1"
                        },
                        "margin_tablet": {
                            "unit": "px",
                            "top": "0",
                            "right": "0",
                            "bottom": "0",
                            "left": "0",
                            "isLinked": true
                        },
                        "padding_tablet": {
                            "unit": "%",
                            "top": "5",
                            "right": "5",
                            "bottom": "5",
                            "left": "5",
                            "isLinked": true
                        }
                    },
                    "elements": [
                        {
                            "id": "7d6e354",
                            "settings": {
                                "gap": "extended",
                                "content_position": "top",
                                "padding": {
                                    "unit": "px",
                                    "top": "80",
                                    "right": "0",
                                    "bottom": "80",
                                    "left": "0",
                                    "isLinked": ""
                                },
                                "padding_mobile": {
                                    "unit": "px",
                                    "top": "0",
                                    "right": "0",
                                    "bottom": "30",
                                    "left": "0",
                                    "isLinked": false
                                }
                            },
                            "elements": [
                                {
                                    "id": "1b45f5d7",
                                    "settings": {
                                        "_column_size": 100,
                                        "_inline_size": null,
                                        "background_color": "rgba(255,255,255,0)",
                                        "background_color_stop": {
                                            "unit": "%",
                                            "size": "20"
                                        },
                                        "background_color_b": "#ffffff",
                                        "background_color_b_stop": {
                                            "unit": "%",
                                            "size": "20"
                                        },
                                        "background_gradient_angle": {
                                            "unit": "deg",
                                            "size": "110"
                                        },
                                        "align": "center",
                                        "padding_mobile": {
                                            "unit": "px",
                                            "top": "40",
                                            "right": "15",
                                            "bottom": "0",
                                            "left": "15",
                                            "isLinked": false
                                        }
                                    },
                                    "elements": [
                                        {
                                            "id": "119d1e28",
                                            "settings": {
                                                "space": {
                                                    "unit": "px",
                                                    "size": 10,
                                                    "sizes": []
                                                }
                                            },
                                            "elements": [],
                                            "isInner": false,
                                            "widgetType": "spacer",
                                            "elType": "widget"
                                        },
                                        {
                                            "id": "6ce2eb28",
                                            "settings": {
                                                "image": {
                                                    "id": 566,
                                                    "url": "https:\/\/vectorclans.com\/couples\/wp-content\/uploads\/sites\/2\/2020\/03\/young-couple-in-a-wedding-ceremony-at-the-beach-MPTK5HL-scaled.jpg"
                                                },
                                                "image_size": "custom",
                                                "image_custom_dimension": {
                                                    "width": "200",
                                                    "height": "200"
                                                },
                                                "image_border_radius": {
                                                    "unit": "%",
                                                    "top": "100",
                                                    "right": "100",
                                                    "bottom": "100",
                                                    "left": "100",
                                                    "isLinked": true
                                                },
                                                "image_border_border": "solid",
                                                "image_border_width": {
                                                    "unit": "px",
                                                    "top": "10",
                                                    "right": "10",
                                                    "bottom": "10",
                                                    "left": "10",
                                                    "isLinked": true
                                                },
                                                "image_border_color": "#FFFFFF"
                                            },
                                            "elements": [],
                                            "isInner": false,
                                            "widgetType": "image",
                                            "elType": "widget"
                                        },
                                        {
                                            "id": "30ee7186",
                                            "settings": {
                                                "title": "Ellen Franda &amp; Antonious C",
                                                "align": "center",
                                                "title_color": "#1A1A1A",
                                                "typography_typography": "custom",
                                                "typography_font_family": "Prata",
                                                "typography_font_size": {
                                                    "unit": "px",
                                                    "size": 36,
                                                    "sizes": []
                                                },
                                                "typography_font_weight": "200",
                                                "header_size": "h3",
                                                "typography_font_size_mobile": {
                                                    "unit": "px",
                                                    "size": 24,
                                                    "sizes": []
                                                }
                                            },
                                            "elements": [],
                                            "isInner": false,
                                            "widgetType": "heading",
                                            "elType": "widget"
                                        },
                                        {
                                            "id": "44aebb67",
                                            "settings": {
                                                "title": "Bride &amp; Grooms",
                                                "header_size": "h4",
                                                "title_color": "#000000",
                                                "typography_typography": "custom",
                                                "typography_font_family": "Oswald",
                                                "typography_font_size": {
                                                    "unit": "px",
                                                    "size": 18,
                                                    "sizes": []
                                                },
                                                "typography_font_weight": "200",
                                                "typography_text_transform": "uppercase",
                                                "typography_letter_spacing": {
                                                    "unit": "px",
                                                    "size": 3.1,
                                                    "sizes": []
                                                },
                                                "_margin": {
                                                    "unit": "px",
                                                    "top": "0",
                                                    "right": "0",
                                                    "bottom": "10",
                                                    "left": "0",
                                                    "isLinked": false
                                                },
                                                "align": "center"
                                            },
                                            "elements": [],
                                            "isInner": false,
                                            "widgetType": "heading",
                                            "elType": "widget"
                                        },
                                        {
                                            "id": "516ea6b5",
                                            "settings": {
                                                "text": "Divider",
                                                "color": "#EDEDED",
                                                "_margin": {
                                                    "unit": "px",
                                                    "top": "20",
                                                    "right": "0",
                                                    "bottom": "0",
                                                    "left": "0",
                                                    "isLinked": false
                                                },
                                                "look": "line_icon",
                                                "icon": {
                                                    "value": "fas fa-dove",
                                                    "library": "fa-solid"
                                                },
                                                "primary_color": "#5E6E65",
                                                "width": {
                                                    "unit": "%",
                                                    "size": 70,
                                                    "sizes": []
                                                },
                                                "align": "center"
                                            },
                                            "elements": [],
                                            "isInner": false,
                                            "widgetType": "divider",
                                            "elType": "widget"
                                        },
                                        {
                                            "id": "7a04f9c",
                                            "settings": {
                                                "text": "RSVP",
                                                "align": "center",
                                                "icon_indent": {
                                                    "unit": "px",
                                                    "size": 4,
                                                    "sizes": []
                                                },
                                                "typography_typography": "custom",
                                                "typography_font_family": "Oswald",
                                                "typography_font_size": {
                                                    "unit": "px",
                                                    "size": 18,
                                                    "sizes": []
                                                },
                                                "typography_font_weight": "400",
                                                "typography_text_transform": "uppercase",
                                                "typography_letter_spacing": {
                                                    "unit": "px",
                                                    "size": 6.6,
                                                    "sizes": []
                                                },
                                                "button_text_color": "#FFFFFF",
                                                "background_color": "#A9A570",
                                                "hover_color": "#FFFFFF",
                                                "button_background_hover_color": "#6E7E75",
                                                "border_border": "double",
                                                "border_radius": {
                                                    "unit": "px",
                                                    "top": "0",
                                                    "right": "0",
                                                    "bottom": "0",
                                                    "left": "0",
                                                    "isLinked": true
                                                },
                                                "text_padding": {
                                                    "unit": "px",
                                                    "top": "20",
                                                    "right": "60",
                                                    "bottom": "20",
                                                    "left": "60",
                                                    "isLinked": false
                                                }
                                            },
                                            "elements": [],
                                            "isInner": false,
                                            "widgetType": "button",
                                            "elType": "widget"
                                        },
                                        {
                                            "id": "42f022d7",
                                            "settings": [],
                                            "elements": [],
                                            "isInner": false,
                                            "widgetType": "spacer",
                                            "elType": "widget"
                                        }
                                    ],
                                    "isInner": "1",
                                    "elType": "column"
                                }
                            ],
                            "isInner": "1",
                            "elType": "section"
                        }
                    ],
                    "isInner": "",
                    "elType": "column"
                }
            ],
            "isInner": "",
            "elType": "section"
        }
    ],
    "page_settings": {
        "close_button_vertical": {
            "unit": "%",
            "size": "1",
            "sizes": []
        },
        "close_button_horizontal": {
            "unit": "%",
            "size": "2.5",
            "sizes": []
        },
        "close_button_hover_color": "#BDA76F",
        "icon_size": {
            "unit": "px",
            "size": "18",
            "sizes": []
        },
        "width": {
            "unit": "px",
            "size": "700",
            "sizes": []
        },
        "entrance_animation": "fadeIn",
        "exit_animation": "fadeIn",
        "close_button_color": "#000000",
        "close_button_delay": "2"
    }
}