{
    "version": "0.4",
    "title": "RSVP",
    "type": "page",
    "metadata": {
        "template_type": "single-page",
        "include_in_zip": "1",
        "elementor_pro_required": null,
        "wp_page_template": "elementor_canvas"
    },
    "content": [
        {
            "id": "4fb04f0e",
            "settings": {
                "custom_height": {
                    "unit": "vh",
                    "size": 80,
                    "sizes": []
                },
                "background_background": "classic",
                "background_position": "bottom center",
                "background_xpos": {
                    "unit": "px",
                    "size": -350,
                    "sizes": []
                },
                "background_ypos": {
                    "unit": "px",
                    "size": -149,
                    "sizes": []
                },
                "background_repeat": "no-repeat",
                "background_size": "cover",
                "background_motion_fx_translateY_effect": "yes",
                "background_motion_fx_translateY_direction": "negative",
                "background_motion_fx_mouseTrack_effect": "yes",
                "background_overlay_background": "classic",
                "background_overlay_color": "rgba(0, 37, 75, 0)",
                "background_overlay_color_b": "#FFFFFF",
                "background_overlay_gradient_angle": {
                    "unit": "deg",
                    "size": 0,
                    "sizes": []
                },
                "background_overlay_opacity": {
                    "unit": "px",
                    "size": 1,
                    "sizes": []
                },
                "overlay_blend_mode": "overlay",
                "padding": {
                    "unit": "px",
                    "top": "50",
                    "right": "0",
                    "bottom": "50",
                    "left": "0",
                    "isLinked": false
                },
                "background_color": "#A9A570"
            },
            "elements": [
                {
                    "id": "5e765b5f",
                    "settings": {
                        "_column_size": 100,
                        "_inline_size": null,
                        "background_background": "classic",
                        "padding": {
                            "unit": "px",
                            "top": "30",
                            "right": "0",
                            "bottom": "80",
                            "left": "0",
                            "isLinked": false
                        }
                    },
                    "elements": [
                        {
                            "id": "39a5e67a",
                            "settings": {
                                "image": {
                                    "url": "https:\/\/vectorclans.com\/couples\/wp-content\/uploads\/sites\/2\/2020\/03\/1.png",
                                    "id": 377
                                },
                                "image_size": "custom",
                                "image_custom_dimension": {
                                    "width": "80",
                                    "height": "80"
                                }
                            },
                            "elements": [],
                            "isInner": false,
                            "widgetType": "image",
                            "elType": "widget"
                        },
                        {
                            "id": "1965cf54",
                            "settings": {
                                "title": "WE ARE GETTING MARRIAGE",
                                "title_color": "#FFFFFF",
                                "typography_typography": "custom",
                                "typography_font_family": "Oswald",
                                "typography_font_size": {
                                    "unit": "px",
                                    "size": 21,
                                    "sizes": []
                                },
                                "typography_text_transform": "uppercase",
                                "header_size": "h4",
                                "align": "center",
                                "typography_font_weight": "200",
                                "typography_letter_spacing": {
                                    "unit": "px",
                                    "size": 7.4,
                                    "sizes": []
                                },
                                "_margin": {
                                    "unit": "px",
                                    "top": "0",
                                    "right": "0",
                                    "bottom": "20",
                                    "left": "0",
                                    "isLinked": false
                                },
                                "typography_font_size_mobile": {
                                    "unit": "px",
                                    "size": 22,
                                    "sizes": []
                                },
                                "typography_letter_spacing_mobile": {
                                    "unit": "px",
                                    "size": 2.7,
                                    "sizes": []
                                }
                            },
                            "elements": [],
                            "isInner": false,
                            "widgetType": "heading",
                            "elType": "widget"
                        },
                        {
                            "id": "42fbd86d",
                            "settings": {
                                "title": "Franda &amp; Antonious",
                                "title_color": "#FFFFFF",
                                "typography_typography": "custom",
                                "typography_font_family": "Pinyon Script",
                                "typography_font_size": {
                                    "unit": "px",
                                    "size": 56,
                                    "sizes": []
                                },
                                "typography_font_weight": "200",
                                "typography_text_transform": "capitalize",
                                "align": "center",
                                "typography_font_size_mobile": {
                                    "unit": "px",
                                    "size": 47,
                                    "sizes": []
                                }
                            },
                            "elements": [],
                            "isInner": false,
                            "widgetType": "heading",
                            "elType": "widget"
                        },
                        {
                            "id": "404de4fc",
                            "settings": {
                                "margin": {
                                    "unit": "px",
                                    "top": "0",
                                    "right": 0,
                                    "bottom": "0",
                                    "left": 0,
                                    "isLinked": false
                                },
                                "padding": {
                                    "unit": "px",
                                    "top": "0",
                                    "right": "0",
                                    "bottom": "0",
                                    "left": "0",
                                    "isLinked": false
                                }
                            },
                            "elements": [
                                {
                                    "id": "13750d68",
                                    "settings": {
                                        "_column_size": 100,
                                        "_inline_size": null,
                                        "content_position": "top",
                                        "background_background": "classic",
                                        "background_image": {
                                            "url": "https:\/\/vectorclans.com\/couples\/wp-content\/uploads\/sites\/2\/2020\/03\/5.png",
                                            "id": 187
                                        },
                                        "background_position": "center center",
                                        "background_repeat": "no-repeat",
                                        "background_size": "contain",
                                        "background_bg_width": {
                                            "unit": "%",
                                            "size": 77,
                                            "sizes": []
                                        },
                                        "padding": {
                                            "unit": "px",
                                            "top": "150",
                                            "right": "0",
                                            "bottom": "150",
                                            "left": "0",
                                            "isLinked": false
                                        }
                                    },
                                    "elements": [
                                        {
                                            "id": "58c36aae",
                                            "settings": {
                                                "image": {
                                                    "url": "https:\/\/vectorclans.com\/couples\/wp-content\/uploads\/sites\/2\/2020\/03\/young-couple-in-a-wedding-ceremony-at-the-beach-AB4FXRM-scaled.jpg",
                                                    "id": 562
                                                },
                                                "image_size": "custom",
                                                "image_custom_dimension": {
                                                    "width": "300",
                                                    "height": "300"
                                                },
                                                "align": "center",
                                                "image_border_width": {
                                                    "unit": "px",
                                                    "top": "10",
                                                    "right": "10",
                                                    "bottom": "10",
                                                    "left": "10",
                                                    "isLinked": true
                                                },
                                                "image_border_color": "#FFFFFF",
                                                "image_border_radius": {
                                                    "unit": "%",
                                                    "top": "50",
                                                    "right": "50",
                                                    "bottom": "50",
                                                    "left": "50",
                                                    "isLinked": true
                                                },
                                                "_margin": {
                                                    "unit": "px",
                                                    "top": "0",
                                                    "right": "0",
                                                    "bottom": "0",
                                                    "left": "0",
                                                    "isLinked": false
                                                },
                                                "image_border_border": "solid"
                                            },
                                            "elements": [],
                                            "isInner": false,
                                            "widgetType": "image",
                                            "elType": "widget"
                                        }
                                    ],
                                    "isInner": true,
                                    "elType": "column"
                                }
                            ],
                            "isInner": true,
                            "elType": "section"
                        }
                    ],
                    "isInner": false,
                    "elType": "column"
                },
                {
                    "id": "3bece7c5",
                    "settings": {
                        "_column_size": 100,
                        "_inline_size": null,
                        "margin": {
                            "unit": "px",
                            "top": "0",
                            "right": "0",
                            "bottom": "0",
                            "left": "0",
                            "isLinked": true
                        },
                        "padding": {
                            "unit": "px",
                            "top": "40",
                            "right": "40",
                            "bottom": "40",
                            "left": "40",
                            "isLinked": true
                        },
                        "content_position": "center",
                        "border_color": "#FFFFFF",
                        "padding_mobile": {
                            "unit": "px",
                            "top": "30",
                            "right": "30",
                            "bottom": "30",
                            "left": "30",
                            "isLinked": true
                        }
                    },
                    "elements": [
                        {
                            "id": "7734013e",
                            "settings": {
                                "editor": "Sed ut perspiciatis unde omnis iste natus error sit voluptatem accusantium doloremque laudantium, totam rem aperiam, eaque ipsa quae ab illo inventore veritatis et quasi architecto beatae vitae dicta sunt explicabo. Nemo enim ipsam voluptatem quia voluptas sit aspernatur aut odit aut ",
                                "align": "center",
                                "text_color": "#FFFFFF",
                                "typography_typography": "custom",
                                "typography_font_family": "Lora",
                                "typography_line_height": {
                                    "unit": "em",
                                    "size": 1.8,
                                    "sizes": []
                                },
                                "_margin": {
                                    "unit": "px",
                                    "top": "20",
                                    "right": "0",
                                    "bottom": "20",
                                    "left": "0",
                                    "isLinked": false
                                },
                                "typography_font_size": {
                                    "unit": "px",
                                    "size": 16,
                                    "sizes": []
                                },
                                "typography_font_style": "italic"
                            },
                            "elements": [],
                            "isInner": false,
                            "widgetType": "text-editor",
                            "elType": "widget"
                        },
                        {
                            "id": "e511edb",
                            "settings": {
                                "form_name": "New Form",
                                "form_fields": [
                                    {
                                        "custom_id": "name",
                                        "field_type": "text",
                                        "field_label": "Name",
                                        "placeholder": "Name",
                                        "width": "100",
                                        "_id": "614bf04",
                                        "required": "",
                                        "field_options": "",
                                        "allow_multiple": "",
                                        "select_size": "",
                                        "inline_list": "",
                                        "field_html": "",
                                        "width_tablet": "",
                                        "width_mobile": "",
                                        "rows": 4,
                                        "recaptcha_size": "normal",
                                        "recaptcha_style": "light",
                                        "recaptcha_badge": "bottomright",
                                        "css_classes": "",
                                        "field_value": ""
                                    },
                                    {
                                        "custom_id": "email",
                                        "field_type": "email",
                                        "required": "true",
                                        "field_label": "Email",
                                        "placeholder": "Email",
                                        "width": "100",
                                        "_id": "4083346",
                                        "field_options": "",
                                        "allow_multiple": "",
                                        "select_size": "",
                                        "inline_list": "",
                                        "field_html": "",
                                        "width_tablet": "",
                                        "width_mobile": "",
                                        "rows": 4,
                                        "recaptcha_size": "normal",
                                        "recaptcha_style": "light",
                                        "recaptcha_badge": "bottomright",
                                        "css_classes": "",
                                        "field_value": ""
                                    },
                                    {
                                        "custom_id": "message",
                                        "field_type": "textarea",
                                        "field_label": "Message",
                                        "placeholder": "Message",
                                        "width": "100",
                                        "_id": "6488848",
                                        "required": "",
                                        "field_options": "",
                                        "allow_multiple": "",
                                        "select_size": "",
                                        "inline_list": "",
                                        "field_html": "",
                                        "width_tablet": "",
                                        "width_mobile": "",
                                        "rows": 4,
                                        "recaptcha_size": "normal",
                                        "recaptcha_style": "light",
                                        "recaptcha_badge": "bottomright",
                                        "css_classes": "",
                                        "field_value": ""
                                    }
                                ],
                                "button_text": "RSVP",
                                "email_content": "[all-fields]",
                                "email_content_2": "[all-fields]",
                                "success_message": "The form was sent successfully.",
                                "error_message": "An error occured.",
                                "required_field_message": "This field is required.",
                                "invalid_message": "There's something wrong. The form is invalid.",
                                "row_gap": {
                                    "unit": "px",
                                    "size": 21,
                                    "sizes": []
                                },
                                "label_color": "#FFFFFF",
                                "label_typography_typography": "custom",
                                "label_typography_font_family": "Oswald",
                                "label_typography_text_decoration": "none",
                                "html_typography_typography": "custom",
                                "field_text_color": "#7A7A7A",
                                "field_typography_typography": "custom",
                                "field_typography_font_family": "Prata",
                                "button_background_color": "#5E6E65",
                                "button_text_color": "#FFFFFF",
                                "button_typography_typography": "custom",
                                "button_typography_font_family": "Oswald",
                                "button_typography_font_size": {
                                    "unit": "px",
                                    "size": 30,
                                    "sizes": []
                                },
                                "button_typography_text_decoration": "none",
                                "button_border_radius": {
                                    "unit": "px",
                                    "top": "0",
                                    "right": "0",
                                    "bottom": "0",
                                    "left": "0",
                                    "isLinked": true
                                },
                                "button_text_padding": {
                                    "unit": "px",
                                    "top": "20",
                                    "right": "20",
                                    "bottom": "20",
                                    "left": "20",
                                    "isLinked": true
                                },
                                "_margin": {
                                    "unit": "px",
                                    "top": "0",
                                    "right": "0",
                                    "bottom": "0",
                                    "left": "0",
                                    "isLinked": true
                                },
                                "label_spacing": {
                                    "unit": "px",
                                    "size": 7,
                                    "sizes": []
                                },
                                "label_typography_font_size": {
                                    "unit": "px",
                                    "size": 18,
                                    "sizes": []
                                },
                                "label_typography_font_weight": "200",
                                "label_typography_text_transform": "uppercase",
                                "label_typography_letter_spacing": {
                                    "unit": "px",
                                    "size": 4.8,
                                    "sizes": []
                                },
                                "field_typography_font_size": {
                                    "unit": "px",
                                    "size": 14,
                                    "sizes": []
                                },
                                "field_typography_font_weight": "200",
                                "field_border_color": "#DEDEDE",
                                "button_typography_font_weight": "200",
                                "button_background_hover_color": "#000000",
                                "button_hover_color": "#FFFFFF",
                                "button_border_color": "#A9A570",
                                "html_color": "#7A7A7A",
                                "button_border_width": {
                                    "unit": "px",
                                    "top": "1",
                                    "right": "1",
                                    "bottom": "1",
                                    "left": "1",
                                    "isLinked": true
                                }
                            },
                            "elements": [],
                            "isInner": false,
                            "widgetType": "form",
                            "elType": "widget"
                        }
                    ],
                    "isInner": false,
                    "elType": "column"
                }
            ],
            "isInner": false,
            "elType": "section"
        },
        {
            "id": "54ce18d8",
            "settings": {
                "background_background": "classic",
                "background_color": "#FFFFFF",
                "padding": {
                    "unit": "px",
                    "top": "0",
                    "right": "0",
                    "bottom": "0",
                    "left": "0",
                    "isLinked": false
                },
                "background_overlay_background": "classic",
                "background_overlay_color": "#FFFFFF",
                "background_overlay_opacity": {
                    "unit": "px",
                    "size": 0.7,
                    "sizes": []
                },
                "layout": "full_width",
                "margin": {
                    "unit": "px",
                    "top": "0",
                    "right": 0,
                    "bottom": "0",
                    "left": 0,
                    "isLinked": true
                }
            },
            "elements": [
                {
                    "id": "6238ab11",
                    "settings": {
                        "_column_size": 100,
                        "_inline_size": null,
                        "margin": {
                            "unit": "px",
                            "top": "0",
                            "right": "0",
                            "bottom": "0",
                            "left": "0",
                            "isLinked": false
                        },
                        "padding": {
                            "unit": "px",
                            "top": "0",
                            "right": "0",
                            "bottom": "0",
                            "left": "0",
                            "isLinked": true
                        },
                        "background_background": "classic"
                    },
                    "elements": [
                        {
                            "id": "1643b89b",
                            "settings": {
                                "structure": "30",
                                "background_background": "classic",
                                "background_overlay_background": "classic",
                                "box_shadow_box_shadow_type": "yes",
                                "box_shadow_box_shadow": {
                                    "horizontal": 0,
                                    "vertical": 3,
                                    "blur": 40,
                                    "spread": 1,
                                    "color": "rgba(0, 0, 0, 0.3)"
                                },
                                "padding": {
                                    "unit": "px",
                                    "top": "0",
                                    "right": "0",
                                    "bottom": "0",
                                    "left": "0",
                                    "isLinked": true
                                },
                                "z_index": 22,
                                "background_color": "#6E7E75",
                                "margin": {
                                    "unit": "px",
                                    "top": "0",
                                    "right": 0,
                                    "bottom": "0",
                                    "left": 0,
                                    "isLinked": false
                                },
                                "padding_mobile": {
                                    "unit": "px",
                                    "top": "40",
                                    "right": "0",
                                    "bottom": "40",
                                    "left": "0",
                                    "isLinked": false
                                }
                            },
                            "elements": [
                                {
                                    "id": "3bb6266f",
                                    "settings": {
                                        "_column_size": 33,
                                        "_inline_size": null,
                                        "background_background": "classic",
                                        "padding": {
                                            "unit": "px",
                                            "top": "0",
                                            "right": "0",
                                            "bottom": "0",
                                            "left": "0",
                                            "isLinked": false
                                        },
                                        "content_position": "center",
                                        "align": "center",
                                        "padding_mobile": {
                                            "unit": "px",
                                            "top": "20",
                                            "right": "20",
                                            "bottom": "20",
                                            "left": "20",
                                            "isLinked": false
                                        }
                                    },
                                    "elements": [
                                        {
                                            "id": "4681d6bc",
                                            "settings": {
                                                "title": "The Invitation",
                                                "title_color": "#FFFFFF",
                                                "typography_typography": "custom",
                                                "typography_font_family": "Oswald",
                                                "header_size": "h4",
                                                "align": "center",
                                                "typography_font_size": {
                                                    "unit": "px",
                                                    "size": 30,
                                                    "sizes": []
                                                },
                                                "typography_font_weight": "200",
                                                "typography_text_transform": "uppercase",
                                                "typography_letter_spacing": {
                                                    "unit": "px",
                                                    "size": 7.4,
                                                    "sizes": []
                                                },
                                                "_margin": {
                                                    "unit": "px",
                                                    "top": "0",
                                                    "right": "0",
                                                    "bottom": "0",
                                                    "left": "0",
                                                    "isLinked": true
                                                },
                                                "typography_font_size_tablet": {
                                                    "unit": "px",
                                                    "size": 17,
                                                    "sizes": []
                                                }
                                            },
                                            "elements": [],
                                            "isInner": false,
                                            "widgetType": "heading",
                                            "elType": "widget"
                                        }
                                    ],
                                    "isInner": true,
                                    "elType": "column"
                                },
                                {
                                    "id": "52547327",
                                    "settings": {
                                        "_column_size": 33,
                                        "_inline_size": null,
                                        "content_position": "center",
                                        "align": "center",
                                        "border_border": "solid",
                                        "border_width": {
                                            "unit": "px",
                                            "top": "0",
                                            "right": "0",
                                            "bottom": "0",
                                            "left": "1",
                                            "isLinked": false
                                        },
                                        "border_color": "rgba(255, 255, 255, 0.17)",
                                        "padding": {
                                            "unit": "px",
                                            "top": "50",
                                            "right": "0",
                                            "bottom": "50",
                                            "left": "0",
                                            "isLinked": false
                                        },
                                        "padding_mobile": {
                                            "unit": "px",
                                            "top": "20",
                                            "right": "20",
                                            "bottom": "20",
                                            "left": "20",
                                            "isLinked": true
                                        }
                                    },
                                    "elements": [
                                        {
                                            "id": "715b6e2f",
                                            "settings": {
                                                "title": "30 JUNE '20",
                                                "header_size": "h3",
                                                "align": "center",
                                                "title_color": "#FFFFFF",
                                                "typography_typography": "custom",
                                                "typography_font_family": "Oswald",
                                                "typography_font_size": {
                                                    "unit": "px",
                                                    "size": 50,
                                                    "sizes": []
                                                },
                                                "typography_font_weight": "400",
                                                "typography_letter_spacing": {
                                                    "unit": "px",
                                                    "size": 1.1,
                                                    "sizes": []
                                                },
                                                "typography_font_size_tablet": {
                                                    "unit": "px",
                                                    "size": 30,
                                                    "sizes": []
                                                },
                                                "typography_letter_spacing_tablet": {
                                                    "unit": "px",
                                                    "size": 2.8,
                                                    "sizes": []
                                                }
                                            },
                                            "elements": [],
                                            "isInner": false,
                                            "widgetType": "heading",
                                            "elType": "widget"
                                        },
                                        {
                                            "id": "2a94f5e5",
                                            "settings": {
                                                "title": "AT 07.00 AM O'Clock",
                                                "header_size": "h3",
                                                "align": "center",
                                                "title_color": "#FFFFFF",
                                                "typography_typography": "custom",
                                                "typography_font_family": "Oswald",
                                                "typography_font_size": {
                                                    "unit": "px",
                                                    "size": 16,
                                                    "sizes": []
                                                },
                                                "typography_font_weight": "300",
                                                "typography_text_transform": "uppercase",
                                                "typography_letter_spacing": {
                                                    "unit": "px",
                                                    "size": 6.1,
                                                    "sizes": []
                                                },
                                                "typography_font_size_tablet": {
                                                    "unit": "px",
                                                    "size": 12,
                                                    "sizes": []
                                                }
                                            },
                                            "elements": [],
                                            "isInner": false,
                                            "widgetType": "heading",
                                            "elType": "widget"
                                        }
                                    ],
                                    "isInner": true,
                                    "elType": "column"
                                },
                                {
                                    "id": "5440f100",
                                    "settings": {
                                        "_column_size": 33,
                                        "_inline_size": null,
                                        "content_position": "center",
                                        "align": "center",
                                        "border_border": "solid",
                                        "border_width": {
                                            "unit": "px",
                                            "top": "0",
                                            "right": "0",
                                            "bottom": "0",
                                            "left": "1",
                                            "isLinked": false
                                        },
                                        "border_color": "rgba(255, 255, 255, 0.17)",
                                        "padding": {
                                            "unit": "px",
                                            "top": "50",
                                            "right": "30",
                                            "bottom": "50",
                                            "left": "30",
                                            "isLinked": false
                                        },
                                        "padding_mobile": {
                                            "unit": "px",
                                            "top": "20",
                                            "right": "20",
                                            "bottom": "20",
                                            "left": "20",
                                            "isLinked": true
                                        }
                                    },
                                    "elements": [
                                        {
                                            "id": "468677c3",
                                            "settings": {
                                                "editor": "<p>\u00a0Macadamiana second at 7444 E. Jefferson Street King Of Prussia, PA 19406<\/p>",
                                                "text_color": "#FFFFFF",
                                                "typography_typography": "custom",
                                                "typography_font_family": "Lora",
                                                "typography_font_size": {
                                                    "unit": "px",
                                                    "size": 16,
                                                    "sizes": []
                                                },
                                                "_margin": {
                                                    "unit": "px",
                                                    "top": "0",
                                                    "right": "0",
                                                    "bottom": "0",
                                                    "left": "0",
                                                    "isLinked": true
                                                },
                                                "_padding": {
                                                    "unit": "px",
                                                    "top": "0",
                                                    "right": "0",
                                                    "bottom": "0",
                                                    "left": "0",
                                                    "isLinked": true
                                                },
                                                "align": "left",
                                                "typography_text_transform": "capitalize",
                                                "typography_font_style": "italic",
                                                "align_mobile": "center"
                                            },
                                            "elements": [],
                                            "isInner": false,
                                            "widgetType": "text-editor",
                                            "elType": "widget"
                                        }
                                    ],
                                    "isInner": true,
                                    "elType": "column"
                                }
                            ],
                            "isInner": true,
                            "elType": "section"
                        }
                    ],
                    "isInner": false,
                    "elType": "column"
                }
            ],
            "isInner": false,
            "elType": "section"
        }
    ],
    "page_settings": {
        "background_background": "classic",
        "background_color": "#FFFFFF",
        "template": "elementor_canvas"
    }
}