{
    "version": "0.4",
    "title": "About Us",
    "type": "page",
    "metadata": {
        "template_type": "single-page",
        "include_in_zip": "1",
        "elementor_pro_required": "1",
        "wp_page_template": "elementor_header_footer"
    },
    "content": [
        {
            "id": "4982ad22",
            "settings": {
                "background_background": "classic",
                "__globals__": {
                    "background_color": "globals\/colors?id=80ce3cd"
                }
            },
            "elements": [
                {
                    "id": "3fd09f0a",
                    "settings": {
                        "_column_size": 100,
                        "_inline_size": null,
                        "align": "center",
                        "text_align": "center"
                    },
                    "elements": [
                        {
                            "id": "d23f5a7",
                            "settings": {
                                "title": "About us",
                                "typography_font_family": "EB Garamond",
                                "typography_font_weight": "600",
                                "_padding": {
                                    "unit": "em",
                                    "top": "4",
                                    "right": "4",
                                    "bottom": "4",
                                    "left": "4",
                                    "isLinked": true
                                },
                                "_background_background": "classic",
                                "typography_font_size": {
                                    "unit": "em",
                                    "size": 3,
                                    "sizes": []
                                },
                                "__globals__": {
                                    "title_color": "globals\/colors?id=bda79c4"
                                }
                            },
                            "elements": [],
                            "isInner": false,
                            "widgetType": "heading",
                            "elType": "widget"
                        }
                    ],
                    "isInner": false,
                    "elType": "column"
                }
            ],
            "isInner": false,
            "elType": "section"
        },
        {
            "id": "61ec5600",
            "settings": {
                "structure": "20",
                "padding": {
                    "unit": "em",
                    "top": "3",
                    "right": "0",
                    "bottom": "3",
                    "left": "0",
                    "isLinked": false
                },
                "gap": "no",
                "padding_tablet": {
                    "unit": "em",
                    "top": "3",
                    "right": "0",
                    "bottom": "3",
                    "left": "0",
                    "isLinked": false
                }
            },
            "elements": [
                {
                    "id": "1109df36",
                    "settings": {
                        "_column_size": 50
                    },
                    "elements": [
                        {
                            "id": "e0542cf",
                            "settings": {
                                "image": {
                                    "url": "https:\/\/kit2.putracetol.com\/wp-content\/uploads\/2020\/11\/wedding-bouquet-of-flowers-NPZY53T.jpg",
                                    "id": 608
                                },
                                "image_size": "custom",
                                "image_custom_dimension": {
                                    "width": "600",
                                    "height": "600"
                                },
                                "_padding_tablet": {
                                    "unit": "em",
                                    "top": "1",
                                    "right": "1",
                                    "bottom": "1",
                                    "left": "1",
                                    "isLinked": true
                                }
                            },
                            "elements": [],
                            "isInner": false,
                            "widgetType": "image",
                            "elType": "widget"
                        }
                    ],
                    "isInner": false,
                    "elType": "column"
                },
                {
                    "id": "5e02bffe",
                    "settings": {
                        "_column_size": 50,
                        "_inline_size": null,
                        "content_position": "center",
                        "padding": {
                            "unit": "em",
                            "top": "2",
                            "right": "2",
                            "bottom": "2",
                            "left": "2",
                            "isLinked": false
                        },
                        "padding_tablet": {
                            "unit": "em",
                            "top": "1",
                            "right": "1",
                            "bottom": "1",
                            "left": "1",
                            "isLinked": false
                        },
                        "margin_mobile": {
                            "unit": "px",
                            "top": "0",
                            "right": "0",
                            "bottom": "0",
                            "left": "0",
                            "isLinked": true
                        },
                        "padding_mobile": {
                            "unit": "em",
                            "top": "1",
                            "right": "1",
                            "bottom": "1",
                            "left": "1",
                            "isLinked": true
                        }
                    },
                    "elements": [
                        {
                            "id": "1ff5b6af",
                            "settings": {
                                "title": "Who We Are?",
                                "header_size": "p",
                                "__globals__": {
                                    "title_color": "globals\/colors?id=80ce3cd",
                                    "typography_typography": "globals\/typography?id=1383ac2"
                                }
                            },
                            "elements": [],
                            "isInner": false,
                            "widgetType": "heading",
                            "elType": "widget"
                        },
                        {
                            "id": "75bdd563",
                            "settings": {
                                "title": "We wedding planner and event organizer",
                                "typography_font_family": "Montserrat",
                                "typography_font_weight": "600",
                                "_margin_tablet": {
                                    "unit": "em",
                                    "top": "-1",
                                    "right": "0",
                                    "bottom": "0",
                                    "left": "0",
                                    "isLinked": false
                                },
                                "_padding_tablet": {
                                    "unit": "em",
                                    "top": "",
                                    "right": "",
                                    "bottom": "",
                                    "left": "",
                                    "isLinked": true
                                },
                                "_element_width": "initial",
                                "_element_width_tablet": "initial",
                                "_element_width_mobile": "initial",
                                "_element_custom_width": {
                                    "unit": "vw",
                                    "size": 25,
                                    "sizes": []
                                },
                                "_element_custom_width_tablet": {
                                    "unit": "vw",
                                    "size": 43,
                                    "sizes": []
                                },
                                "_margin": {
                                    "unit": "em",
                                    "top": "-1",
                                    "right": "0",
                                    "bottom": "0",
                                    "left": "0",
                                    "isLinked": false
                                },
                                "typography_font_size": {
                                    "unit": "px",
                                    "size": 20,
                                    "sizes": []
                                },
                                "__globals__": {
                                    "typography_typography": ""
                                }
                            },
                            "elements": [],
                            "isInner": false,
                            "widgetType": "heading",
                            "elType": "widget"
                        },
                        {
                            "id": "6e9ba1ea",
                            "settings": {
                                "editor": "<p>Lorem ipsum dolor sit amet, consectetur adipiscing elit, sed do eiusmod tempor incididunt ut labore et dolore magna aliqua. Turpis nunc eget lorem dolor sed. Aliquam eleifend mi in nulla posuere sollicitudin aliquam.<\/p><p>Posuere sollicitudin aliquam ultrices sagittis. Ornare arcu dui vivamus arcu felis bibendum ut tristique. Imperdiet proin fermentum leo vel orci porta non pulvinar. Ultricies mi quis hendrerit dolor. Nunc sed augue lacus viverra.<\/p>",
                                "align": "justify",
                                "_padding": {
                                    "unit": "em",
                                    "top": "1",
                                    "right": "0",
                                    "bottom": "0",
                                    "left": "0",
                                    "isLinked": false
                                }
                            },
                            "elements": [],
                            "isInner": false,
                            "widgetType": "text-editor",
                            "elType": "widget"
                        }
                    ],
                    "isInner": false,
                    "elType": "column"
                }
            ],
            "isInner": false,
            "elType": "section"
        },
        {
            "id": "73b8b34b",
            "settings": {
                "background_background": "classic",
                "background_overlay_background": "classic",
                "background_overlay_opacity": {
                    "unit": "px",
                    "size": 0.3,
                    "sizes": []
                },
                "background_overlay_hover_background": "classic",
                "border_radius": {
                    "unit": "px",
                    "top": "0",
                    "right": "0",
                    "bottom": "0",
                    "left": "0",
                    "isLinked": true
                },
                "__globals__": {
                    "background_color": "globals\/colors?id=b4bdeaa"
                },
                "padding": {
                    "unit": "em",
                    "top": "3",
                    "right": "0",
                    "bottom": "3",
                    "left": "0",
                    "isLinked": false
                },
                "gap": "no",
                "padding_tablet": {
                    "unit": "em",
                    "top": "3",
                    "right": "0",
                    "bottom": "3",
                    "left": "0",
                    "isLinked": false
                },
                "padding_mobile": {
                    "unit": "em",
                    "top": "3",
                    "right": "1",
                    "bottom": "3",
                    "left": "1",
                    "isLinked": false
                },
                "reverse_order_tablet": "reverse-tablet",
                "reverse_order_mobile": "reverse-mobile"
            },
            "elements": [
                {
                    "id": "62af6182",
                    "settings": {
                        "_column_size": 100,
                        "background_background": "classic",
                        "background_image": {
                            "url": "https:\/\/kit2.putracetol.com\/wp-content\/uploads\/2020\/11\/wedding-couple-on-the-french-riviera-wedding-in-pr-BA967A5.jpg",
                            "id": 612
                        },
                        "background_position": "initial",
                        "background_ypos": {
                            "unit": "px",
                            "size": -90,
                            "sizes": []
                        },
                        "background_repeat": "no-repeat",
                        "background_size": "initial",
                        "background_position_tablet": "initial",
                        "background_position_mobile": "initial",
                        "background_xpos_mobile": {
                            "unit": "px",
                            "size": -130,
                            "sizes": []
                        },
                        "background_ypos_tablet": {
                            "unit": "px",
                            "size": -40,
                            "sizes": []
                        },
                        "background_repeat_mobile": "no-repeat",
                        "background_size_mobile": "initial",
                        "background_bg_width_mobile": {
                            "unit": "px",
                            "size": 572,
                            "sizes": []
                        },
                        "background_ypos_mobile": {
                            "unit": "px",
                            "size": 30,
                            "sizes": []
                        },
                        "margin_tablet": {
                            "unit": "em",
                            "top": "1",
                            "right": "1",
                            "bottom": "1",
                            "left": "1",
                            "isLinked": true
                        },
                        "margin_mobile": {
                            "unit": "em",
                            "top": "0",
                            "right": "0",
                            "bottom": "0",
                            "left": "0",
                            "isLinked": false
                        },
                        "padding": {
                            "unit": "em",
                            "top": "",
                            "right": "",
                            "bottom": "",
                            "left": "",
                            "isLinked": true
                        }
                    },
                    "elements": [
                        {
                            "id": "63453ab8",
                            "settings": {
                                "space": {
                                    "unit": "px",
                                    "size": 440,
                                    "sizes": []
                                }
                            },
                            "elements": [],
                            "isInner": false,
                            "widgetType": "spacer",
                            "elType": "widget"
                        }
                    ],
                    "isInner": false,
                    "elType": "column"
                }
            ],
            "isInner": false,
            "elType": "section"
        },
        {
            "id": "11faca2c",
            "settings": {
                "structure": "30",
                "padding": {
                    "unit": "em",
                    "top": "3",
                    "right": "0",
                    "bottom": "3",
                    "left": "0",
                    "isLinked": false
                },
                "padding_tablet": {
                    "unit": "em",
                    "top": "3",
                    "right": "0",
                    "bottom": "3",
                    "left": "0",
                    "isLinked": false
                },
                "padding_mobile": {
                    "unit": "em",
                    "top": "3",
                    "right": "0",
                    "bottom": "0",
                    "left": "0",
                    "isLinked": false
                },
                "reverse_order_mobile": "reverse-mobile"
            },
            "elements": [
                {
                    "id": "464c33f3",
                    "settings": {
                        "_column_size": 33,
                        "_inline_size": null,
                        "_inline_size_tablet": 100,
                        "padding_mobile": {
                            "unit": "em",
                            "top": "1",
                            "right": "1",
                            "bottom": "1",
                            "left": "1",
                            "isLinked": true
                        }
                    },
                    "elements": [
                        {
                            "id": "fe00dbd",
                            "settings": {
                                "title": "Our experiences",
                                "typography_font_family": "EB Garamond",
                                "typography_font_weight": "600"
                            },
                            "elements": [],
                            "isInner": false,
                            "widgetType": "heading",
                            "elType": "widget"
                        },
                        {
                            "id": "453ae4cc",
                            "settings": {
                                "editor": "<p>Lorem ipsum dolor sit amet, consectetur adipiscing elit, sed do eiusmod tempor incididunt ut labore et dolore magna aliqua. Turpis nunc eget lorem dolor sed. Aliquam eleifend mi in nulla posuere sollicitudin aliquam.<\/p><p>Posuere sollicitudin aliquam ultrices sagittis. Ornare arcu dui vivamus arcu felis bibendum ut tristique. Imperdiet proin fermentum leo vel orci porta non pulvinar. Ultricies mi quis hendrerit dolor. Nunc sed augue lacus viverra.<\/p>",
                                "typography_font_family": "Montserrat",
                                "typography_font_weight": "400",
                                "typography_font_size": {
                                    "unit": "px",
                                    "size": 14,
                                    "sizes": []
                                },
                                "align": "justify",
                                "_element_width_mobile": "initial",
                                "_element_custom_width_tablet": {
                                    "unit": "vw",
                                    "size": 51,
                                    "sizes": []
                                },
                                "_element_custom_width_mobile": {
                                    "unit": "vw",
                                    "size": "",
                                    "sizes": []
                                }
                            },
                            "elements": [],
                            "isInner": false,
                            "widgetType": "text-editor",
                            "elType": "widget"
                        }
                    ],
                    "isInner": false,
                    "elType": "column"
                },
                {
                    "id": "25f0281e",
                    "settings": {
                        "_column_size": 33,
                        "_inline_size": null,
                        "_inline_size_tablet": 50
                    },
                    "elements": [
                        {
                            "id": "2be86f0d",
                            "settings": {
                                "image": {
                                    "url": "https:\/\/kit2.putracetol.com\/wp-content\/uploads\/2020\/11\/wedding-photos-PS9JEP4.jpg",
                                    "id": 613
                                },
                                "image_size": "custom",
                                "image_custom_dimension": {
                                    "width": "400",
                                    "height": "400"
                                }
                            },
                            "elements": [],
                            "isInner": false,
                            "widgetType": "image",
                            "elType": "widget"
                        }
                    ],
                    "isInner": false,
                    "elType": "column"
                },
                {
                    "id": "2c13c144",
                    "settings": {
                        "_column_size": 33,
                        "_inline_size": null,
                        "_inline_size_tablet": 50
                    },
                    "elements": [
                        {
                            "id": "7cff3e58",
                            "settings": {
                                "image": {
                                    "url": "https:\/\/kit2.putracetol.com\/wp-content\/uploads\/2020\/11\/affectionate-wedding-couple-going-to-kiss-on-beach-5NLGSLQ.jpg",
                                    "id": 594
                                },
                                "image_size": "custom",
                                "image_custom_dimension": {
                                    "width": "400",
                                    "height": "400"
                                }
                            },
                            "elements": [],
                            "isInner": false,
                            "widgetType": "image",
                            "elType": "widget"
                        }
                    ],
                    "isInner": false,
                    "elType": "column"
                }
            ],
            "isInner": false,
            "elType": "section"
        },
        {
            "id": "7bf50556",
            "settings": {
                "structure": "20",
                "background_background": "classic",
                "padding": {
                    "unit": "em",
                    "top": "3",
                    "right": "0",
                    "bottom": "3",
                    "left": "0",
                    "isLinked": false
                },
                "gap": "no",
                "padding_mobile": {
                    "unit": "em",
                    "top": "0",
                    "right": "0",
                    "bottom": "3",
                    "left": "0",
                    "isLinked": false
                },
                "padding_tablet": {
                    "unit": "em",
                    "top": "3",
                    "right": "0",
                    "bottom": "3",
                    "left": "0",
                    "isLinked": false
                }
            },
            "elements": [
                {
                    "id": "471cb9fb",
                    "settings": {
                        "_column_size": 50,
                        "_inline_size": null
                    },
                    "elements": [
                        {
                            "id": "5a345cd6",
                            "settings": {
                                "image": {
                                    "url": "https:\/\/kit2.putracetol.com\/wp-content\/uploads\/2020\/11\/wedding-bouquet-of-flowers-NPZY53T.jpg",
                                    "id": 608
                                },
                                "image_size": "custom",
                                "image_custom_dimension": {
                                    "width": "600",
                                    "height": "600"
                                },
                                "_padding_tablet": {
                                    "unit": "em",
                                    "top": "0",
                                    "right": "0",
                                    "bottom": "0",
                                    "left": "1",
                                    "isLinked": false
                                },
                                "_padding_mobile": {
                                    "unit": "em",
                                    "top": "0.5",
                                    "right": "0.5",
                                    "bottom": "0.5",
                                    "left": "0.5",
                                    "isLinked": true
                                }
                            },
                            "elements": [],
                            "isInner": false,
                            "widgetType": "image",
                            "elType": "widget"
                        }
                    ],
                    "isInner": false,
                    "elType": "column"
                },
                {
                    "id": "31892e91",
                    "settings": {
                        "_column_size": 50,
                        "_inline_size": null,
                        "content_position": "center",
                        "padding": {
                            "unit": "em",
                            "top": "2",
                            "right": "2",
                            "bottom": "2",
                            "left": "2",
                            "isLinked": false
                        },
                        "padding_tablet": {
                            "unit": "em",
                            "top": "1",
                            "right": "1",
                            "bottom": "1",
                            "left": "1",
                            "isLinked": false
                        },
                        "padding_mobile": {
                            "unit": "em",
                            "top": "1",
                            "right": "1",
                            "bottom": "1",
                            "left": "1",
                            "isLinked": true
                        }
                    },
                    "elements": [
                        {
                            "id": "2428105c",
                            "settings": {
                                "title": "Our History",
                                "typography_font_family": "EB Garamond",
                                "typography_font_weight": "600"
                            },
                            "elements": [],
                            "isInner": false,
                            "widgetType": "heading",
                            "elType": "widget"
                        },
                        {
                            "id": "2213ae92",
                            "settings": {
                                "editor": "<p>Lorem ipsum dolor sit amet, consectetur adipiscing elit, sed do eiusmod tempor incididunt ut labore et dolore magna aliqua. Venenatis lectus magna fringilla urna porttitor rhoncus dolor. A condimentum vitae sapien pellentesque habitant morbi tristique. Magna sit amet purus gravida quis blandit turpis cursus in. Et malesuada fames ac turpis.<\/p><p>Sed turpis tincidunt id aliquet risus feugiat in ante metus. Ipsum faucibus vitae aliquet nec ullamcorper sit amet. Pellentesque massa placerat duis ultricies lacus sed. Aenean pharetra magna ac placerat vestibulum lectus mauris ultrices.<\/p>",
                                "typography_font_family": "Montserrat",
                                "typography_font_weight": "400",
                                "typography_font_size": {
                                    "unit": "px",
                                    "size": 14,
                                    "sizes": []
                                },
                                "_element_width_mobile": "initial",
                                "_element_custom_width_tablet": {
                                    "unit": "vw",
                                    "size": 51,
                                    "sizes": []
                                },
                                "align_tablet": "justify",
                                "align": "justify"
                            },
                            "elements": [],
                            "isInner": false,
                            "widgetType": "text-editor",
                            "elType": "widget"
                        }
                    ],
                    "isInner": false,
                    "elType": "column"
                }
            ],
            "isInner": false,
            "elType": "section"
        },
        {
            "id": "5f057ba",
            "settings": {
                "background_background": "classic",
                "background_color": "#FDF9F6",
                "padding": {
                    "unit": "em",
                    "top": "3",
                    "right": "0",
                    "bottom": "3",
                    "left": "0",
                    "isLinked": false
                },
                "gap": "no",
                "padding_tablet": {
                    "unit": "em",
                    "top": "3",
                    "right": "0",
                    "bottom": "3",
                    "left": "0",
                    "isLinked": false
                },
                "padding_mobile": {
                    "unit": "em",
                    "top": "3",
                    "right": "0",
                    "bottom": "3",
                    "left": "0",
                    "isLinked": false
                }
            },
            "elements": [
                {
                    "id": "3c7e03c0",
                    "settings": {
                        "_column_size": 100,
                        "_inline_size": null,
                        "text_align": "center"
                    },
                    "elements": [
                        {
                            "id": "6682c6e",
                            "settings": {
                                "title": "What they say about us",
                                "__globals__": {
                                    "title_color": ""
                                }
                            },
                            "elements": [],
                            "isInner": false,
                            "widgetType": "heading",
                            "elType": "widget"
                        },
                        {
                            "id": "49813332",
                            "settings": {
                                "slides": [
                                    {
                                        "content": "Lorem ipsum dolor sit amet, consectetur adipiscing elit, sed do eiusmod tempor incididunt ut labore et dolore magna aliqua. Porttitor lacus luctus accumsan tortor posuere ac ut consequat semper. ",
                                        "name": "Astrajingga",
                                        "title": "Married on 12 February 2019",
                                        "image": {
                                            "url": "https:\/\/kit2.putracetol.com\/wp-content\/uploads\/2020\/11\/14.png",
                                            "id": 631
                                        },
                                        "_id": "a39583c"
                                    },
                                    {
                                        "content": "Lorem ipsum dolor sit amet, consectetur adipiscing elit, sed do eiusmod tempor incididunt ut labore et dolore magna aliqua. Porttitor lacus luctus accumsan tortor posuere ac ut consequat semper. ",
                                        "name": "John Doe",
                                        "title": "Married on 12 February 2019",
                                        "image": {
                                            "url": "https:\/\/kit2.putracetol.com\/wp-content\/uploads\/2020\/11\/12.png",
                                            "id": 630
                                        },
                                        "_id": "34d09bc"
                                    },
                                    {
                                        "content": "Lorem ipsum dolor sit amet, consectetur adipiscing elit, sed do eiusmod tempor incididunt ut labore et dolore magna aliqua. Porttitor lacus luctus accumsan tortor posuere ac ut consequat semper. ",
                                        "name": "John Doe",
                                        "title": "Married on 12 February 2019",
                                        "image": {
                                            "url": "https:\/\/kit2.putracetol.com\/wp-content\/uploads\/2020\/11\/8.png",
                                            "id": 629
                                        },
                                        "_id": "4f725bb"
                                    }
                                ],
                                "layout": "image_above",
                                "content_typography_font_family": "Montserrat",
                                "content_typography_font_size": {
                                    "unit": "px",
                                    "size": 14,
                                    "sizes": []
                                },
                                "content_typography_font_weight": "400",
                                "slides_per_view": "1",
                                "width": {
                                    "unit": "%",
                                    "size": 56,
                                    "sizes": []
                                },
                                "width_mobile": {
                                    "unit": "%",
                                    "size": 70,
                                    "sizes": []
                                },
                                "autoplay": "",
                                "_margin_mobile": {
                                    "unit": "px",
                                    "top": "0",
                                    "right": "0",
                                    "bottom": "0",
                                    "left": "0",
                                    "isLinked": true
                                },
                                "_padding_mobile": {
                                    "unit": "px",
                                    "top": "0",
                                    "right": "0",
                                    "bottom": "0",
                                    "left": "0",
                                    "isLinked": true
                                }
                            },
                            "elements": [],
                            "isInner": false,
                            "widgetType": "testimonial-carousel",
                            "elType": "widget"
                        }
                    ],
                    "isInner": false,
                    "elType": "column"
                }
            ],
            "isInner": false,
            "elType": "section"
        }
    ],
    "page_settings": {
        "hide_title": "yes",
        "template": "elementor_header_footer"
    }
}