{
    "version": "0.4",
    "title": "Archive",
    "type": "archive",
    "metadata": {
        "template_type": "archive-blog",
        "include_in_zip": "1",
        "elementor_pro_required": "1",
        "elementor_library_type": "archive",
        "elementor_pro_conditions": [
            "include\/archive"
        ],
        "additional_template_information": [
            "This is a \"Archive\" template for Elementor Pro.",
            "This template will display on: All Archives."
        ],
        "wp_page_template": "default"
    },
    "content": [
        {
            "id": "2ff56d7",
            "settings": {
                "background_background": "classic",
                "background_color": "#C0A47C",
                "border_radius": {
                    "unit": "px",
                    "top": "0",
                    "right": "0",
                    "bottom": "0",
                    "left": "0",
                    "isLinked": true
                },
                "padding": {
                    "unit": "em",
                    "top": "2",
                    "right": "0",
                    "bottom": "6",
                    "left": "0",
                    "isLinked": false
                },
                "background_color_stop": {
                    "unit": "%",
                    "size": 50,
                    "sizes": []
                },
                "background_color_b": "#FFFFFF",
                "background_color_b_stop": {
                    "unit": "%",
                    "size": 50,
                    "sizes": []
                }
            },
            "elements": [
                {
                    "id": "353f09ae",
                    "settings": {
                        "_column_size": 100,
                        "_inline_size": null,
                        "padding_mobile": {
                            "unit": "em",
                            "top": "0",
                            "right": "0",
                            "bottom": "0",
                            "left": "0",
                            "isLinked": true
                        },
                        "text_align": "center"
                    },
                    "elements": [
                        {
                            "id": "526f031f",
                            "settings": {
                                "__dynamic__": {
                                    "title": "[elementor-tag id=\"\" name=\"archive-title\" settings=\"%7B%22include_context%22%3A%22yes%22%2C%22before%22%3A%22%22%2C%22after%22%3A%22%22%2C%22fallback%22%3A%22%22%7D\"]"
                                },
                                "title": "Add Your Heading Text Here",
                                "header_size": "h2",
                                "_padding": {
                                    "unit": "em",
                                    "top": "2",
                                    "right": "0",
                                    "bottom": "0",
                                    "left": "0",
                                    "isLinked": false
                                },
                                "__globals__": {
                                    "title_color": "globals\/colors?id=b4bdeaa"
                                }
                            },
                            "elements": [],
                            "isInner": false,
                            "widgetType": "theme-archive-title",
                            "elType": "widget"
                        }
                    ],
                    "isInner": false,
                    "elType": "column"
                }
            ],
            "isInner": false,
            "elType": "section"
        },
        {
            "id": "10112726",
            "settings": {
                "margin": {
                    "unit": "em",
                    "top": "-4",
                    "right": 0,
                    "bottom": "0",
                    "left": 0,
                    "isLinked": false
                }
            },
            "elements": [
                {
                    "id": "6fb78ad2",
                    "settings": {
                        "_column_size": 100,
                        "_inline_size": null,
                        "background_background": "classic",
                        "background_image": {
                            "url": "https:\/\/kit2.putracetol.com\/wp-content\/uploads\/2020\/11\/wedding-couple-on-the-french-riviera-wedding-in-pr-BA967A5.jpg",
                            "id": 612
                        },
                        "background_position": "center center",
                        "background_repeat": "no-repeat",
                        "background_size": "initial",
                        "margin_tablet": {
                            "unit": "em",
                            "top": "-4",
                            "right": "0.5",
                            "bottom": "0.5",
                            "left": "0.5",
                            "isLinked": false
                        },
                        "margin_mobile": {
                            "unit": "em",
                            "top": "0.5",
                            "right": "0.5",
                            "bottom": "0.5",
                            "left": "0.5",
                            "isLinked": true
                        }
                    },
                    "elements": [
                        {
                            "id": "13718a63",
                            "settings": {
                                "space": {
                                    "unit": "px",
                                    "size": 500,
                                    "sizes": []
                                }
                            },
                            "elements": [],
                            "isInner": false,
                            "widgetType": "spacer",
                            "elType": "widget"
                        },
                        {
                            "id": "4c2db396",
                            "settings": {
                                "background_background": "classic",
                                "margin": {
                                    "unit": "px",
                                    "top": "",
                                    "right": 0,
                                    "bottom": "",
                                    "left": 0,
                                    "isLinked": true
                                }
                            },
                            "elements": [
                                {
                                    "id": "228d7d8b",
                                    "settings": {
                                        "_column_size": 100,
                                        "_inline_size": null,
                                        "background_background": "classic",
                                        "text_align": "center",
                                        "margin": {
                                            "unit": "em",
                                            "top": "-25",
                                            "right": "47",
                                            "bottom": "20",
                                            "left": "-0.7",
                                            "isLinked": false
                                        },
                                        "margin_tablet": {
                                            "unit": "em",
                                            "top": "-22",
                                            "right": "30",
                                            "bottom": "16",
                                            "left": "-0.7",
                                            "isLinked": false
                                        },
                                        "margin_mobile": {
                                            "unit": "em",
                                            "top": "-8",
                                            "right": "0",
                                            "bottom": "0",
                                            "left": "0",
                                            "isLinked": false
                                        },
                                        "__globals__": {
                                            "background_color": "globals\/colors?id=80ce3cd"
                                        }
                                    },
                                    "elements": [
                                        {
                                            "id": "35bf2afb",
                                            "settings": {
                                                "title": "Your blog tittle",
                                                "__globals__": {
                                                    "title_color": "globals\/colors?id=b4bdeaa"
                                                }
                                            },
                                            "elements": [],
                                            "isInner": false,
                                            "widgetType": "heading",
                                            "elType": "widget"
                                        },
                                        {
                                            "id": "7e831afe",
                                            "settings": {
                                                "editor": "<p>Lorem ipsum dolor sit amet, consectetur adipiscing elit.<\/p>",
                                                "__globals__": {
                                                    "text_color": "globals\/colors?id=b4bdeaa"
                                                }
                                            },
                                            "elements": [],
                                            "isInner": false,
                                            "widgetType": "text-editor",
                                            "elType": "widget"
                                        }
                                    ],
                                    "isInner": true,
                                    "elType": "column"
                                }
                            ],
                            "isInner": true,
                            "elType": "section"
                        }
                    ],
                    "isInner": false,
                    "elType": "column"
                }
            ],
            "isInner": false,
            "elType": "section"
        },
        {
            "id": "d47e772",
            "settings": {
                "gap": "no",
                "padding": {
                    "unit": "em",
                    "top": "3",
                    "right": "0",
                    "bottom": "0",
                    "left": "0",
                    "isLinked": false
                }
            },
            "elements": [
                {
                    "id": "4322b786",
                    "settings": {
                        "_column_size": 100,
                        "_inline_size": null,
                        "align": "center",
                        "text_align": "center"
                    },
                    "elements": [
                        {
                            "id": "e756fe3",
                            "settings": {
                                "title": "Blog Archive",
                                "typography_font_family": "EB Garamond",
                                "typography_font_weight": "600"
                            },
                            "elements": [],
                            "isInner": false,
                            "widgetType": "heading",
                            "elType": "widget"
                        },
                        {
                            "id": "282a936c",
                            "settings": {
                                "editor": "<p>Lorem ipsum dolor sit amet, consectetur adipiscing elit. Maecenas porttitor<\/p>",
                                "typography_font_family": "Montserrat",
                                "typography_font_size": {
                                    "unit": "px",
                                    "size": 14,
                                    "sizes": []
                                },
                                "typography_font_weight": "500",
                                "_element_width": "initial",
                                "_element_width_tablet": "initial",
                                "_element_width_mobile": "initial",
                                "_element_custom_width": {
                                    "unit": "vw",
                                    "size": 26,
                                    "sizes": []
                                },
                                "_element_custom_width_tablet": {
                                    "unit": "vw",
                                    "size": 40,
                                    "sizes": []
                                },
                                "_element_vertical_align": "center",
                                "_element_vertical_align_tablet": "center",
                                "align": "center"
                            },
                            "elements": [],
                            "isInner": false,
                            "widgetType": "text-editor",
                            "elType": "widget"
                        }
                    ],
                    "isInner": false,
                    "elType": "column"
                }
            ],
            "isInner": false,
            "elType": "section"
        },
        {
            "id": "2a4856a4",
            "settings": {
                "__globals__": {
                    "color_text": "",
                    "color_link": "globals\/colors?id=secondary"
                },
                "margin": {
                    "unit": "em",
                    "top": "0",
                    "right": 0,
                    "bottom": "0",
                    "left": 0,
                    "isLinked": true
                },
                "padding": {
                    "unit": "em",
                    "top": "0",
                    "right": "0",
                    "bottom": "3",
                    "left": "0",
                    "isLinked": false
                },
                "padding_tablet": {
                    "unit": "em",
                    "top": "0",
                    "right": "0",
                    "bottom": "3",
                    "left": "0",
                    "isLinked": false
                },
                "padding_mobile": {
                    "unit": "em",
                    "top": "0",
                    "right": "0",
                    "bottom": "3",
                    "left": "0",
                    "isLinked": false
                }
            },
            "elements": [
                {
                    "id": "2b0d0011",
                    "settings": {
                        "_column_size": 100,
                        "_inline_size": null
                    },
                    "elements": [
                        {
                            "id": "49473318",
                            "settings": {
                                "archive_classic_meta_data": [],
                                "archive_classic_meta_separator": "\/\/\/",
                                "archive_classic_show_read_more": "",
                                "archive_classic_read_more_text": "Read More \u00bb",
                                "archive_cards_meta_separator": "\u2022",
                                "archive_cards_read_more_text": "Read More \u00bb",
                                "archive_full_content_meta_separator": "\/\/\/",
                                "pagination_page_limit": "5",
                                "pagination_prev_label": "&laquo; Previous",
                                "pagination_next_label": "Next &raquo;",
                                "pagination_align": "",
                                "nothing_found_message": "It seems we can't find what you're looking for."
                            },
                            "elements": [],
                            "isInner": false,
                            "widgetType": "archive-posts",
                            "elType": "widget"
                        }
                    ],
                    "isInner": false,
                    "elType": "column"
                }
            ],
            "isInner": false,
            "elType": "section"
        }
    ],
    "page_settings": {
        "page_template": "elementor_header_footer"
    }
}