{
    "version": "0.4",
    "title": "Footer",
    "type": "footer",
    "metadata": {
        "template_type": "section-footer",
        "include_in_zip": "1",
        "elementor_pro_required": "1",
        "elementor_library_type": "footer",
        "elementor_pro_conditions": [
            "include\/general"
        ],
        "additional_template_information": [
            "This is a \"Footer\" template for Elementor Pro.",
            "This template will display on: Entire Site."
        ],
        "wp_page_template": "default"
    },
    "content": [
        {
            "id": "6c080acc",
            "settings": {
                "structure": "40",
                "background_background": "classic",
                "background_color": "#C0A47C",
                "padding": {
                    "unit": "em",
                    "top": "3",
                    "right": "0",
                    "bottom": "3",
                    "left": "0",
                    "isLinked": false
                }
            },
            "elements": [
                {
                    "id": "7631ec7",
                    "settings": {
                        "_column_size": 25,
                        "_inline_size": null,
                        "margin_mobile": {
                            "unit": "em",
                            "top": "0",
                            "right": "0",
                            "bottom": "2",
                            "left": "0",
                            "isLinked": false
                        }
                    },
                    "elements": [
                        {
                            "id": "46f880b2",
                            "settings": {
                                "title": "Category",
                                "size": "medium",
                                "title_color": "#FDF9F6",
                                "typography_typography": "custom",
                                "typography_font_family": "Montserrat",
                                "typography_font_weight": "600",
                                "header_size": "h3",
                                "align_mobile": "center"
                            },
                            "elements": [],
                            "isInner": false,
                            "widgetType": "heading",
                            "elType": "widget"
                        },
                        {
                            "id": "1acb6ba4",
                            "settings": {
                                "layout": "dropdown",
                                "align_items": "left",
                                "pointer": "none",
                                "dropdown": "none",
                                "menu_typography_typography": "custom",
                                "menu_typography_font_family": "Montserrat",
                                "menu_typography_font_size": {
                                    "unit": "px",
                                    "size": 15,
                                    "sizes": []
                                },
                                "menu_typography_font_weight": "400",
                                "color_menu_item": "#FDF9F6",
                                "padding_horizontal_menu_item": {
                                    "unit": "px",
                                    "size": 4,
                                    "sizes": []
                                },
                                "padding_vertical_menu_item": {
                                    "unit": "px",
                                    "size": 7,
                                    "sizes": []
                                },
                                "__globals__": {
                                    "color_menu_item": "globals\/colors?id=b4bdeaa",
                                    "color_menu_item_hover": "globals\/colors?id=text",
                                    "background_color_dropdown_item": "globals\/colors?id=80ce3cd",
                                    "color_dropdown_item": "globals\/colors?id=bda79c4",
                                    "background_color_dropdown_item_hover": "globals\/colors?id=b4bdeaa",
                                    "color_dropdown_item_hover": "globals\/colors?id=80ce3cd"
                                },
                                "indicator": "none"
                            },
                            "elements": [],
                            "isInner": false,
                            "widgetType": "nav-menu",
                            "elType": "widget"
                        }
                    ],
                    "isInner": false,
                    "elType": "column"
                },
                {
                    "id": "74572fee",
                    "settings": {
                        "_column_size": 25,
                        "_inline_size": null,
                        "margin_mobile": {
                            "unit": "em",
                            "top": "0",
                            "right": "0",
                            "bottom": "2",
                            "left": "0",
                            "isLinked": false
                        }
                    },
                    "elements": [
                        {
                            "id": "14c009a5",
                            "settings": {
                                "title": "Term & Service",
                                "size": "medium",
                                "title_color": "#FDF9F6",
                                "typography_typography": "custom",
                                "typography_font_family": "Montserrat",
                                "typography_font_weight": "600",
                                "header_size": "h3",
                                "align_mobile": "center"
                            },
                            "elements": [],
                            "isInner": false,
                            "widgetType": "heading",
                            "elType": "widget"
                        },
                        {
                            "id": "397f3834",
                            "settings": {
                                "layout": "dropdown",
                                "align_items": "left",
                                "pointer": "none",
                                "dropdown": "none",
                                "menu_typography_typography": "custom",
                                "menu_typography_font_family": "Montserrat",
                                "menu_typography_font_size": {
                                    "unit": "px",
                                    "size": 15,
                                    "sizes": []
                                },
                                "menu_typography_font_weight": "400",
                                "color_menu_item": "#FDF9F6",
                                "padding_horizontal_menu_item": {
                                    "unit": "px",
                                    "size": 4,
                                    "sizes": []
                                },
                                "padding_vertical_menu_item": {
                                    "unit": "px",
                                    "size": 7,
                                    "sizes": []
                                },
                                "__globals__": {
                                    "color_menu_item": "globals\/colors?id=b4bdeaa",
                                    "color_menu_item_hover": "globals\/colors?id=text",
                                    "background_color_dropdown_item": "globals\/colors?id=80ce3cd",
                                    "color_dropdown_item": "globals\/colors?id=bda79c4",
                                    "background_color_dropdown_item_hover": "globals\/colors?id=b4bdeaa",
                                    "color_dropdown_item_hover": "globals\/colors?id=80ce3cd"
                                },
                                "indicator": "none"
                            },
                            "elements": [],
                            "isInner": false,
                            "widgetType": "nav-menu",
                            "elType": "widget"
                        }
                    ],
                    "isInner": false,
                    "elType": "column"
                },
                {
                    "id": "6f465df3",
                    "settings": {
                        "_column_size": 25,
                        "_inline_size": null,
                        "margin_mobile": {
                            "unit": "em",
                            "top": "0",
                            "right": "0",
                            "bottom": "2",
                            "left": "0",
                            "isLinked": false
                        }
                    },
                    "elements": [
                        {
                            "id": "1fa55a24",
                            "settings": {
                                "title": "Company",
                                "size": "medium",
                                "title_color": "#FDF9F6",
                                "typography_typography": "custom",
                                "typography_font_family": "Montserrat",
                                "typography_font_weight": "600",
                                "header_size": "h3",
                                "align_mobile": "center"
                            },
                            "elements": [],
                            "isInner": false,
                            "widgetType": "heading",
                            "elType": "widget"
                        },
                        {
                            "id": "79417e02",
                            "settings": {
                                "layout": "dropdown",
                                "align_items": "left",
                                "pointer": "none",
                                "dropdown": "none",
                                "menu_typography_typography": "custom",
                                "menu_typography_font_family": "Montserrat",
                                "menu_typography_font_size": {
                                    "unit": "px",
                                    "size": 15,
                                    "sizes": []
                                },
                                "menu_typography_font_weight": "400",
                                "color_menu_item": "#FDF9F6",
                                "padding_horizontal_menu_item": {
                                    "unit": "px",
                                    "size": 4,
                                    "sizes": []
                                },
                                "padding_vertical_menu_item": {
                                    "unit": "px",
                                    "size": 7,
                                    "sizes": []
                                },
                                "__globals__": {
                                    "color_menu_item": "globals\/colors?id=b4bdeaa",
                                    "color_menu_item_hover": "globals\/colors?id=text",
                                    "background_color_dropdown_item": "globals\/colors?id=80ce3cd",
                                    "color_dropdown_item": "globals\/colors?id=bda79c4",
                                    "background_color_dropdown_item_hover": "globals\/colors?id=b4bdeaa",
                                    "color_dropdown_item_hover": "globals\/colors?id=80ce3cd"
                                },
                                "indicator": "none"
                            },
                            "elements": [],
                            "isInner": false,
                            "widgetType": "nav-menu",
                            "elType": "widget"
                        }
                    ],
                    "isInner": false,
                    "elType": "column"
                },
                {
                    "id": "30410dd4",
                    "settings": {
                        "_column_size": 25,
                        "_inline_size": null,
                        "space_between_widgets": 9
                    },
                    "elements": [
                        {
                            "id": "12d04dc1",
                            "settings": {
                                "title": "Social Media",
                                "size": "medium",
                                "title_color": "#FDF9F6",
                                "typography_typography": "custom",
                                "typography_font_family": "Montserrat",
                                "typography_font_weight": "600",
                                "header_size": "h3",
                                "align_mobile": "center",
                                "_margin": {
                                    "unit": "em",
                                    "top": "0",
                                    "right": "0",
                                    "bottom": "1",
                                    "left": "0",
                                    "isLinked": false
                                }
                            },
                            "elements": [],
                            "isInner": false,
                            "widgetType": "heading",
                            "elType": "widget"
                        },
                        {
                            "id": "3f12dcaa",
                            "settings": {
                                "social_icon_list": [
                                    {
                                        "social_icon": {
                                            "value": "fab fa-facebook",
                                            "library": "fa-brands"
                                        },
                                        "_id": "dfed591",
                                        "item_icon_color": "custom",
                                        "item_icon_primary_color": "#FDF9F6",
                                        "item_icon_secondary_color": "#C0A47C"
                                    },
                                    {
                                        "social_icon": {
                                            "value": "fab fa-twitter",
                                            "library": "fa-brands"
                                        },
                                        "_id": "4c5cbc3",
                                        "item_icon_color": "custom",
                                        "item_icon_primary_color": "#FDF9F6",
                                        "item_icon_secondary_color": "#C0A47C"
                                    },
                                    {
                                        "social_icon": {
                                            "value": "fab fa-youtube",
                                            "library": "fa-brands"
                                        },
                                        "_id": "5b08719",
                                        "item_icon_color": "custom",
                                        "item_icon_primary_color": "#FDF9F6",
                                        "item_icon_secondary_color": "#C0A47C"
                                    }
                                ],
                                "shape": "circle",
                                "align": "left",
                                "icon_size": {
                                    "unit": "px",
                                    "size": 18,
                                    "sizes": []
                                },
                                "icon_padding": {
                                    "unit": "em",
                                    "size": 0.4,
                                    "sizes": []
                                },
                                "icon_spacing": {
                                    "unit": "px",
                                    "size": 15,
                                    "sizes": []
                                },
                                "align_mobile": "center",
                                "_margin": {
                                    "unit": "em",
                                    "top": "0",
                                    "right": "0",
                                    "bottom": "0",
                                    "left": "0",
                                    "isLinked": false
                                },
                                "_padding": {
                                    "unit": "em",
                                    "top": "0",
                                    "right": "0",
                                    "bottom": "0",
                                    "left": "0",
                                    "isLinked": false
                                }
                            },
                            "elements": [],
                            "isInner": false,
                            "widgetType": "social-icons",
                            "elType": "widget"
                        }
                    ],
                    "isInner": false,
                    "elType": "column"
                }
            ],
            "isInner": false,
            "elType": "section"
        }
    ]
}