{
    "version": "0.4",
    "title": "Global Kit Styles",
    "type": "section",
    "metadata": {
        "template_type": "global-styles",
        "include_in_zip": "1",
        "elementor_pro_required": "1",
        "additional_template_information": [
            "These are the global theme styles configured through the Elementor Theme Styles area."
        ],
        "wp_page_template": "default"
    },
    "content": [],
    "page_settings": {
        "custom_colors": [
            {
                "_id": "574f41c",
                "title": "Dark Grey",
                "color": "#7A7A7A"
            },
            {
                "_id": "80ce3cd",
                "title": "Dark Brown",
                "color": "#C0A47C"
            },
            {
                "_id": "b4bdeaa",
                "title": "Cream",
                "color": "#FDF9F6"
            },
            {
                "_id": "bda79c4",
                "title": "White",
                "color": "#FFFFFF"
            }
        ],
        "system_colors": [
            {
                "_id": "primary",
                "title": "Primary",
                "color": "#6EC1E4"
            },
            {
                "_id": "secondary",
                "title": "Secondary",
                "color": "#54595F"
            },
            {
                "_id": "text",
                "title": "Text",
                "color": "#7A7A7A"
            },
            {
                "_id": "accent",
                "title": "Accent",
                "color": "#61CE70"
            }
        ],
        "system_typography": [
            {
                "_id": "primary",
                "title": "Primary",
                "typography_typography": "custom",
                "typography_font_family": "EB Garamond",
                "typography_font_weight": "600"
            },
            {
                "_id": "secondary",
                "title": "Secondary",
                "typography_typography": "custom",
                "typography_font_family": "Montserrat",
                "typography_font_weight": "400"
            },
            {
                "_id": "text",
                "title": "Text",
                "typography_typography": "custom",
                "typography_font_family": "Montserrat",
                "typography_font_weight": "400"
            },
            {
                "_id": "accent",
                "title": "Accent",
                "typography_typography": "custom",
                "typography_font_family": "Montserrat",
                "typography_font_weight": "500"
            }
        ],
        "custom_typography": [
            {
                "_id": "0e1c30a",
                "title": "Caption",
                "typography_typography": "custom",
                "typography_font_family": "Montserrat",
                "typography_font_weight": "600"
            },
            {
                "_id": "1383ac2",
                "title": "Caption2",
                "typography_typography": "custom",
                "typography_font_family": "Montserrat",
                "typography_font_size": {
                    "unit": "px",
                    "size": 20,
                    "sizes": []
                },
                "typography_font_weight": "600"
            },
            {
                "_id": "a548c40",
                "title": "Pricing Table",
                "typography_typography": "custom",
                "typography_font_family": "Montserrat",
                "typography_font_size": {
                    "unit": "px",
                    "size": 35,
                    "sizes": []
                },
                "typography_font_weight": "600"
            }
        ],
        "default_generic_fonts": "Sans-serif",
        "site_name": "Jemari",
        "site_description": "Wedding Template Kit",
        "page_title_selector": "h1.entry-title",
        "activeItemIndex": 1,
        "body_typography_font_family": "Montserrat",
        "h1_typography_typography": "custom",
        "h2_typography_typography": "custom",
        "h3_typography_typography": "custom",
        "link_normal_typography_font_family": "Montserrat",
        "h1_typography_font_family": "EB Garamond",
        "h1_typography_font_size": {
            "unit": "px",
            "size": 50,
            "sizes": []
        },
        "h1_typography_font_weight": "600",
        "body_typography_font_weight": "400",
        "h2_typography_font_family": "EB Garamond",
        "h2_typography_font_weight": "600",
        "h3_typography_font_family": "EB Garamond",
        "h3_typography_font_weight": "600",
        "h4_typography_typography": "custom",
        "h4_typography_font_family": "EB Garamond",
        "h4_typography_font_weight": "600",
        "h5_typography_typography": "custom",
        "h5_typography_font_family": "EB Garamond",
        "h5_typography_font_weight": "600",
        "h6_typography_typography": "custom",
        "h6_typography_font_family": "EB Garamond",
        "h6_typography_font_weight": "600",
        "button_typography_typography": "custom",
        "button_typography_font_family": "Montserrat",
        "button_typography_font_weight": "600",
        "button_text_color": "#FFFFFF",
        "button_padding": {
            "unit": "em",
            "top": "1",
            "right": "3",
            "bottom": "1",
            "left": "3",
            "isLinked": false
        },
        "__globals__": {
            "button_background_color": "globals\/colors?id=80ce3cd"
        },
        "body_typography_font_size": {
            "unit": "px",
            "size": 14,
            "sizes": []
        },
        "h2_typography_font_size": {
            "unit": "px",
            "size": 38,
            "sizes": []
        },
        "h3_typography_font_size": {
            "unit": "px",
            "size": 28,
            "sizes": []
        },
        "h4_typography_font_size": {
            "unit": "px",
            "size": 24,
            "sizes": []
        },
        "h5_typography_font_size": {
            "unit": "px",
            "size": 20,
            "sizes": []
        },
        "h6_typography_font_size": {
            "unit": "px",
            "size": 16,
            "sizes": []
        },
        "link_normal_typography_typography": "custom",
        "body_typography_typography": "custom",
        "paragraph_spacing": {
            "unit": "px",
            "size": 6,
            "sizes": []
        },
        "h2_typography_font_size_tablet": {
            "unit": "px",
            "size": 32,
            "sizes": []
        },
        "h2_typography_font_size_mobile": {
            "unit": "px",
            "size": 32,
            "sizes": []
        },
        "h1_typography_font_size_tablet": {
            "unit": "px",
            "size": 40,
            "sizes": []
        },
        "h1_typography_font_size_mobile": {
            "unit": "px",
            "size": 30,
            "sizes": []
        },
        "body_typography_font_size_tablet": {
            "unit": "px",
            "size": 12,
            "sizes": []
        }
    }
}