{
    "version": "0.4",
    "title": "Header",
    "type": "header",
    "metadata": {
        "template_type": "section-header",
        "include_in_zip": "1",
        "elementor_pro_required": "1",
        "elementor_library_type": "header",
        "elementor_pro_conditions": [
            "include\/general"
        ],
        "additional_template_information": [
            "This is a \"Header\" template for Elementor Pro.",
            "This template will display on: Entire Site."
        ],
        "wp_page_template": "default"
    },
    "content": [
        {
            "id": "1cde4f2d",
            "settings": {
                "structure": "20"
            },
            "elements": [
                {
                    "id": "2eef343d",
                    "settings": {
                        "_column_size": 50,
                        "_inline_size": null,
                        "_inline_size_mobile": 50
                    },
                    "elements": [
                        {
                            "id": "1e732093",
                            "settings": {
                                "title": "Jemari",
                                "title_color": "#C0A47C",
                                "typography_typography": "custom",
                                "typography_font_family": "EB Garamond",
                                "typography_font_weight": "600"
                            },
                            "elements": [],
                            "isInner": false,
                            "widgetType": "heading",
                            "elType": "widget"
                        }
                    ],
                    "isInner": false,
                    "elType": "column"
                },
                {
                    "id": "67af1e7a",
                    "settings": {
                        "_column_size": 50,
                        "_inline_size": null,
                        "_inline_size_mobile": 50
                    },
                    "elements": [
                        {
                            "id": "7dbedff9",
                            "settings": {
                                "dropdown": "mobile",
                                "menu_typography_typography": "custom",
                                "menu_typography_font_family": "EB Garamond",
                                "menu_typography_font_weight": "600",
                                "color_menu_item_hover": "#C0A47C",
                                "pointer_color_menu_item_hover": "#C0A47C",
                                "align_items": "right",
                                "toggle_align": "right",
                                "pointer": "background",
                                "__globals__": {
                                    "color_menu_item": "globals\/colors?id=80ce3cd",
                                    "color_menu_item_hover": "globals\/colors?id=b4bdeaa",
                                    "color_dropdown_item": "globals\/colors?id=80ce3cd",
                                    "color_dropdown_item_hover": "globals\/colors?id=bda79c4",
                                    "background_color_dropdown_item_hover": "globals\/colors?id=80ce3cd"
                                }
                            },
                            "elements": [],
                            "isInner": false,
                            "widgetType": "nav-menu",
                            "elType": "widget"
                        }
                    ],
                    "isInner": false,
                    "elType": "column"
                }
            ],
            "isInner": false,
            "elType": "section"
        }
    ]
}