{
    "version": "0.4",
    "title": "Our galleries",
    "type": "page",
    "metadata": {
        "template_type": "single-page",
        "include_in_zip": "1",
        "elementor_pro_required": "1",
        "wp_page_template": "elementor_header_footer"
    },
    "content": [
        {
            "id": "421976cf",
            "settings": {
                "background_background": "classic",
                "__globals__": {
                    "background_color": "globals\/colors?id=80ce3cd"
                }
            },
            "elements": [
                {
                    "id": "790f82a6",
                    "settings": {
                        "_column_size": 100,
                        "_inline_size": null,
                        "text_align": "center"
                    },
                    "elements": [
                        {
                            "id": "4cbc5833",
                            "settings": {
                                "title": "Our galleries",
                                "typography_font_family": "EB Garamond",
                                "typography_font_weight": "600",
                                "_padding": {
                                    "unit": "em",
                                    "top": "4",
                                    "right": "4",
                                    "bottom": "4",
                                    "left": "4",
                                    "isLinked": true
                                },
                                "_background_background": "classic",
                                "typography_font_size": {
                                    "unit": "em",
                                    "size": 3,
                                    "sizes": []
                                },
                                "_padding_tablet": {
                                    "unit": "em",
                                    "top": "4",
                                    "right": "4",
                                    "bottom": "4",
                                    "left": "4",
                                    "isLinked": true
                                },
                                "_padding_mobile": {
                                    "unit": "em",
                                    "top": "4",
                                    "right": "4",
                                    "bottom": "4",
                                    "left": "4",
                                    "isLinked": true
                                },
                                "__globals__": {
                                    "title_color": "globals\/colors?id=bda79c4"
                                }
                            },
                            "elements": [],
                            "isInner": false,
                            "widgetType": "heading",
                            "elType": "widget"
                        }
                    ],
                    "isInner": false,
                    "elType": "column"
                }
            ],
            "isInner": false,
            "elType": "section"
        },
        {
            "id": "78aebdbe",
            "settings": {
                "background_background": "classic",
                "background_color": "#FDF9F6",
                "padding": {
                    "unit": "em",
                    "top": "3",
                    "right": "0",
                    "bottom": "0",
                    "left": "0",
                    "isLinked": false
                },
                "gap": "no",
                "padding_tablet": {
                    "unit": "em",
                    "top": "3",
                    "right": "0",
                    "bottom": "0",
                    "left": "0",
                    "isLinked": false
                },
                "padding_mobile": {
                    "unit": "em",
                    "top": "3",
                    "right": "0",
                    "bottom": "0",
                    "left": "0",
                    "isLinked": false
                }
            },
            "elements": [
                {
                    "id": "128d82f1",
                    "settings": {
                        "_column_size": 100,
                        "_inline_size": null,
                        "align": "center",
                        "text_align": "center"
                    },
                    "elements": [
                        {
                            "id": "21f9583",
                            "settings": {
                                "title": "Capture your special momment",
                                "typography_font_family": "EB Garamond",
                                "typography_font_weight": "600"
                            },
                            "elements": [],
                            "isInner": false,
                            "widgetType": "heading",
                            "elType": "widget"
                        },
                        {
                            "id": "2ffe1090",
                            "settings": {
                                "editor": "<p>Lorem ipsum dolor sit amet, consectetur adipiscing elit. Maecenas portitor<\/p>",
                                "align": "center",
                                "typography_font_family": "Montserrat",
                                "typography_font_weight": "500",
                                "typography_font_size": {
                                    "unit": "px",
                                    "size": 14,
                                    "sizes": []
                                },
                                "_element_width": "initial",
                                "_element_width_tablet": "initial",
                                "_element_width_mobile": "initial",
                                "_element_custom_width": {
                                    "unit": "vw",
                                    "size": 26,
                                    "sizes": []
                                },
                                "_element_custom_width_tablet": {
                                    "unit": "vw",
                                    "size": 39,
                                    "sizes": []
                                },
                                "_element_custom_width_mobile": {
                                    "unit": "vw",
                                    "size": 83,
                                    "sizes": []
                                }
                            },
                            "elements": [],
                            "isInner": false,
                            "widgetType": "text-editor",
                            "elType": "widget"
                        }
                    ],
                    "isInner": false,
                    "elType": "column"
                }
            ],
            "isInner": false,
            "elType": "section"
        },
        {
            "id": "49a9441c",
            "settings": {
                "structure": "20",
                "background_background": "classic",
                "__globals__": {
                    "background_color": "globals\/colors?id=b4bdeaa"
                },
                "margin": {
                    "unit": "em",
                    "top": "-0.5",
                    "right": 0,
                    "bottom": "0",
                    "left": 0,
                    "isLinked": false
                },
                "gap": "no"
            },
            "elements": [
                {
                    "id": "48998174",
                    "settings": {
                        "_column_size": 50,
                        "_inline_size": null,
                        "margin": {
                            "unit": "em",
                            "top": "0",
                            "right": "0",
                            "bottom": "0",
                            "left": "0",
                            "isLinked": true
                        },
                        "padding": {
                            "unit": "em",
                            "top": "0",
                            "right": "0",
                            "bottom": "0",
                            "left": "0",
                            "isLinked": true
                        }
                    },
                    "elements": [
                        {
                            "id": "3ed13a6",
                            "settings": {
                                "image": {
                                    "url": "https:\/\/kit2.putracetol.com\/wp-content\/uploads\/2020\/11\/wedding-photos-PS9JEP4.jpg",
                                    "id": 613
                                },
                                "_margin": {
                                    "unit": "em",
                                    "top": "1",
                                    "right": "0",
                                    "bottom": "0",
                                    "left": "1",
                                    "isLinked": false
                                },
                                "_margin_tablet": {
                                    "unit": "em",
                                    "top": "0.5",
                                    "right": "0.5",
                                    "bottom": "0.5",
                                    "left": "1",
                                    "isLinked": false
                                },
                                "_margin_mobile": {
                                    "unit": "em",
                                    "top": "1",
                                    "right": "1",
                                    "bottom": "1",
                                    "left": "1",
                                    "isLinked": false
                                },
                                "_animation": "fadeInLeft",
                                "image_size": "custom",
                                "image_custom_dimension": {
                                    "width": "535",
                                    "height": "535"
                                }
                            },
                            "elements": [],
                            "isInner": false,
                            "widgetType": "image",
                            "elType": "widget"
                        }
                    ],
                    "isInner": false,
                    "elType": "column"
                },
                {
                    "id": "40364762",
                    "settings": {
                        "_column_size": 50,
                        "_inline_size": null,
                        "animation": "none",
                        "margin": {
                            "unit": "em",
                            "top": "0",
                            "right": "0",
                            "bottom": "0",
                            "left": "0.5",
                            "isLinked": false
                        }
                    },
                    "elements": [
                        {
                            "id": "10b1afad",
                            "settings": {
                                "structure": "20",
                                "gap": "no"
                            },
                            "elements": [
                                {
                                    "id": "1665c586",
                                    "settings": {
                                        "_column_size": 50,
                                        "_inline_size": null
                                    },
                                    "elements": [
                                        {
                                            "id": "35769ee3",
                                            "settings": {
                                                "image": {
                                                    "url": "https:\/\/kit2.putracetol.com\/wp-content\/uploads\/2020\/11\/wedding-couple-on-the-french-riviera-wedding-in-pr-BA967A5.jpg",
                                                    "id": 612
                                                },
                                                "_animation": "fadeInLeft",
                                                "animation_duration": "slow",
                                                "_animation_delay": 1000,
                                                "image_size": "custom",
                                                "image_custom_dimension": {
                                                    "width": "300",
                                                    "height": "300"
                                                },
                                                "_margin": {
                                                    "unit": "em",
                                                    "top": "1",
                                                    "right": "1",
                                                    "bottom": "1",
                                                    "left": "1",
                                                    "isLinked": true
                                                },
                                                "_margin_tablet": {
                                                    "unit": "em",
                                                    "top": "0.5",
                                                    "right": "0.5",
                                                    "bottom": "0.5",
                                                    "left": "0.5",
                                                    "isLinked": true
                                                }
                                            },
                                            "elements": [],
                                            "isInner": false,
                                            "widgetType": "image",
                                            "elType": "widget"
                                        }
                                    ],
                                    "isInner": true,
                                    "elType": "column"
                                },
                                {
                                    "id": "66fd9467",
                                    "settings": {
                                        "_column_size": 50,
                                        "_inline_size": null
                                    },
                                    "elements": [
                                        {
                                            "id": "bdf313f",
                                            "settings": {
                                                "image": {
                                                    "url": "https:\/\/kit2.putracetol.com\/wp-content\/uploads\/2020\/11\/stylish-fashionable-decorated-table-with-flowers-a-6AU33V5.jpg",
                                                    "id": 606
                                                },
                                                "_animation": "fadeInLeft",
                                                "_animation_delay": 1000,
                                                "image_size": "custom",
                                                "image_custom_dimension": {
                                                    "width": "300",
                                                    "height": "300"
                                                },
                                                "_margin": {
                                                    "unit": "em",
                                                    "top": "1",
                                                    "right": "1",
                                                    "bottom": "1",
                                                    "left": "1",
                                                    "isLinked": true
                                                },
                                                "_margin_tablet": {
                                                    "unit": "em",
                                                    "top": "0.5",
                                                    "right": "0.5",
                                                    "bottom": "0.5",
                                                    "left": "0.5",
                                                    "isLinked": true
                                                }
                                            },
                                            "elements": [],
                                            "isInner": false,
                                            "widgetType": "image",
                                            "elType": "widget"
                                        }
                                    ],
                                    "isInner": true,
                                    "elType": "column"
                                }
                            ],
                            "isInner": true,
                            "elType": "section"
                        },
                        {
                            "id": "7ba9255c",
                            "settings": {
                                "structure": "20",
                                "gap": "no"
                            },
                            "elements": [
                                {
                                    "id": "32493fb0",
                                    "settings": {
                                        "_column_size": 50,
                                        "_inline_size": null
                                    },
                                    "elements": [
                                        {
                                            "id": "15c30b68",
                                            "settings": {
                                                "image": {
                                                    "url": "https:\/\/kit2.putracetol.com\/wp-content\/uploads\/2020\/11\/close-up-view-of-wedding-rings-in-bridal-bouquet-M8VNF78.jpg",
                                                    "id": 601
                                                },
                                                "_animation": "fadeInLeft",
                                                "animation_duration": "slow",
                                                "_animation_delay": 2000,
                                                "image_size": "custom",
                                                "image_custom_dimension": {
                                                    "width": "300",
                                                    "height": "300"
                                                },
                                                "_margin": {
                                                    "unit": "em",
                                                    "top": "1",
                                                    "right": "1",
                                                    "bottom": "1",
                                                    "left": "1",
                                                    "isLinked": true
                                                },
                                                "_margin_tablet": {
                                                    "unit": "em",
                                                    "top": "0.5",
                                                    "right": "0.5",
                                                    "bottom": "0.5",
                                                    "left": "0.5",
                                                    "isLinked": true
                                                }
                                            },
                                            "elements": [],
                                            "isInner": false,
                                            "widgetType": "image",
                                            "elType": "widget"
                                        }
                                    ],
                                    "isInner": true,
                                    "elType": "column"
                                },
                                {
                                    "id": "715fb95",
                                    "settings": {
                                        "_column_size": 50,
                                        "_inline_size": null
                                    },
                                    "elements": [
                                        {
                                            "id": "24a25ddf",
                                            "settings": {
                                                "image": {
                                                    "url": "https:\/\/kit2.putracetol.com\/wp-content\/uploads\/2020\/11\/wedding-couple-exchanging-wedding-rings-YGCGMRJ.jpg",
                                                    "id": 611
                                                },
                                                "_animation": "fadeInLeft",
                                                "_animation_delay": 2000,
                                                "image_size": "custom",
                                                "image_custom_dimension": {
                                                    "width": "300",
                                                    "height": "300"
                                                },
                                                "_margin": {
                                                    "unit": "em",
                                                    "top": "1",
                                                    "right": "1",
                                                    "bottom": "1",
                                                    "left": "1",
                                                    "isLinked": true
                                                },
                                                "_margin_tablet": {
                                                    "unit": "em",
                                                    "top": "0.5",
                                                    "right": "0.5",
                                                    "bottom": "0.5",
                                                    "left": "0.5",
                                                    "isLinked": true
                                                }
                                            },
                                            "elements": [],
                                            "isInner": false,
                                            "widgetType": "image",
                                            "elType": "widget"
                                        }
                                    ],
                                    "isInner": true,
                                    "elType": "column"
                                }
                            ],
                            "isInner": true,
                            "elType": "section"
                        }
                    ],
                    "isInner": false,
                    "elType": "column"
                }
            ],
            "isInner": false,
            "elType": "section"
        },
        {
            "id": "4b9dd0d2",
            "settings": {
                "structure": "30",
                "padding_tablet": {
                    "unit": "em",
                    "top": "0",
                    "right": "0",
                    "bottom": "3",
                    "left": "0.5",
                    "isLinked": false
                },
                "background_background": "classic",
                "__globals__": {
                    "background_color": "globals\/colors?id=b4bdeaa"
                },
                "gap": "no",
                "padding": {
                    "unit": "em",
                    "top": "0",
                    "right": "0",
                    "bottom": "3",
                    "left": "0",
                    "isLinked": false
                },
                "padding_mobile": {
                    "unit": "em",
                    "top": "0",
                    "right": "0.3",
                    "bottom": "3",
                    "left": "0.6",
                    "isLinked": false
                }
            },
            "elements": [
                {
                    "id": "b7e4e0b",
                    "settings": {
                        "_column_size": 33,
                        "_inline_size": null,
                        "margin": {
                            "unit": "em",
                            "top": "0.5",
                            "right": "0.5",
                            "bottom": "0.5",
                            "left": "0.5",
                            "isLinked": true
                        }
                    },
                    "elements": [
                        {
                            "id": "16af3657",
                            "settings": {
                                "image": {
                                    "url": "https:\/\/kit2.putracetol.com\/wp-content\/uploads\/2020\/11\/wedding-couple-exchanging-wedding-rings-YGCGMRJ.jpg",
                                    "id": 611
                                },
                                "_animation": "fadeInLeft",
                                "image_size": "custom",
                                "image_custom_dimension": {
                                    "width": "350",
                                    "height": "250"
                                },
                                "_margin": {
                                    "unit": "em",
                                    "top": "0",
                                    "right": "0",
                                    "bottom": "0",
                                    "left": "1",
                                    "isLinked": false
                                },
                                "_margin_tablet": {
                                    "unit": "em",
                                    "top": "0",
                                    "right": "0",
                                    "bottom": "0",
                                    "left": "0",
                                    "isLinked": false
                                }
                            },
                            "elements": [],
                            "isInner": false,
                            "widgetType": "image",
                            "elType": "widget"
                        }
                    ],
                    "isInner": false,
                    "elType": "column"
                },
                {
                    "id": "5c5fde52",
                    "settings": {
                        "_column_size": 33,
                        "_inline_size": null,
                        "margin": {
                            "unit": "em",
                            "top": "0.5",
                            "right": "0.5",
                            "bottom": "0.5",
                            "left": "0.5",
                            "isLinked": true
                        }
                    },
                    "elements": [
                        {
                            "id": "5afd759c",
                            "settings": {
                                "image": {
                                    "url": "https:\/\/kit2.putracetol.com\/wp-content\/uploads\/2020\/11\/close-up-view-of-wedding-rings-in-bridal-bouquet-M8VNF78.jpg",
                                    "id": 601
                                },
                                "_animation": "fadeInLeft",
                                "_animation_delay": 1000,
                                "image_size": "custom",
                                "image_custom_dimension": {
                                    "width": "350",
                                    "height": "250"
                                },
                                "_margin": {
                                    "unit": "em",
                                    "top": "0",
                                    "right": "0",
                                    "bottom": "0",
                                    "left": "0.5",
                                    "isLinked": false
                                },
                                "_margin_tablet": {
                                    "unit": "em",
                                    "top": "0",
                                    "right": "0",
                                    "bottom": "0",
                                    "left": "0",
                                    "isLinked": false
                                }
                            },
                            "elements": [],
                            "isInner": false,
                            "widgetType": "image",
                            "elType": "widget"
                        }
                    ],
                    "isInner": false,
                    "elType": "column"
                },
                {
                    "id": "36542b99",
                    "settings": {
                        "_column_size": 33,
                        "_inline_size": null,
                        "margin": {
                            "unit": "em",
                            "top": "0.5",
                            "right": "0.5",
                            "bottom": "0.5",
                            "left": "0.5",
                            "isLinked": true
                        }
                    },
                    "elements": [
                        {
                            "id": "25d953ea",
                            "settings": {
                                "image": {
                                    "url": "https:\/\/kit2.putracetol.com\/wp-content\/uploads\/2020\/11\/beautiful-bride-in-a-wedding-dress-by-window-HXYE5Q3.jpg",
                                    "id": 596
                                },
                                "_animation": "fadeInLeft",
                                "_animation_delay": 2000,
                                "image_size": "custom",
                                "image_custom_dimension": {
                                    "width": "350",
                                    "height": "250"
                                }
                            },
                            "elements": [],
                            "isInner": false,
                            "widgetType": "image",
                            "elType": "widget"
                        }
                    ],
                    "isInner": false,
                    "elType": "column"
                }
            ],
            "isInner": false,
            "elType": "section"
        },
        {
            "id": "17ffb5",
            "settings": {
                "padding": {
                    "unit": "em",
                    "top": "3",
                    "right": "0",
                    "bottom": "0",
                    "left": "0",
                    "isLinked": false
                },
                "gap": "no",
                "padding_tablet": {
                    "unit": "em",
                    "top": "3",
                    "right": "0",
                    "bottom": "0",
                    "left": "0",
                    "isLinked": false
                },
                "padding_mobile": {
                    "unit": "em",
                    "top": "3",
                    "right": "0",
                    "bottom": "0",
                    "left": "0",
                    "isLinked": false
                }
            },
            "elements": [
                {
                    "id": "604f849e",
                    "settings": {
                        "_column_size": 100,
                        "_inline_size": null,
                        "align": "center",
                        "text_align": "center"
                    },
                    "elements": [
                        {
                            "id": "eacb99f",
                            "settings": {
                                "title": "What will you get!",
                                "typography_font_family": "EB Garamond",
                                "typography_font_weight": "600",
                                "text_shadow_text_shadow": {
                                    "horizontal": 0,
                                    "vertical": 0,
                                    "blur": 10,
                                    "color": ""
                                },
                                "__globals__": {
                                    "title_color": ""
                                }
                            },
                            "elements": [],
                            "isInner": false,
                            "widgetType": "heading",
                            "elType": "widget"
                        },
                        {
                            "id": "4b5533ba",
                            "settings": {
                                "editor": "<p>Lorem ipsum dolor sit amet, consectetur adipiscing elit. Maecenas portitor.<\/p>",
                                "align": "center",
                                "typography_font_family": "Montserrat",
                                "typography_font_size": {
                                    "unit": "px",
                                    "size": 14,
                                    "sizes": []
                                },
                                "typography_font_weight": "500",
                                "_element_width": "initial",
                                "_element_width_mobile": "initial",
                                "_element_custom_width": {
                                    "unit": "vw",
                                    "size": 26,
                                    "sizes": []
                                },
                                "_element_custom_width_mobile": {
                                    "unit": "vw",
                                    "size": 83,
                                    "sizes": []
                                },
                                "_element_width_tablet": "initial",
                                "_element_custom_width_tablet": {
                                    "unit": "vw",
                                    "size": 39,
                                    "sizes": []
                                }
                            },
                            "elements": [],
                            "isInner": false,
                            "widgetType": "text-editor",
                            "elType": "widget"
                        }
                    ],
                    "isInner": false,
                    "elType": "column"
                }
            ],
            "isInner": false,
            "elType": "section"
        },
        {
            "id": "5a5f7401",
            "settings": {
                "structure": "30",
                "padding": {
                    "unit": "em",
                    "top": "0",
                    "right": "0",
                    "bottom": "3",
                    "left": "0",
                    "isLinked": false
                },
                "padding_tablet": {
                    "unit": "em",
                    "top": "0",
                    "right": "0",
                    "bottom": "3",
                    "left": "0",
                    "isLinked": false
                },
                "margin_tablet": {
                    "unit": "em",
                    "top": "-1",
                    "right": 0,
                    "bottom": "0",
                    "left": 0,
                    "isLinked": false
                }
            },
            "elements": [
                {
                    "id": "16863988",
                    "settings": {
                        "_column_size": 33,
                        "_inline_size": null
                    },
                    "elements": [
                        {
                            "id": "19ad8afa",
                            "settings": {
                                "selected_icon": {
                                    "value": "fas fa-camera",
                                    "library": "fa-solid"
                                },
                                "title_text": "Digital photo",
                                "description_text": "Lorem ipsum dolor sit amet, consectetur ",
                                "title_size": "h6",
                                "primary_color": "#C0A47C",
                                "icon_space": {
                                    "unit": "px",
                                    "size": 0,
                                    "sizes": []
                                },
                                "icon_size": {
                                    "unit": "px",
                                    "size": 42,
                                    "sizes": []
                                },
                                "description_typography_font_family": "Montserrat",
                                "description_typography_font_weight": "400",
                                "_margin": {
                                    "unit": "em",
                                    "top": "0",
                                    "right": "0",
                                    "bottom": "0",
                                    "left": "0",
                                    "isLinked": false
                                },
                                "_padding": {
                                    "unit": "em",
                                    "top": "3",
                                    "right": "3",
                                    "bottom": "3",
                                    "left": "3",
                                    "isLinked": true
                                },
                                "_background_background": "classic",
                                "_background_color": "#FDF9F6",
                                "_border_radius": {
                                    "unit": "px",
                                    "top": "0",
                                    "right": "0",
                                    "bottom": "0",
                                    "left": "0",
                                    "isLinked": true
                                },
                                "description_typography_font_size": {
                                    "unit": "px",
                                    "size": 14,
                                    "sizes": []
                                },
                                "_padding_tablet": {
                                    "unit": "em",
                                    "top": "1",
                                    "right": "1",
                                    "bottom": "1",
                                    "left": "1",
                                    "isLinked": true
                                },
                                "text_align": "center",
                                "_margin_tablet": {
                                    "unit": "em",
                                    "top": "0",
                                    "right": "0",
                                    "bottom": "0",
                                    "left": "0",
                                    "isLinked": true
                                },
                                "_margin_mobile": {
                                    "unit": "em",
                                    "top": "0",
                                    "right": "0",
                                    "bottom": "0",
                                    "left": "0",
                                    "isLinked": true
                                },
                                "_padding_mobile": {
                                    "unit": "em",
                                    "top": "3",
                                    "right": "1",
                                    "bottom": "3",
                                    "left": "1",
                                    "isLinked": false
                                },
                                "_animation": "fadeInDown",
                                "__globals__": {
                                    "title_typography_typography": "globals\/typography?id=0e1c30a"
                                }
                            },
                            "elements": [],
                            "isInner": false,
                            "widgetType": "icon-box",
                            "elType": "widget"
                        }
                    ],
                    "isInner": false,
                    "elType": "column"
                },
                {
                    "id": "23624e4a",
                    "settings": {
                        "_column_size": 33,
                        "_inline_size": null
                    },
                    "elements": [
                        {
                            "id": "3074e86d",
                            "settings": {
                                "selected_icon": {
                                    "value": "fas fa-video",
                                    "library": "fa-solid"
                                },
                                "title_text": "Cinematic video",
                                "description_text": "Lorem ipsum dolor sit amet, consectetur ",
                                "title_size": "h6",
                                "primary_color": "#C0A47C",
                                "icon_space": {
                                    "unit": "px",
                                    "size": 0,
                                    "sizes": []
                                },
                                "icon_size": {
                                    "unit": "px",
                                    "size": 42,
                                    "sizes": []
                                },
                                "description_typography_font_family": "Montserrat",
                                "description_typography_font_weight": "400",
                                "_margin": {
                                    "unit": "em",
                                    "top": "0",
                                    "right": "0",
                                    "bottom": "0",
                                    "left": "0",
                                    "isLinked": false
                                },
                                "_padding": {
                                    "unit": "em",
                                    "top": "3",
                                    "right": "3",
                                    "bottom": "3",
                                    "left": "3",
                                    "isLinked": true
                                },
                                "_background_background": "classic",
                                "_background_color": "#FDF9F6",
                                "_border_radius": {
                                    "unit": "px",
                                    "top": "0",
                                    "right": "0",
                                    "bottom": "0",
                                    "left": "0",
                                    "isLinked": true
                                },
                                "description_typography_font_size": {
                                    "unit": "px",
                                    "size": 14,
                                    "sizes": []
                                },
                                "_padding_tablet": {
                                    "unit": "em",
                                    "top": "1",
                                    "right": "1",
                                    "bottom": "1",
                                    "left": "1",
                                    "isLinked": true
                                },
                                "text_align": "center",
                                "_margin_tablet": {
                                    "unit": "em",
                                    "top": "0",
                                    "right": "0",
                                    "bottom": "0",
                                    "left": "0",
                                    "isLinked": true
                                },
                                "_margin_mobile": {
                                    "unit": "em",
                                    "top": "0",
                                    "right": "0",
                                    "bottom": "0",
                                    "left": "0",
                                    "isLinked": true
                                },
                                "_padding_mobile": {
                                    "unit": "em",
                                    "top": "3",
                                    "right": "1",
                                    "bottom": "3",
                                    "left": "1",
                                    "isLinked": false
                                },
                                "_animation": "fadeInDown",
                                "__globals__": {
                                    "title_typography_typography": "globals\/typography?id=0e1c30a"
                                },
                                "_animation_delay": 1000
                            },
                            "elements": [],
                            "isInner": false,
                            "widgetType": "icon-box",
                            "elType": "widget"
                        }
                    ],
                    "isInner": false,
                    "elType": "column"
                },
                {
                    "id": "1e2127b6",
                    "settings": {
                        "_column_size": 33,
                        "_inline_size": null
                    },
                    "elements": [
                        {
                            "id": "1a7d8c4f",
                            "settings": {
                                "selected_icon": {
                                    "value": "fas fa-book-open",
                                    "library": "fa-solid"
                                },
                                "title_text": "Photo book",
                                "description_text": "Lorem ipsum dolor sit amet, consectetur ",
                                "title_size": "h6",
                                "primary_color": "#C0A47C",
                                "icon_space": {
                                    "unit": "px",
                                    "size": 0,
                                    "sizes": []
                                },
                                "icon_size": {
                                    "unit": "px",
                                    "size": 42,
                                    "sizes": []
                                },
                                "description_typography_font_family": "Montserrat",
                                "description_typography_font_weight": "400",
                                "_margin": {
                                    "unit": "em",
                                    "top": "0",
                                    "right": "0",
                                    "bottom": "0",
                                    "left": "0",
                                    "isLinked": false
                                },
                                "_padding": {
                                    "unit": "em",
                                    "top": "3",
                                    "right": "3",
                                    "bottom": "3",
                                    "left": "3",
                                    "isLinked": true
                                },
                                "_background_background": "classic",
                                "_background_color": "#FDF9F6",
                                "_border_radius": {
                                    "unit": "px",
                                    "top": "0",
                                    "right": "0",
                                    "bottom": "0",
                                    "left": "0",
                                    "isLinked": true
                                },
                                "description_typography_font_size": {
                                    "unit": "px",
                                    "size": 14,
                                    "sizes": []
                                },
                                "_padding_tablet": {
                                    "unit": "em",
                                    "top": "1",
                                    "right": "1",
                                    "bottom": "1",
                                    "left": "1",
                                    "isLinked": true
                                },
                                "text_align": "center",
                                "_margin_tablet": {
                                    "unit": "em",
                                    "top": "0",
                                    "right": "0",
                                    "bottom": "0",
                                    "left": "0",
                                    "isLinked": true
                                },
                                "_margin_mobile": {
                                    "unit": "em",
                                    "top": "0",
                                    "right": "0",
                                    "bottom": "0",
                                    "left": "0",
                                    "isLinked": true
                                },
                                "_padding_mobile": {
                                    "unit": "em",
                                    "top": "3",
                                    "right": "1",
                                    "bottom": "3",
                                    "left": "1",
                                    "isLinked": false
                                },
                                "_animation": "fadeInDown",
                                "__globals__": {
                                    "title_typography_typography": "globals\/typography?id=0e1c30a"
                                },
                                "_animation_delay": 2000
                            },
                            "elements": [],
                            "isInner": false,
                            "widgetType": "icon-box",
                            "elType": "widget"
                        }
                    ],
                    "isInner": false,
                    "elType": "column"
                }
            ],
            "isInner": false,
            "elType": "section"
        }
    ],
    "page_settings": {
        "hide_title": "yes",
        "template": "elementor_header_footer"
    }
}