{
    "version": "0.4",
    "title": "Single Post",
    "type": "single",
    "metadata": {
        "template_type": "single-post",
        "include_in_zip": "1",
        "elementor_pro_required": "1",
        "elementor_library_type": "single",
        "elementor_pro_conditions": [
            "include\/singular\/post"
        ],
        "additional_template_information": [
            "This is a \"Single\" template for Elementor Pro.",
            "This template will display on: Posts."
        ],
        "wp_page_template": "default"
    },
    "content": [
        {
            "id": "454d77a7",
            "settings": {
                "background_background": "classic",
                "background_color": "#C0A47C",
                "border_radius": {
                    "unit": "px",
                    "top": "0",
                    "right": "0",
                    "bottom": "0",
                    "left": "0",
                    "isLinked": true
                },
                "padding": {
                    "unit": "em",
                    "top": "2",
                    "right": "0",
                    "bottom": "6",
                    "left": "0",
                    "isLinked": false
                },
                "background_color_stop": {
                    "unit": "%",
                    "size": 50,
                    "sizes": []
                },
                "background_color_b": "#FFFFFF",
                "background_color_b_stop": {
                    "unit": "%",
                    "size": 50,
                    "sizes": []
                },
                "margin": {
                    "unit": "px",
                    "top": "",
                    "right": 0,
                    "bottom": "",
                    "left": 0,
                    "isLinked": true
                },
                "padding_tablet": {
                    "unit": "em",
                    "top": "2",
                    "right": "0",
                    "bottom": "6",
                    "left": "0",
                    "isLinked": false
                },
                "padding_mobile": {
                    "unit": "em",
                    "top": "2",
                    "right": "0",
                    "bottom": "6",
                    "left": "0",
                    "isLinked": false
                }
            },
            "elements": [
                {
                    "id": "2a357872",
                    "settings": {
                        "_column_size": 100,
                        "_inline_size": null,
                        "padding_mobile": {
                            "unit": "em",
                            "top": "0",
                            "right": "0",
                            "bottom": "0",
                            "left": "0",
                            "isLinked": true
                        }
                    },
                    "elements": [
                        {
                            "id": "433cecfa",
                            "settings": {
                                "text": "Divider",
                                "_padding": {
                                    "unit": "em",
                                    "top": "0",
                                    "right": "0",
                                    "bottom": "3",
                                    "left": "0",
                                    "isLinked": false
                                },
                                "__globals__": {
                                    "color": "globals\/colors?id=80ce3cd"
                                }
                            },
                            "elements": [],
                            "isInner": false,
                            "widgetType": "divider",
                            "elType": "widget"
                        }
                    ],
                    "isInner": false,
                    "elType": "column"
                }
            ],
            "isInner": false,
            "elType": "section"
        },
        {
            "id": "4a24883c",
            "settings": {
                "margin": {
                    "unit": "em",
                    "top": "-6",
                    "right": 0,
                    "bottom": "0",
                    "left": 0,
                    "isLinked": false
                },
                "gap": "no",
                "margin_tablet": {
                    "unit": "em",
                    "top": "-6",
                    "right": 0,
                    "bottom": "0",
                    "left": 0,
                    "isLinked": false
                },
                "margin_mobile": {
                    "unit": "em",
                    "top": "-6",
                    "right": 0,
                    "bottom": "0",
                    "left": 0,
                    "isLinked": false
                }
            },
            "elements": [
                {
                    "id": "42c30ee2",
                    "settings": {
                        "_column_size": 100,
                        "_inline_size": null,
                        "margin_tablet": {
                            "unit": "em",
                            "top": "0",
                            "right": "0.5",
                            "bottom": "0",
                            "left": "0.5",
                            "isLinked": false
                        },
                        "margin_mobile": {
                            "unit": "em",
                            "top": "0",
                            "right": "0.5",
                            "bottom": "0",
                            "left": "0.5",
                            "isLinked": false
                        },
                        "padding_tablet": {
                            "unit": "em",
                            "top": "0",
                            "right": "0",
                            "bottom": "0",
                            "left": "0",
                            "isLinked": false
                        }
                    },
                    "elements": [
                        {
                            "id": "718e882a",
                            "settings": {
                                "__dynamic__": {
                                    "image": "[elementor-tag id=\"\" name=\"post-featured-image\" settings=\"%7B%22fallback%22%3A%7B%22url%22%3A%22https%3A%2F%2Fkit2.putracetol.com%2Fwp-content%2Fuploads%2F2020%2F11%2Fwedding-couple-on-the-french-riviera-wedding-in-pr-BA967A5.jpg%22%2C%22id%22%3A612%7D%7D\"]"
                                },
                                "width": {
                                    "unit": "%",
                                    "size": 100,
                                    "sizes": []
                                },
                                "image_size": "custom",
                                "image_custom_dimension": {
                                    "width": "1000",
                                    "height": "500"
                                }
                            },
                            "elements": [],
                            "isInner": false,
                            "widgetType": "theme-post-featured-image",
                            "elType": "widget"
                        }
                    ],
                    "isInner": false,
                    "elType": "column"
                }
            ],
            "isInner": false,
            "elType": "section"
        },
        {
            "id": "5c96893b",
            "settings": {
                "padding": {
                    "unit": "em",
                    "top": "0",
                    "right": "0",
                    "bottom": "3",
                    "left": "0",
                    "isLinked": false
                },
                "gap": "no",
                "background_background": "classic",
                "__globals__": {
                    "background_color": ""
                },
                "margin": {
                    "unit": "em",
                    "top": "",
                    "right": 0,
                    "bottom": "",
                    "left": 0,
                    "isLinked": true
                },
                "padding_mobile": {
                    "unit": "em",
                    "top": "0",
                    "right": "0",
                    "bottom": "0",
                    "left": "0.5",
                    "isLinked": false
                }
            },
            "elements": [
                {
                    "id": "e2904c6",
                    "settings": {
                        "_column_size": 100,
                        "_inline_size": null
                    },
                    "elements": [
                        {
                            "id": "2c079122",
                            "settings": {
                                "structure": "21",
                                "box_shadow_box_shadow_type": "yes",
                                "box_shadow_box_shadow": {
                                    "horizontal": 0,
                                    "vertical": 0,
                                    "blur": 10,
                                    "spread": 0,
                                    "color": "#FDF9F6"
                                },
                                "padding": {
                                    "unit": "em",
                                    "top": "3",
                                    "right": "2",
                                    "bottom": "3",
                                    "left": "2",
                                    "isLinked": false
                                },
                                "padding_tablet": {
                                    "unit": "em",
                                    "top": "2",
                                    "right": "0",
                                    "bottom": "0",
                                    "left": "0",
                                    "isLinked": false
                                },
                                "padding_mobile": {
                                    "unit": "em",
                                    "top": "0",
                                    "right": "0",
                                    "bottom": "0",
                                    "left": "0",
                                    "isLinked": false
                                }
                            },
                            "elements": [
                                {
                                    "id": "a64f796",
                                    "settings": {
                                        "_column_size": 33,
                                        "_inline_size": null,
                                        "padding": {
                                            "unit": "em",
                                            "top": "2",
                                            "right": "2",
                                            "bottom": "2",
                                            "left": "2",
                                            "isLinked": true
                                        },
                                        "text_align": "center"
                                    },
                                    "elements": [
                                        {
                                            "id": "49069110",
                                            "settings": {
                                                "source": "custom",
                                                "author_avatar": {
                                                    "url": "https:\/\/kit2.putracetol.com\/wp-content\/uploads\/2020\/11\/5.png",
                                                    "id": 627
                                                },
                                                "author_name": "Astrajingga",
                                                "author_bio": "",
                                                "link_text": "All Posts",
                                                "layout": "above",
                                                "image_size": {
                                                    "unit": "px",
                                                    "size": 55,
                                                    "sizes": []
                                                },
                                                "image_gap": {
                                                    "unit": "px",
                                                    "size": 0,
                                                    "sizes": []
                                                }
                                            },
                                            "elements": [],
                                            "isInner": false,
                                            "widgetType": "author-box",
                                            "elType": "widget"
                                        }
                                    ],
                                    "isInner": true,
                                    "elType": "column"
                                },
                                {
                                    "id": "1d22ecae",
                                    "settings": {
                                        "_column_size": 66,
                                        "_inline_size": null
                                    },
                                    "elements": [
                                        {
                                            "id": "5e6be2a5",
                                            "settings": {
                                                "__dynamic__": {
                                                    "title": "[elementor-tag id=\"\" name=\"post-title\" settings=\"%7B%7D\"]"
                                                },
                                                "title": "Add Your Heading Text Here",
                                                "header_size": "h2"
                                            },
                                            "elements": [],
                                            "isInner": false,
                                            "widgetType": "theme-post-title",
                                            "elType": "widget"
                                        },
                                        {
                                            "id": "3edee1e0",
                                            "settings": {
                                                "icon_list": [
                                                    {
                                                        "type": "custom",
                                                        "selected_icon": {
                                                            "value": "far fa-user-circle",
                                                            "library": "fa-regular"
                                                        },
                                                        "_id": "10bdd8b",
                                                        "custom_date_format": "F j, Y",
                                                        "custom_time_format": "g:i a",
                                                        "custom_text": "Published on",
                                                        "link": "",
                                                        "show_icon": "none"
                                                    },
                                                    {
                                                        "selected_icon": {
                                                            "value": "fas fa-calendar",
                                                            "library": "fa-solid"
                                                        },
                                                        "_id": "e7cfcd4",
                                                        "date_format": "0",
                                                        "custom_date_format": "F j, Y",
                                                        "custom_time_format": "g:i a",
                                                        "link": "",
                                                        "show_icon": "none"
                                                    }
                                                ],
                                                "space_between": {
                                                    "unit": "px",
                                                    "size": 5,
                                                    "sizes": []
                                                },
                                                "icon_align": "left"
                                            },
                                            "elements": [],
                                            "isInner": false,
                                            "widgetType": "post-info",
                                            "elType": "widget"
                                        },
                                        {
                                            "id": "39c5e6fa",
                                            "settings": [],
                                            "elements": [],
                                            "isInner": false,
                                            "widgetType": "theme-post-content",
                                            "elType": "widget"
                                        },
                                        {
                                            "id": "303d88ae",
                                            "settings": {
                                                "share_buttons": [
                                                    {
                                                        "_id": "ee26273"
                                                    },
                                                    {
                                                        "button": "twitter",
                                                        "_id": "7480e8a"
                                                    },
                                                    {
                                                        "button": "linkedin",
                                                        "_id": "2caf8b6"
                                                    }
                                                ],
                                                "view": "icon",
                                                "shape": "circle"
                                            },
                                            "elements": [],
                                            "isInner": false,
                                            "widgetType": "share-buttons",
                                            "elType": "widget"
                                        }
                                    ],
                                    "isInner": true,
                                    "elType": "column"
                                }
                            ],
                            "isInner": true,
                            "elType": "section"
                        }
                    ],
                    "isInner": false,
                    "elType": "column"
                }
            ],
            "isInner": false,
            "elType": "section"
        },
        {
            "id": "1562b3e8",
            "settings": {
                "padding": {
                    "unit": "em",
                    "top": "0",
                    "right": "0",
                    "bottom": "0",
                    "left": "0",
                    "isLinked": false
                },
                "gap": "no",
                "padding_tablet": {
                    "unit": "em",
                    "top": "0",
                    "right": "0",
                    "bottom": "0",
                    "left": "0",
                    "isLinked": false
                },
                "padding_mobile": {
                    "unit": "em",
                    "top": "3",
                    "right": "0",
                    "bottom": "0",
                    "left": "0",
                    "isLinked": false
                }
            },
            "elements": [
                {
                    "id": "2007130b",
                    "settings": {
                        "_column_size": 100,
                        "_inline_size": null,
                        "align": "center"
                    },
                    "elements": [
                        {
                            "id": "4d5bc5c9",
                            "settings": {
                                "title": "Popular Blog",
                                "align": "center",
                                "typography_font_family": "EB Garamond",
                                "typography_font_weight": "600"
                            },
                            "elements": [],
                            "isInner": false,
                            "widgetType": "heading",
                            "elType": "widget"
                        },
                        {
                            "id": "197f10ce",
                            "settings": {
                                "editor": "<p>Lorem ipsum dolor sit amet, consectetur adipiscing elit. Maecenas portitor .<\/p>",
                                "typography_font_family": "Montserrat",
                                "typography_font_size": {
                                    "unit": "px",
                                    "size": 14,
                                    "sizes": []
                                },
                                "typography_font_weight": "500",
                                "_element_width": "initial",
                                "_element_width_tablet": "initial",
                                "_element_width_mobile": "initial",
                                "_element_custom_width": {
                                    "unit": "vw",
                                    "size": 26,
                                    "sizes": []
                                },
                                "_element_custom_width_tablet": {
                                    "unit": "vw",
                                    "size": 40,
                                    "sizes": []
                                },
                                "_element_vertical_align": "center",
                                "_element_vertical_align_tablet": "center",
                                "align": "center"
                            },
                            "elements": [],
                            "isInner": false,
                            "widgetType": "text-editor",
                            "elType": "widget"
                        }
                    ],
                    "isInner": false,
                    "elType": "column"
                }
            ],
            "isInner": false,
            "elType": "section"
        },
        {
            "id": "61f2b8d6",
            "settings": {
                "padding": {
                    "unit": "em",
                    "top": "0",
                    "right": "0",
                    "bottom": "3",
                    "left": "0",
                    "isLinked": false
                },
                "padding_tablet": {
                    "unit": "em",
                    "top": "0",
                    "right": "0",
                    "bottom": "3",
                    "left": "0",
                    "isLinked": false
                },
                "padding_mobile": {
                    "unit": "em",
                    "top": "0",
                    "right": "0",
                    "bottom": "3",
                    "left": "0",
                    "isLinked": false
                }
            },
            "elements": [
                {
                    "id": "163430f1",
                    "settings": {
                        "_column_size": 100,
                        "_inline_size": null
                    },
                    "elements": [
                        {
                            "id": "6c492f74",
                            "settings": {
                                "classic_posts_per_page": 3,
                                "classic_meta_data": [],
                                "classic_meta_separator": "\/\/\/",
                                "classic_show_read_more": "",
                                "classic_read_more_text": "Read More \u00bb",
                                "cards_meta_separator": "\u2022",
                                "cards_read_more_text": "Read More \u00bb",
                                "full_content_meta_separator": "\/\/\/",
                                "pagination_page_limit": "5",
                                "pagination_prev_label": "&laquo; Previous",
                                "pagination_next_label": "Next &raquo;",
                                "classic_column_gap": {
                                    "unit": "px",
                                    "size": 15,
                                    "sizes": []
                                },
                                "classic_content_padding": {
                                    "unit": "px",
                                    "top": "0",
                                    "right": "0",
                                    "bottom": "0",
                                    "left": "8",
                                    "isLinked": false
                                },
                                "classic_box_shadow_box_shadow_type": "yes",
                                "classic_box_shadow_box_shadow": {
                                    "horizontal": 0,
                                    "vertical": 0,
                                    "blur": 10,
                                    "spread": 0,
                                    "color": "#FDF9F6"
                                },
                                "__globals__": {
                                    "classic_title_color": "globals\/colors?id=secondary"
                                }
                            },
                            "elements": [],
                            "isInner": false,
                            "widgetType": "posts",
                            "elType": "widget"
                        }
                    ],
                    "isInner": false,
                    "elType": "column"
                }
            ],
            "isInner": false,
            "elType": "section"
        }
    ],
    "page_settings": {
        "page_template": "elementor_header_footer"
    }
}