{
    "version": "0.4",
    "title": "The Service",
    "type": "page",
    "metadata": {
        "template_type": "single-page",
        "include_in_zip": "1",
        "elementor_pro_required": "1",
        "wp_page_template": "elementor_header_footer"
    },
    "content": [
        {
            "id": "378916ae",
            "settings": {
                "background_background": "classic",
                "__globals__": {
                    "background_color": "globals\/colors?id=80ce3cd"
                }
            },
            "elements": [
                {
                    "id": "3012f5fb",
                    "settings": {
                        "_column_size": 100,
                        "_inline_size": null,
                        "text_align": "center"
                    },
                    "elements": [
                        {
                            "id": "411ad479",
                            "settings": {
                                "title": "The services we provide",
                                "_padding": {
                                    "unit": "em",
                                    "top": "4",
                                    "right": "4",
                                    "bottom": "4",
                                    "left": "4",
                                    "isLinked": true
                                },
                                "_background_background": "classic",
                                "typography_font_family": "EB Garamond",
                                "typography_font_weight": "600",
                                "typography_font_size": {
                                    "unit": "em",
                                    "size": 3,
                                    "sizes": []
                                },
                                "_padding_mobile": {
                                    "unit": "em",
                                    "top": "5",
                                    "right": "5",
                                    "bottom": "5",
                                    "left": "5",
                                    "isLinked": true
                                },
                                "__globals__": {
                                    "title_color": "globals\/colors?id=bda79c4"
                                }
                            },
                            "elements": [],
                            "isInner": false,
                            "widgetType": "heading",
                            "elType": "widget"
                        }
                    ],
                    "isInner": false,
                    "elType": "column"
                }
            ],
            "isInner": false,
            "elType": "section"
        },
        {
            "id": "4de7e0ed",
            "settings": {
                "structure": "20",
                "background_background": "classic",
                "background_color": "#FDF9F6",
                "padding": {
                    "unit": "em",
                    "top": "3",
                    "right": "0",
                    "bottom": "3",
                    "left": "0",
                    "isLinked": false
                },
                "gap": "no",
                "padding_mobile": {
                    "unit": "em",
                    "top": "3",
                    "right": "0",
                    "bottom": "3",
                    "left": "0",
                    "isLinked": false
                }
            },
            "elements": [
                {
                    "id": "3bc77c5a",
                    "settings": {
                        "_column_size": 50,
                        "_inline_size": null,
                        "_inline_size_tablet": 100
                    },
                    "elements": [
                        {
                            "id": "33675968",
                            "settings": {
                                "image": {
                                    "url": "https:\/\/kit2.putracetol.com\/wp-content\/uploads\/2020\/11\/wedding-cake-with-fruits-and-flowers-FD26JDT.jpg",
                                    "id": 609
                                },
                                "_margin": {
                                    "unit": "em",
                                    "top": "1",
                                    "right": "1",
                                    "bottom": "1",
                                    "left": "1",
                                    "isLinked": true
                                },
                                "_padding": {
                                    "unit": "px",
                                    "top": "0",
                                    "right": "0",
                                    "bottom": "0",
                                    "left": "0",
                                    "isLinked": true
                                },
                                "_margin_mobile": {
                                    "unit": "em",
                                    "top": "1",
                                    "right": "1",
                                    "bottom": "1",
                                    "left": "1",
                                    "isLinked": true
                                },
                                "image_custom_dimension": {
                                    "width": "600",
                                    "height": "600"
                                },
                                "image_size": "custom",
                                "width": {
                                    "unit": "%",
                                    "size": 100,
                                    "sizes": []
                                }
                            },
                            "elements": [],
                            "isInner": false,
                            "widgetType": "image",
                            "elType": "widget"
                        }
                    ],
                    "isInner": false,
                    "elType": "column"
                },
                {
                    "id": "a56d91",
                    "settings": {
                        "_column_size": 50,
                        "_inline_size": null,
                        "padding": {
                            "unit": "em",
                            "top": "",
                            "right": "",
                            "bottom": "",
                            "left": "",
                            "isLinked": true
                        },
                        "margin": {
                            "unit": "em",
                            "top": "2",
                            "right": "2",
                            "bottom": "2",
                            "left": "1",
                            "isLinked": false
                        },
                        "margin_mobile": {
                            "unit": "em",
                            "top": "0",
                            "right": "1",
                            "bottom": "0",
                            "left": "1",
                            "isLinked": false
                        },
                        "_inline_size_tablet": 100,
                        "margin_tablet": {
                            "unit": "em",
                            "top": "1",
                            "right": "1",
                            "bottom": "0",
                            "left": "1",
                            "isLinked": false
                        },
                        "padding_tablet": {
                            "unit": "em",
                            "top": "",
                            "right": "",
                            "bottom": "",
                            "left": "",
                            "isLinked": true
                        },
                        "content_position": "center"
                    },
                    "elements": [
                        {
                            "id": "3c822406",
                            "settings": {
                                "title": "Wedding cake",
                                "typography_font_family": "EB Garamond",
                                "typography_font_weight": "600"
                            },
                            "elements": [],
                            "isInner": false,
                            "widgetType": "heading",
                            "elType": "widget"
                        },
                        {
                            "id": "47b2d07e",
                            "settings": {
                                "editor": "<p>Lorem ipsum dolor sit amet, consectetur adipiscing elit, sed do eiusmod tempor incididunt ut labore et dolore magna aliqua. Sit amet nulla facilisi morbi tempus iaculis. Eget egestas purus viverra accumsan in nisl nisi scelerisque. Dui faucibus in ornare quam viverra orci. Amet purus gravida quis blandit turpis cursus in hac. Nec nam aliquam sem et tortor consequat id porta nibh.<\/p><p>Sed libero enim sed faucibus turpis. Nunc scelerisque viverra mauris in aliquam sem fringilla. Odio eu feugiat pretium nibh ipsum consequat nisl. Non quam lacus suspendisse faucibus interdum. At varius vel pharetra vel turpis nunc eget. Velit euismod in pellentesque massa placerat duis ultricies. Leo in vitae turpis massa sed elementum tempus.\u00a0<\/p>",
                                "typography_font_family": "Montserrat",
                                "typography_font_weight": "400",
                                "typography_font_size": {
                                    "unit": "px",
                                    "size": 14,
                                    "sizes": []
                                },
                                "_element_custom_width_tablet": {
                                    "unit": "vw",
                                    "size": 3,
                                    "sizes": []
                                },
                                "align_mobile": "justify",
                                "align": "justify",
                                "_margin_tablet": {
                                    "unit": "em",
                                    "top": "-1",
                                    "right": "0",
                                    "bottom": "0",
                                    "left": "0",
                                    "isLinked": false
                                },
                                "_margin_mobile": {
                                    "unit": "em",
                                    "top": "0",
                                    "right": "0",
                                    "bottom": "0",
                                    "left": "0",
                                    "isLinked": false
                                }
                            },
                            "elements": [],
                            "isInner": false,
                            "widgetType": "text-editor",
                            "elType": "widget"
                        },
                        {
                            "id": "602cf0d7",
                            "settings": {
                                "icon_list": [
                                    {
                                        "text": "Lorem Ipsum",
                                        "_id": "6a2bf01"
                                    },
                                    {
                                        "text": "Lorem Ipsum One",
                                        "_id": "1ca04f7"
                                    },
                                    {
                                        "text": "Lorem Ipsum Two",
                                        "_id": "8dfbab9"
                                    },
                                    {
                                        "text": "Lorem Ipsum Three",
                                        "_id": "55f3d5d"
                                    },
                                    {
                                        "text": "Lorem Ipsum Four",
                                        "_id": "dafeb52"
                                    }
                                ],
                                "space_between": {
                                    "unit": "px",
                                    "size": 5,
                                    "sizes": []
                                },
                                "icon_typography_font_family": "Montserrat",
                                "icon_typography_font_size": {
                                    "unit": "px",
                                    "size": 14,
                                    "sizes": []
                                },
                                "icon_typography_font_weight": "400",
                                "__globals__": {
                                    "icon_color": "globals\/colors?id=80ce3cd"
                                },
                                "_margin_tablet": {
                                    "unit": "em",
                                    "top": "-1",
                                    "right": "0",
                                    "bottom": "0",
                                    "left": "0",
                                    "isLinked": false
                                },
                                "_margin_mobile": {
                                    "unit": "em",
                                    "top": "0",
                                    "right": "0",
                                    "bottom": "0",
                                    "left": "0",
                                    "isLinked": false
                                }
                            },
                            "elements": [],
                            "isInner": false,
                            "widgetType": "icon-list",
                            "elType": "widget"
                        }
                    ],
                    "isInner": false,
                    "elType": "column"
                }
            ],
            "isInner": false,
            "elType": "section"
        },
        {
            "id": "4de908db",
            "settings": {
                "padding": {
                    "unit": "em",
                    "top": "3",
                    "right": "0",
                    "bottom": "3",
                    "left": "0",
                    "isLinked": false
                }
            },
            "elements": [
                {
                    "id": "11d63686",
                    "settings": {
                        "_column_size": 100,
                        "_inline_size": null
                    },
                    "elements": [
                        {
                            "id": "70aac957",
                            "settings": {
                                "image": {
                                    "url": "https:\/\/kit2.putracetol.com\/wp-content\/uploads\/2020\/11\/wedding-couple-on-the-french-riviera-wedding-in-pr-BA967A5.jpg",
                                    "id": 612
                                },
                                "width": {
                                    "unit": "%",
                                    "size": 100,
                                    "sizes": []
                                }
                            },
                            "elements": [],
                            "isInner": false,
                            "widgetType": "image",
                            "elType": "widget"
                        },
                        {
                            "id": "36fa561e",
                            "settings": {
                                "title": "Photo & Video",
                                "typography_font_family": "EB Garamond",
                                "typography_font_weight": "600"
                            },
                            "elements": [],
                            "isInner": false,
                            "widgetType": "heading",
                            "elType": "widget"
                        },
                        {
                            "id": "3148236f",
                            "settings": {
                                "editor": "<p>Lorem ipsum dolor sit amet, consectetur adipiscing elit, sed do eiusmod tempor incididunt ut labore et dolore magna aliqua. Sit amet nulla facilisi morbi tempus iaculis. Eget egestas purus viverra accumsan in nisl nisi scelerisque. Dui faucibus in ornare quam viverra orci. Amet purus gravida quis blandit turpis cursus in hac. Nec nam aliquam sem et tortor consequat id porta nibh.<\/p><p>Sed libero enim sed faucibus turpis. Nunc scelerisque viverra mauris in aliquam sem fringilla. Odio eu feugiat pretium nibh ipsum consequat nisl. Non quam lacus suspendisse faucibus interdum. At varius vel pharetra vel turpis nunc eget. Velit euismod in pellentesque massa placerat duis ultricies. Leo in vitae turpis massa sed elementum tempus.\u00a0<\/p>",
                                "typography_font_family": "Montserrat",
                                "typography_font_weight": "400",
                                "typography_font_size": {
                                    "unit": "px",
                                    "size": 14,
                                    "sizes": []
                                },
                                "align_mobile": "justify",
                                "align": "justify"
                            },
                            "elements": [],
                            "isInner": false,
                            "widgetType": "text-editor",
                            "elType": "widget"
                        }
                    ],
                    "isInner": false,
                    "elType": "column"
                }
            ],
            "isInner": false,
            "elType": "section"
        },
        {
            "id": "c7fbc6f",
            "settings": {
                "structure": "20",
                "background_background": "classic",
                "background_color": "#FDF9F6",
                "padding": {
                    "unit": "em",
                    "top": "3",
                    "right": "0",
                    "bottom": "3",
                    "left": "0",
                    "isLinked": false
                },
                "gap": "no"
            },
            "elements": [
                {
                    "id": "602ab38a",
                    "settings": {
                        "_column_size": 50,
                        "_inline_size": null,
                        "_inline_size_tablet": 50,
                        "padding": {
                            "unit": "em",
                            "top": "1",
                            "right": "1",
                            "bottom": "1",
                            "left": "1",
                            "isLinked": true
                        },
                        "padding_mobile": {
                            "unit": "em",
                            "top": "1",
                            "right": "1",
                            "bottom": "3",
                            "left": "1",
                            "isLinked": false
                        }
                    },
                    "elements": [
                        {
                            "id": "7f1c00c8",
                            "settings": {
                                "image": {
                                    "url": "https:\/\/kit2.putracetol.com\/wp-content\/uploads\/2020\/11\/wedding-photos-PS9JEP4.jpg",
                                    "id": 613
                                },
                                "_padding": {
                                    "unit": "em",
                                    "top": "0",
                                    "right": "0",
                                    "bottom": "0",
                                    "left": "0",
                                    "isLinked": true
                                },
                                "_padding_tablet": {
                                    "unit": "em",
                                    "top": "0",
                                    "right": "0",
                                    "bottom": "0",
                                    "left": "0",
                                    "isLinked": true
                                },
                                "image_size": "custom",
                                "image_custom_dimension": {
                                    "width": "500",
                                    "height": "500"
                                }
                            },
                            "elements": [],
                            "isInner": false,
                            "widgetType": "image",
                            "elType": "widget"
                        },
                        {
                            "id": "7720739d",
                            "settings": {
                                "title": "Wedding invitation",
                                "typography_font_family": "EB Garamond",
                                "typography_font_weight": "600",
                                "_padding": {
                                    "unit": "em",
                                    "top": "0",
                                    "right": "0",
                                    "bottom": "0",
                                    "left": "2",
                                    "isLinked": false
                                },
                                "_padding_tablet": {
                                    "unit": "em",
                                    "top": "0",
                                    "right": "0",
                                    "bottom": "0",
                                    "left": "0",
                                    "isLinked": false
                                },
                                "_padding_mobile": {
                                    "unit": "em",
                                    "top": "0",
                                    "right": "0",
                                    "bottom": "0",
                                    "left": "0",
                                    "isLinked": false
                                }
                            },
                            "elements": [],
                            "isInner": false,
                            "widgetType": "heading",
                            "elType": "widget"
                        },
                        {
                            "id": "14403d65",
                            "settings": {
                                "editor": "<p>Lorem ipsum dolor sit amet, consectetur adipiscing elit, sed do eiusmod tempor incididunt ut labore et dolore magna aliqua. Sit amet nulla facilisi morbi tempus iaculis. Eget egestas purus viverra accumsan in nisl nisi scelerisque. Dui faucibus in ornare quam viverra orci. Amet purus gravida quis blandit turpis cursus in hac. Nec nam aliquam sem et tortor consequat id porta nibh.<\/p>",
                                "typography_font_family": "Montserrat",
                                "typography_font_weight": "400",
                                "typography_font_size": {
                                    "unit": "px",
                                    "size": 14,
                                    "sizes": []
                                },
                                "align_mobile": "justify",
                                "align": "justify",
                                "_padding": {
                                    "unit": "em",
                                    "top": "0",
                                    "right": "2",
                                    "bottom": "0",
                                    "left": "2",
                                    "isLinked": false
                                },
                                "_padding_tablet": {
                                    "unit": "em",
                                    "top": "0",
                                    "right": "0",
                                    "bottom": "0",
                                    "left": "0",
                                    "isLinked": false
                                },
                                "_padding_mobile": {
                                    "unit": "em",
                                    "top": "0",
                                    "right": "0",
                                    "bottom": "0",
                                    "left": "0",
                                    "isLinked": false
                                }
                            },
                            "elements": [],
                            "isInner": false,
                            "widgetType": "text-editor",
                            "elType": "widget"
                        }
                    ],
                    "isInner": false,
                    "elType": "column"
                },
                {
                    "id": "14cc6977",
                    "settings": {
                        "_column_size": 50,
                        "_inline_size": null,
                        "_inline_size_tablet": 50,
                        "padding": {
                            "unit": "em",
                            "top": "1",
                            "right": "1",
                            "bottom": "1",
                            "left": "1",
                            "isLinked": true
                        }
                    },
                    "elements": [
                        {
                            "id": "603f1a1b",
                            "settings": {
                                "image": {
                                    "url": "https:\/\/kit2.putracetol.com\/wp-content\/uploads\/2020\/11\/wedding-promenade-JY7862L.jpg",
                                    "id": 615
                                },
                                "_padding": {
                                    "unit": "em",
                                    "top": "0",
                                    "right": "0",
                                    "bottom": "0",
                                    "left": "0",
                                    "isLinked": true
                                },
                                "_padding_tablet": {
                                    "unit": "em",
                                    "top": "0",
                                    "right": "0",
                                    "bottom": "0",
                                    "left": "0",
                                    "isLinked": true
                                },
                                "image_size": "custom",
                                "image_custom_dimension": {
                                    "width": "500",
                                    "height": "500"
                                }
                            },
                            "elements": [],
                            "isInner": false,
                            "widgetType": "image",
                            "elType": "widget"
                        },
                        {
                            "id": "5c2ac07a",
                            "settings": {
                                "title": "Satisfaction",
                                "typography_font_family": "EB Garamond",
                                "typography_font_weight": "600",
                                "_padding": {
                                    "unit": "em",
                                    "top": "0",
                                    "right": "0",
                                    "bottom": "0",
                                    "left": "2",
                                    "isLinked": false
                                },
                                "_padding_tablet": {
                                    "unit": "em",
                                    "top": "0",
                                    "right": "0",
                                    "bottom": "0",
                                    "left": "0",
                                    "isLinked": false
                                },
                                "_padding_mobile": {
                                    "unit": "em",
                                    "top": "0",
                                    "right": "0",
                                    "bottom": "0",
                                    "left": "0",
                                    "isLinked": false
                                }
                            },
                            "elements": [],
                            "isInner": false,
                            "widgetType": "heading",
                            "elType": "widget"
                        },
                        {
                            "id": "369be7a0",
                            "settings": {
                                "editor": "<p>Lorem ipsum dolor sit amet, consectetur adipiscing elit, sed do eiusmod tempor incididunt ut labore et dolore magna aliqua. Sit amet nulla facilisi morbi tempus iaculis. Eget egestas purus viverra accumsan in nisl nisi scelerisque. Dui faucibus in ornare quam viverra orci. Amet purus gravida quis blandit turpis cursus in hac. Nec nam aliquam sem et tortor consequat id porta nibh.<\/p>",
                                "typography_font_family": "Montserrat",
                                "typography_font_weight": "400",
                                "typography_font_size": {
                                    "unit": "px",
                                    "size": 14,
                                    "sizes": []
                                },
                                "align_mobile": "justify",
                                "align": "justify",
                                "_padding": {
                                    "unit": "em",
                                    "top": "0",
                                    "right": "2",
                                    "bottom": "0",
                                    "left": "2",
                                    "isLinked": false
                                },
                                "_padding_tablet": {
                                    "unit": "em",
                                    "top": "0",
                                    "right": "0",
                                    "bottom": "0",
                                    "left": "0",
                                    "isLinked": false
                                },
                                "_padding_mobile": {
                                    "unit": "em",
                                    "top": "0",
                                    "right": "0",
                                    "bottom": "0",
                                    "left": "0",
                                    "isLinked": false
                                }
                            },
                            "elements": [],
                            "isInner": false,
                            "widgetType": "text-editor",
                            "elType": "widget"
                        }
                    ],
                    "isInner": false,
                    "elType": "column"
                }
            ],
            "isInner": false,
            "elType": "section"
        },
        {
            "id": "329178be",
            "settings": {
                "structure": "20",
                "padding": {
                    "unit": "em",
                    "top": "3",
                    "right": "0",
                    "bottom": "3",
                    "left": "0",
                    "isLinked": false
                },
                "gap": "no",
                "__globals__": {
                    "background_color": "globals\/colors?id=b4bdeaa"
                }
            },
            "elements": [
                {
                    "id": "2d106169",
                    "settings": {
                        "_column_size": 50,
                        "_inline_size": null,
                        "_inline_size_tablet": 100
                    },
                    "elements": [
                        {
                            "id": "1562f5e4",
                            "settings": {
                                "image": {
                                    "url": "https:\/\/kit2.putracetol.com\/wp-content\/uploads\/2020\/11\/wedding-composition-bride-accessories-PEVFHLZ.jpg",
                                    "id": 610
                                },
                                "_padding": {
                                    "unit": "em",
                                    "top": "1",
                                    "right": "1",
                                    "bottom": "1",
                                    "left": "1",
                                    "isLinked": true
                                },
                                "_padding_tablet": {
                                    "unit": "em",
                                    "top": "1",
                                    "right": "1",
                                    "bottom": "1",
                                    "left": "1",
                                    "isLinked": true
                                },
                                "_padding_mobile": {
                                    "unit": "em",
                                    "top": "1",
                                    "right": "1",
                                    "bottom": "1",
                                    "left": "1",
                                    "isLinked": true
                                },
                                "image_custom_dimension": {
                                    "width": "600",
                                    "height": "600"
                                },
                                "image_size": "custom",
                                "width": {
                                    "unit": "%",
                                    "size": 100,
                                    "sizes": []
                                }
                            },
                            "elements": [],
                            "isInner": false,
                            "widgetType": "image",
                            "elType": "widget"
                        }
                    ],
                    "isInner": false,
                    "elType": "column"
                },
                {
                    "id": "1e66dde6",
                    "settings": {
                        "_column_size": 50,
                        "_inline_size": null,
                        "padding": {
                            "unit": "em",
                            "top": "",
                            "right": "",
                            "bottom": "",
                            "left": "",
                            "isLinked": true
                        },
                        "margin": {
                            "unit": "em",
                            "top": "2",
                            "right": "2",
                            "bottom": "2",
                            "left": "1",
                            "isLinked": false
                        },
                        "margin_mobile": {
                            "unit": "em",
                            "top": "0",
                            "right": "1",
                            "bottom": "0",
                            "left": "1",
                            "isLinked": false
                        },
                        "_inline_size_tablet": 100,
                        "margin_tablet": {
                            "unit": "em",
                            "top": "1",
                            "right": "1",
                            "bottom": "0",
                            "left": "1",
                            "isLinked": false
                        },
                        "content_position": "center"
                    },
                    "elements": [
                        {
                            "id": "700ba18f",
                            "settings": {
                                "title": "Souvenir",
                                "typography_font_family": "EB Garamond",
                                "typography_font_weight": "600"
                            },
                            "elements": [],
                            "isInner": false,
                            "widgetType": "heading",
                            "elType": "widget"
                        },
                        {
                            "id": "2dc028fb",
                            "settings": {
                                "editor": "<p>Lorem ipsum dolor sit amet, consectetur adipiscing elit, sed do eiusmod tempor incididunt ut labore et dolore magna aliqua. Sit amet nulla facilisi morbi tempus iaculis. Eget egestas purus viverra accumsan in nisl nisi scelerisque. Dui faucibus in ornare quam viverra orci. Amet purus gravida quis blandit turpis cursus in hac. Nec nam aliquam sem et tortor consequat id porta nibh.<\/p><p>Sed libero enim sed faucibus turpis. Nunc scelerisque viverra mauris in aliquam sem fringilla. Odio eu feugiat pretium nibh ipsum consequat nisl. Non quam lacus suspendisse faucibus interdum. At varius vel pharetra vel turpis nunc eget. Velit euismod in pellentesque massa placerat duis ultricies. Leo in vitae turpis massa sed elementum tempus.\u00a0<\/p>",
                                "typography_font_family": "Montserrat",
                                "typography_font_weight": "400",
                                "typography_font_size": {
                                    "unit": "px",
                                    "size": 14,
                                    "sizes": []
                                },
                                "align_mobile": "justify",
                                "align": "justify",
                                "_margin_tablet": {
                                    "unit": "em",
                                    "top": "-1",
                                    "right": "0",
                                    "bottom": "0",
                                    "left": "0",
                                    "isLinked": false
                                },
                                "_margin_mobile": {
                                    "unit": "em",
                                    "top": "0",
                                    "right": "0",
                                    "bottom": "0",
                                    "left": "0",
                                    "isLinked": false
                                }
                            },
                            "elements": [],
                            "isInner": false,
                            "widgetType": "text-editor",
                            "elType": "widget"
                        },
                        {
                            "id": "24c797d8",
                            "settings": {
                                "icon_list": [
                                    {
                                        "text": "Lorem Ipsum",
                                        "_id": "6a2bf01"
                                    },
                                    {
                                        "text": "Lorem Ipsum One",
                                        "_id": "1ca04f7"
                                    },
                                    {
                                        "text": "Lorem Ipsum Two",
                                        "_id": "8dfbab9"
                                    },
                                    {
                                        "text": "Lorem Ipsum Three",
                                        "_id": "55f3d5d"
                                    },
                                    {
                                        "text": "Lorem Ipsum Four",
                                        "_id": "dafeb52"
                                    }
                                ],
                                "space_between": {
                                    "unit": "px",
                                    "size": 5,
                                    "sizes": []
                                },
                                "icon_typography_font_family": "Montserrat",
                                "icon_typography_font_size": {
                                    "unit": "px",
                                    "size": 14,
                                    "sizes": []
                                },
                                "icon_typography_font_weight": "400",
                                "__globals__": {
                                    "icon_color": "globals\/colors?id=80ce3cd"
                                },
                                "_margin_tablet": {
                                    "unit": "em",
                                    "top": "-1",
                                    "right": "0",
                                    "bottom": "0",
                                    "left": "0",
                                    "isLinked": false
                                },
                                "_margin_mobile": {
                                    "unit": "em",
                                    "top": "0",
                                    "right": "0",
                                    "bottom": "0",
                                    "left": "0",
                                    "isLinked": false
                                }
                            },
                            "elements": [],
                            "isInner": false,
                            "widgetType": "icon-list",
                            "elType": "widget"
                        }
                    ],
                    "isInner": false,
                    "elType": "column"
                }
            ],
            "isInner": false,
            "elType": "section"
        },
        {
            "id": "60368bce",
            "settings": {
                "background_background": "classic",
                "background_color": "#FDF9F6",
                "padding": {
                    "unit": "em",
                    "top": "3",
                    "right": "0",
                    "bottom": "1",
                    "left": "0",
                    "isLinked": false
                },
                "gap": "no",
                "padding_tablet": {
                    "unit": "em",
                    "top": "3",
                    "right": "0",
                    "bottom": "0",
                    "left": "0",
                    "isLinked": false
                }
            },
            "elements": [
                {
                    "id": "220e168a",
                    "settings": {
                        "_column_size": 100,
                        "_inline_size": null,
                        "align": "center",
                        "text_align": "center"
                    },
                    "elements": [
                        {
                            "id": "1445052a",
                            "settings": {
                                "title": "Price list",
                                "typography_font_family": "EB Garamond",
                                "typography_font_weight": "600"
                            },
                            "elements": [],
                            "isInner": false,
                            "widgetType": "heading",
                            "elType": "widget"
                        },
                        {
                            "id": "48ea5d4d",
                            "settings": {
                                "editor": "<p>Lorem ipsum dolor sit amet, consectetur adipiscing elit. Maecenas Portitor<\/p>",
                                "typography_font_family": "Montserrat",
                                "typography_font_weight": "500",
                                "typography_font_size": {
                                    "unit": "px",
                                    "size": 14,
                                    "sizes": []
                                },
                                "align": "center",
                                "_element_width": "initial",
                                "_element_width_mobile": "initial",
                                "_element_custom_width": {
                                    "unit": "vw",
                                    "size": 26,
                                    "sizes": []
                                },
                                "_element_custom_width_mobile": {
                                    "unit": "vw",
                                    "size": 81,
                                    "sizes": []
                                },
                                "_element_vertical_align": "center",
                                "_element_width_tablet": "initial",
                                "_element_custom_width_tablet": {
                                    "unit": "vw",
                                    "size": 38,
                                    "sizes": []
                                }
                            },
                            "elements": [],
                            "isInner": false,
                            "widgetType": "text-editor",
                            "elType": "widget"
                        }
                    ],
                    "isInner": false,
                    "elType": "column"
                }
            ],
            "isInner": false,
            "elType": "section"
        },
        {
            "id": "470543ec",
            "settings": {
                "structure": "30",
                "background_background": "classic",
                "background_color": "#FDF9F6",
                "padding": {
                    "unit": "em",
                    "top": "0",
                    "right": "0",
                    "bottom": "3",
                    "left": "0",
                    "isLinked": false
                }
            },
            "elements": [
                {
                    "id": "65822f4f",
                    "settings": {
                        "_column_size": 33,
                        "_inline_size": null,
                        "space_between_widgets": 20,
                        "margin": {
                            "unit": "em",
                            "top": "0",
                            "right": "0",
                            "bottom": "0",
                            "left": "0",
                            "isLinked": true
                        },
                        "padding": {
                            "unit": "em",
                            "top": "",
                            "right": "",
                            "bottom": "",
                            "left": "",
                            "isLinked": true
                        }
                    },
                    "elements": [
                        {
                            "id": "963123e",
                            "settings": {
                                "heading": "Bronze package",
                                "sub_heading": "",
                                "heading_tag": "h4",
                                "price": "1300",
                                "period": "",
                                "features_list": [
                                    {
                                        "item_text": "Lorem ipsum color",
                                        "selected_item_icon": {
                                            "value": "",
                                            "library": ""
                                        },
                                        "_id": "c071771"
                                    },
                                    {
                                        "item_text": "Lorem ipsum color",
                                        "selected_item_icon": {
                                            "value": "",
                                            "library": ""
                                        },
                                        "_id": "8cef7ec"
                                    },
                                    {
                                        "item_text": "Lorem ipsum color",
                                        "selected_item_icon": {
                                            "value": "",
                                            "library": ""
                                        },
                                        "_id": "a1c373d"
                                    },
                                    {
                                        "_id": "52b4ae6",
                                        "item_text": "Lorem ipsum color",
                                        "selected_item_icon": {
                                            "value": "",
                                            "library": ""
                                        }
                                    },
                                    {
                                        "_id": "174a2f8",
                                        "item_text": "Lorem ipsum color",
                                        "selected_item_icon": {
                                            "value": "",
                                            "library": ""
                                        }
                                    }
                                ],
                                "button_text": "Click Here",
                                "footer_additional_info": "",
                                "show_ribbon": "",
                                "ribbon_title": "Popular",
                                "heading_typography_font_family": "Montserrat",
                                "heading_typography_font_weight": "600",
                                "sub_heading_typography_font_family": "Montserrat",
                                "sub_heading_typography_font_weight": "400",
                                "pricing_element_bg_color": "#FFFFFF",
                                "currency_size": {
                                    "unit": "px",
                                    "size": 84,
                                    "sizes": []
                                },
                                "features_list_bg_color": "#FFFFFF",
                                "features_list_typography_font_family": "Montserrat",
                                "features_list_typography_font_weight": "400",
                                "list_divider": "",
                                "divider_style": "double",
                                "footer_bg_color": "#FFFFFF",
                                "button_size": "xs",
                                "button_typography_font_family": "Montserrat",
                                "button_typography_font_weight": "500",
                                "heading_typography_font_size": {
                                    "unit": "px",
                                    "size": 16,
                                    "sizes": []
                                },
                                "button_typography_font_size": {
                                    "unit": "px",
                                    "size": 14,
                                    "sizes": []
                                },
                                "__globals__": {
                                    "price_typography_typography": "globals\/typography?id=a548c40",
                                    "header_bg_color": "globals\/colors?id=80ce3cd"
                                }
                            },
                            "elements": [],
                            "isInner": false,
                            "widgetType": "price-table",
                            "elType": "widget"
                        }
                    ],
                    "isInner": false,
                    "elType": "column"
                },
                {
                    "id": "61850db8",
                    "settings": {
                        "_column_size": 33,
                        "_inline_size": null,
                        "margin": {
                            "unit": "em",
                            "top": "0",
                            "right": "0",
                            "bottom": "0",
                            "left": "0",
                            "isLinked": true
                        }
                    },
                    "elements": [
                        {
                            "id": "2f1e1b24",
                            "settings": {
                                "heading": "Silver package",
                                "sub_heading": "",
                                "heading_tag": "h4",
                                "price": "2000",
                                "period": "",
                                "features_list": [
                                    {
                                        "item_text": "Lorem ipsum color",
                                        "selected_item_icon": {
                                            "value": "",
                                            "library": ""
                                        },
                                        "_id": "c071771"
                                    },
                                    {
                                        "item_text": "Lorem ipsum color",
                                        "selected_item_icon": {
                                            "value": "",
                                            "library": ""
                                        },
                                        "_id": "8cef7ec"
                                    },
                                    {
                                        "item_text": "Lorem ipsum color",
                                        "selected_item_icon": {
                                            "value": "",
                                            "library": ""
                                        },
                                        "_id": "a1c373d"
                                    },
                                    {
                                        "_id": "185efb3",
                                        "item_text": "Lorem ipsum color",
                                        "selected_item_icon": {
                                            "value": "",
                                            "library": ""
                                        }
                                    },
                                    {
                                        "_id": "7262c25",
                                        "item_text": "Lorem ipsum color",
                                        "selected_item_icon": {
                                            "value": "",
                                            "library": ""
                                        }
                                    }
                                ],
                                "button_text": "Click Here",
                                "footer_additional_info": "",
                                "show_ribbon": "",
                                "ribbon_title": "Popular",
                                "heading_typography_font_family": "Montserrat",
                                "heading_typography_font_weight": "600",
                                "sub_heading_typography_font_family": "Montserrat",
                                "sub_heading_typography_font_weight": "400",
                                "pricing_element_bg_color": "#FFFFFF",
                                "currency_size": {
                                    "unit": "px",
                                    "size": 84,
                                    "sizes": []
                                },
                                "features_list_bg_color": "#FFFFFF",
                                "features_list_typography_font_family": "Montserrat",
                                "features_list_typography_font_weight": "400",
                                "list_divider": "",
                                "divider_style": "double",
                                "footer_bg_color": "#FFFFFF",
                                "button_size": "xs",
                                "button_typography_font_family": "Montserrat",
                                "button_typography_font_weight": "500",
                                "heading_typography_font_size": {
                                    "unit": "px",
                                    "size": 16,
                                    "sizes": []
                                },
                                "button_typography_font_size": {
                                    "unit": "px",
                                    "size": 14,
                                    "sizes": []
                                },
                                "__globals__": {
                                    "price_typography_typography": "globals\/typography?id=a548c40",
                                    "header_bg_color": "globals\/colors?id=80ce3cd"
                                }
                            },
                            "elements": [],
                            "isInner": false,
                            "widgetType": "price-table",
                            "elType": "widget"
                        }
                    ],
                    "isInner": false,
                    "elType": "column"
                },
                {
                    "id": "71d8dae2",
                    "settings": {
                        "_column_size": 33,
                        "_inline_size": null
                    },
                    "elements": [
                        {
                            "id": "363ab1be",
                            "settings": {
                                "heading": "Golden package",
                                "sub_heading": "",
                                "heading_tag": "h4",
                                "price": "2900",
                                "period": "",
                                "features_list": [
                                    {
                                        "item_text": "Lorem ipsum color",
                                        "selected_item_icon": {
                                            "value": "",
                                            "library": ""
                                        },
                                        "_id": "c071771"
                                    },
                                    {
                                        "item_text": "Lorem ipsum color",
                                        "selected_item_icon": {
                                            "value": "",
                                            "library": ""
                                        },
                                        "_id": "8cef7ec"
                                    },
                                    {
                                        "item_text": "Lorem ipsum color",
                                        "selected_item_icon": {
                                            "value": "",
                                            "library": ""
                                        },
                                        "_id": "a1c373d"
                                    },
                                    {
                                        "_id": "a9072f8",
                                        "item_text": "Lorem ipsum color",
                                        "selected_item_icon": {
                                            "value": "",
                                            "library": ""
                                        }
                                    },
                                    {
                                        "_id": "4d2098b",
                                        "item_text": "Lorem ipsum color",
                                        "selected_item_icon": {
                                            "value": "",
                                            "library": ""
                                        }
                                    }
                                ],
                                "button_text": "Click Here",
                                "footer_additional_info": "",
                                "show_ribbon": "",
                                "ribbon_title": "Popular",
                                "heading_typography_font_family": "Montserrat",
                                "heading_typography_font_weight": "600",
                                "sub_heading_typography_font_family": "Montserrat",
                                "sub_heading_typography_font_weight": "400",
                                "pricing_element_bg_color": "#FFFFFF",
                                "currency_size": {
                                    "unit": "px",
                                    "size": 84,
                                    "sizes": []
                                },
                                "features_list_bg_color": "#FFFFFF",
                                "features_list_typography_font_family": "Montserrat",
                                "features_list_typography_font_weight": "400",
                                "list_divider": "",
                                "divider_style": "double",
                                "footer_bg_color": "#FFFFFF",
                                "button_size": "xs",
                                "button_typography_font_family": "Montserrat",
                                "button_typography_font_weight": "500",
                                "heading_typography_font_size": {
                                    "unit": "px",
                                    "size": 16,
                                    "sizes": []
                                },
                                "button_typography_font_size": {
                                    "unit": "px",
                                    "size": 14,
                                    "sizes": []
                                },
                                "__globals__": {
                                    "price_typography_typography": "globals\/typography?id=a548c40",
                                    "header_bg_color": "globals\/colors?id=80ce3cd"
                                }
                            },
                            "elements": [],
                            "isInner": false,
                            "widgetType": "price-table",
                            "elType": "widget"
                        }
                    ],
                    "isInner": false,
                    "elType": "column"
                }
            ],
            "isInner": false,
            "elType": "section"
        }
    ],
    "page_settings": {
        "hide_title": "yes",
        "template": "elementor_header_footer"
    }
}