{
    "version": "0.4",
    "title": "404 Page",
    "type": "section",
    "metadata": {
        "template_type": "single-404",
        "include_in_zip": "1",
        "elementor_pro_required": "1",
        "wp_page_template": "elementor_header_footer"
    },
    "content": [
        {
            "id": "7900b35b",
            "settings": {
                "structure": "21",
                "padding": {
                    "unit": "px",
                    "top": "100",
                    "right": "0",
                    "bottom": "100",
                    "left": "0",
                    "isLinked": false
                }
            },
            "elements": [
                {
                    "id": "1c96cac7",
                    "settings": {
                        "_column_size": 33,
                        "_inline_size": null,
                        "background_background": "gradient",
                        "background_color_stop": {
                            "unit": "%",
                            "size": 50,
                            "sizes": []
                        },
                        "background_color_b": "#F2295B00",
                        "background_color_b_stop": {
                            "unit": "%",
                            "size": 49,
                            "sizes": []
                        },
                        "background_gradient_angle": {
                            "unit": "deg",
                            "size": 90,
                            "sizes": []
                        },
                        "background_position": "initial",
                        "background_repeat": "no-repeat",
                        "background_size": "initial",
                        "background_bg_width": {
                            "unit": "%",
                            "size": 68,
                            "sizes": []
                        },
                        "__globals__": {
                            "background_color": "globals\/colors?id=c6f2644"
                        }
                    },
                    "elements": [
                        {
                            "id": "233a620d",
                            "settings": {
                                "image": {
                                    "url": "https:\/\/swansa.mjbletters.com\/wp-content\/uploads\/2020\/08\/a-bride-and-groom-a-young-woman-laughing-and-draping-her-veil-over-her-husband-s-head-.jpg",
                                    "id": 1707
                                }
                            },
                            "elements": [],
                            "isInner": false,
                            "widgetType": "image",
                            "elType": "widget"
                        }
                    ],
                    "isInner": false,
                    "elType": "column"
                },
                {
                    "id": "4064e624",
                    "settings": {
                        "_column_size": 66,
                        "_inline_size": null,
                        "padding": {
                            "unit": "px",
                            "top": "50",
                            "right": "0",
                            "bottom": "0",
                            "left": "100",
                            "isLinked": false
                        },
                        "padding_mobile": {
                            "unit": "px",
                            "top": "10",
                            "right": "10",
                            "bottom": "10",
                            "left": "10",
                            "isLinked": true
                        }
                    },
                    "elements": [
                        {
                            "id": "3a326531",
                            "settings": {
                                "title": "404!",
                                "align": "left",
                                "typography_typography": "custom",
                                "typography_font_family": "Marcellus",
                                "typography_font_size": {
                                    "unit": "px",
                                    "size": 170
                                },
                                "typography_font_size_mobile": {
                                    "unit": "px",
                                    "size": 98
                                },
                                "typography_font_weight": "400",
                                "typography_line_height": {
                                    "unit": "em",
                                    "size": 1.2
                                },
                                "_margin": {
                                    "unit": "px",
                                    "top": "-50",
                                    "right": "0",
                                    "bottom": "0",
                                    "left": "0",
                                    "isLinked": false
                                },
                                "_padding": {
                                    "unit": "px",
                                    "top": "0",
                                    "right": "0",
                                    "bottom": "0",
                                    "left": "0",
                                    "isLinked": false
                                },
                                "_animation": "fadeInUp",
                                "__globals__": {
                                    "title_color": "globals\/colors?id=secondary"
                                },
                                "_margin_mobile": {
                                    "unit": "px",
                                    "top": "0",
                                    "right": "0",
                                    "bottom": "0",
                                    "left": "0",
                                    "isLinked": true
                                }
                            },
                            "elements": [],
                            "isInner": false,
                            "widgetType": "heading",
                            "elType": "widget"
                        },
                        {
                            "id": "4268ff80",
                            "settings": {
                                "title": "Seomething went wrong",
                                "align": "left",
                                "typography_font_family": "Marcellus",
                                "typography_font_size": {
                                    "unit": "px",
                                    "size": 40,
                                    "sizes": []
                                },
                                "typography_font_weight": "400",
                                "__globals__": {
                                    "title_color": "globals\/colors?id=67350cde"
                                }
                            },
                            "elements": [],
                            "isInner": false,
                            "widgetType": "heading",
                            "elType": "widget"
                        },
                        {
                            "id": "65023c22",
                            "settings": {
                                "title": "Sorry, the page you are looking for cannot be found",
                                "align": "left",
                                "typography_typography": "custom",
                                "typography_font_family": "Open Sans",
                                "typography_font_size": {
                                    "unit": "px",
                                    "size": 21,
                                    "sizes": []
                                },
                                "typography_font_weight": "400",
                                "_margin": {
                                    "unit": "px",
                                    "top": "0",
                                    "right": "0",
                                    "bottom": "0",
                                    "left": "0",
                                    "isLinked": false
                                },
                                "_padding": {
                                    "unit": "px",
                                    "top": "0",
                                    "right": "0",
                                    "bottom": "0",
                                    "left": "0",
                                    "isLinked": false
                                },
                                "_animation": "fadeInUp",
                                "__globals__": {
                                    "title_color": "globals\/colors?id=secondary",
                                    "typography_typography": ""
                                },
                                "title_color": "#000000"
                            },
                            "elements": [],
                            "isInner": false,
                            "widgetType": "heading",
                            "elType": "widget"
                        },
                        {
                            "id": "3fc1f017",
                            "settings": {
                                "editor": "<p>Duis aute irure dolor in reprehenderit in voluptate velit esse cillum dolore eu fugiat nulla pariatur sint occaecat cupidatat non proident sunt in culpa qui officia deserunt.<\/p>",
                                "typography_font_family": "Work Sans",
                                "typography_font_size": {
                                    "unit": "px",
                                    "size": 15,
                                    "sizes": []
                                },
                                "typography_font_weight": "400",
                                "__globals__": {
                                    "text_color": "globals\/colors?id=text"
                                }
                            },
                            "elements": [],
                            "isInner": false,
                            "widgetType": "text-editor",
                            "elType": "widget"
                        },
                        {
                            "id": "4a965e98",
                            "settings": {
                                "text": "Back to Home",
                                "align": "left",
                                "size": "md",
                                "__globals__": {
                                    "background_color": "globals\/colors?id=8988280",
                                    "button_background_hover_color": "globals\/colors?id=89bf120",
                                    "hover_color": "globals\/colors?id=4851c0f3"
                                }
                            },
                            "elements": [],
                            "isInner": false,
                            "widgetType": "button",
                            "elType": "widget"
                        }
                    ],
                    "isInner": false,
                    "elType": "column"
                }
            ],
            "isInner": false,
            "elType": "section"
        }
    ],
    "page_settings": {
        "hide_title": "yes",
        "background_background": "classic",
        "__globals__": {
            "background_color": "globals\/colors?id=4851c0f3"
        },
        "eael_ext_toc_title": "Table of Contents",
        "template": "elementor_header_footer"
    }
}