{
    "version": "0.4",
    "title": "Contact",
    "type": "page",
    "metadata": {
        "template_type": "single-page",
        "include_in_zip": "1",
        "elementor_pro_required": "1",
        "wp_page_template": "elementor_header_footer"
    },
    "content": [
        {
            "id": "5f12214a",
            "settings": {
                "height": "min-height",
                "custom_height": {
                    "unit": "px",
                    "size": 200,
                    "sizes": []
                },
                "background_background": "classic",
                "background_image": {
                    "url": "https:\/\/swansa.mjbletters.com\/wp-content\/uploads\/2020\/08\/wedding-arch-decoration-with-beautiful-view.jpg",
                    "id": 1031
                },
                "background_position": "center center",
                "background_overlay_background": "classic",
                "padding": {
                    "unit": "px",
                    "top": "15",
                    "right": "0",
                    "bottom": "15",
                    "left": "0",
                    "isLinked": false
                },
                "background_overlay_color_stop": {
                    "unit": "%",
                    "size": 37,
                    "sizes": []
                },
                "background_overlay_gradient_angle": {
                    "unit": "deg",
                    "size": 110,
                    "sizes": []
                },
                "__globals__": {
                    "background_overlay_color_b": "globals\/colors?id=70d700c",
                    "background_overlay_color": "globals\/colors?id=secondary"
                },
                "shape_divider_bottom_height": {
                    "unit": "px",
                    "size": 20,
                    "sizes": []
                },
                "background_overlay_opacity": {
                    "unit": "px",
                    "size": 0.3,
                    "sizes": []
                },
                "background_repeat": "no-repeat",
                "background_size": "cover"
            },
            "elements": [
                {
                    "id": "b2223b3",
                    "settings": {
                        "_column_size": 100,
                        "margin": {
                            "unit": "%",
                            "top": "",
                            "right": "",
                            "bottom": "",
                            "left": "",
                            "isLinked": true
                        },
                        "padding": {
                            "unit": "%",
                            "top": "0",
                            "right": "0",
                            "bottom": "0",
                            "left": "0",
                            "isLinked": false
                        },
                        "padding_tablet": {
                            "unit": "px",
                            "top": "40",
                            "right": "40",
                            "bottom": "40",
                            "left": "40",
                            "isLinked": true
                        },
                        "padding_mobile": {
                            "unit": "px",
                            "top": "0",
                            "right": "0",
                            "bottom": "0",
                            "left": "0",
                            "isLinked": true
                        }
                    },
                    "elements": [
                        {
                            "id": "2145a583",
                            "settings": {
                                "title": "Contact Us",
                                "title_color": "#ffffff",
                                "typography_font_size": {
                                    "unit": "px",
                                    "size": 40
                                },
                                "typography_font_weight": "700",
                                "typography_line_height": {
                                    "unit": "em",
                                    "size": 1.2
                                },
                                "_padding": {
                                    "unit": "px",
                                    "top": "0",
                                    "right": "0",
                                    "bottom": "0",
                                    "left": "0",
                                    "isLinked": false
                                },
                                "typography_font_size_mobile": {
                                    "unit": "px",
                                    "size": 39
                                },
                                "typography_font_family": "Marcellus",
                                "align": "left",
                                "typography_letter_spacing": {
                                    "unit": "px",
                                    "size": 1,
                                    "sizes": []
                                },
                                "_animation": "fadeIn",
                                "animation_duration": "slow",
                                "align_mobile": "center"
                            },
                            "elements": [],
                            "isInner": false,
                            "widgetType": "heading",
                            "elType": "widget"
                        }
                    ],
                    "isInner": false,
                    "elType": "column"
                }
            ],
            "isInner": false,
            "elType": "section"
        },
        {
            "id": "4e12ac6",
            "settings": {
                "padding": {
                    "unit": "px",
                    "top": "100",
                    "right": "0",
                    "bottom": "100",
                    "left": "0",
                    "isLinked": false
                },
                "structure": "20",
                "background_background": "classic",
                "__globals__": {
                    "background_color": ""
                },
                "custom_height": {
                    "unit": "px",
                    "size": 0,
                    "sizes": []
                },
                "background_color": "#FBF7F3",
                "background_position": "top right",
                "background_repeat": "no-repeat",
                "background_size": "initial",
                "background_bg_width": {
                    "unit": "%",
                    "size": 59,
                    "sizes": []
                },
                "background_overlay_background": "classic",
                "background_overlay_image": {
                    "url": "https:\/\/swansa.mjbletters.com\/wp-content\/uploads\/2020\/07\/nane22.png",
                    "id": 3435
                },
                "background_overlay_position": "top right",
                "background_overlay_repeat": "no-repeat",
                "background_overlay_size": "initial",
                "background_overlay_bg_width": {
                    "unit": "%",
                    "size": 60,
                    "sizes": []
                },
                "background_overlay_opacity": {
                    "unit": "px",
                    "size": 0.1,
                    "sizes": []
                },
                "border_width": {
                    "unit": "px",
                    "top": "2",
                    "right": "0",
                    "bottom": "0",
                    "left": "0",
                    "isLinked": false
                },
                "border_color": "#CCCCCC"
            },
            "elements": [
                {
                    "id": "63457c90",
                    "settings": {
                        "_column_size": 50,
                        "_inline_size": null
                    },
                    "elements": [
                        {
                            "id": "780cfd63",
                            "settings": {
                                "padding": {
                                    "unit": "px",
                                    "top": "0",
                                    "right": "0",
                                    "bottom": "50",
                                    "left": "0",
                                    "isLinked": false
                                }
                            },
                            "elements": [
                                {
                                    "id": "3289959",
                                    "settings": {
                                        "_column_size": 100,
                                        "_inline_size": null,
                                        "padding": {
                                            "unit": "px",
                                            "top": "0",
                                            "right": "100",
                                            "bottom": "0",
                                            "left": "10",
                                            "isLinked": false
                                        },
                                        "padding_mobile": {
                                            "unit": "px",
                                            "top": "10",
                                            "right": "10",
                                            "bottom": "10",
                                            "left": "10",
                                            "isLinked": true
                                        }
                                    },
                                    "elements": [
                                        {
                                            "id": "416c2a85",
                                            "settings": {
                                                "image": {
                                                    "url": "https:\/\/swansa.mjbletters.com\/wp-content\/uploads\/2020\/07\/1-01-1.png",
                                                    "id": 3123
                                                },
                                                "align": "left",
                                                "width": {
                                                    "unit": "px",
                                                    "size": 130,
                                                    "sizes": []
                                                }
                                            },
                                            "elements": [],
                                            "isInner": false,
                                            "widgetType": "image",
                                            "elType": "widget"
                                        },
                                        {
                                            "id": "594f0083",
                                            "settings": {
                                                "title": "Get In Touch",
                                                "align": "left",
                                                "typography_typography": "custom",
                                                "typography_font_family": "Marcellus",
                                                "typography_font_size": {
                                                    "unit": "px",
                                                    "size": 40,
                                                    "sizes": []
                                                },
                                                "typography_font_weight": "400",
                                                "__globals__": {
                                                    "title_color": "globals\/colors?id=67350cde"
                                                }
                                            },
                                            "elements": [],
                                            "isInner": false,
                                            "widgetType": "heading",
                                            "elType": "widget"
                                        },
                                        {
                                            "id": "2143cc76",
                                            "settings": {
                                                "editor": "<p>Excepteur sintoccaecat cupidatat non proident sunt in culpa qui officia<br \/>deserunt mollit anim id est laborum.<\/p>",
                                                "align": "left",
                                                "typography_typography": "custom",
                                                "typography_font_family": "Open Sans",
                                                "typography_font_weight": "400",
                                                "__globals__": {
                                                    "text_color": "globals\/colors?id=text"
                                                }
                                            },
                                            "elements": [],
                                            "isInner": false,
                                            "widgetType": "text-editor",
                                            "elType": "widget"
                                        },
                                        {
                                            "id": "269f195e",
                                            "settings": {
                                                "selected_icon": {
                                                    "value": "fas fa-phone-alt",
                                                    "library": "fa-solid"
                                                },
                                                "title_text": "For more Queries call us our Toll Free No.",
                                                "description_text": "+62 3456 7890",
                                                "position": "left",
                                                "title_size": "h5",
                                                "view": "stacked",
                                                "icon_size": {
                                                    "unit": "px",
                                                    "size": 28,
                                                    "sizes": []
                                                },
                                                "description_typography_typography": "custom",
                                                "description_typography_font_family": "Open Sans",
                                                "description_typography_font_size": {
                                                    "unit": "px",
                                                    "size": 30,
                                                    "sizes": []
                                                },
                                                "description_typography_font_weight": "400"
                                            },
                                            "elements": [],
                                            "isInner": false,
                                            "widgetType": "icon-box",
                                            "elType": "widget"
                                        }
                                    ],
                                    "isInner": true,
                                    "elType": "column"
                                }
                            ],
                            "isInner": true,
                            "elType": "section"
                        }
                    ],
                    "isInner": false,
                    "elType": "column"
                },
                {
                    "id": "1181cbf2",
                    "settings": {
                        "_column_size": 50,
                        "_inline_size": null
                    },
                    "elements": [
                        {
                            "id": "2bb6853e",
                            "settings": {
                                "background_background": "classic",
                                "border_border": "solid",
                                "border_width": {
                                    "unit": "px",
                                    "top": "1",
                                    "right": "1",
                                    "bottom": "1",
                                    "left": "1",
                                    "isLinked": true
                                },
                                "border_color": "#E0E0E0",
                                "padding": {
                                    "unit": "px",
                                    "top": "30",
                                    "right": "30",
                                    "bottom": "30",
                                    "left": "30",
                                    "isLinked": true
                                },
                                "padding_mobile": {
                                    "unit": "px",
                                    "top": "10",
                                    "right": "10",
                                    "bottom": "10",
                                    "left": "10",
                                    "isLinked": true
                                },
                                "__globals__": {
                                    "border_color": "",
                                    "background_color": ""
                                },
                                "background_color": "#FFFFFF"
                            },
                            "elements": [
                                {
                                    "id": "65b2d43f",
                                    "settings": {
                                        "_column_size": 100,
                                        "_inline_size": null
                                    },
                                    "elements": [
                                        {
                                            "id": "32f08c5e",
                                            "settings": {
                                                "form_name": "New Form",
                                                "form_fields": [
                                                    {
                                                        "custom_id": "name",
                                                        "placeholder": "Name",
                                                        "width": "50",
                                                        "_id": "fbd8b75"
                                                    },
                                                    {
                                                        "custom_id": "email",
                                                        "field_type": "email",
                                                        "required": "true",
                                                        "placeholder": "Email",
                                                        "width": "50",
                                                        "_id": "27de5fc"
                                                    },
                                                    {
                                                        "custom_id": "email",
                                                        "field_type": "select",
                                                        "required": "true",
                                                        "placeholder": "Address",
                                                        "field_options": "Choose a plan\nSilver\nGold\nPlatinum",
                                                        "_id": "5bd9966"
                                                    },
                                                    {
                                                        "custom_id": "message",
                                                        "field_type": "textarea",
                                                        "placeholder": "Type your inquery",
                                                        "_id": "16fed59"
                                                    }
                                                ],
                                                "button_align": "center",
                                                "step_next_label": "Next",
                                                "step_previous_label": "Previous",
                                                "button_text": "Book Now",
                                                "email_content": "[all-fields]",
                                                "email_content_2": "[all-fields]",
                                                "success_message": "The form was sent successfully.",
                                                "error_message": "An error occured.",
                                                "required_field_message": "This field is required.",
                                                "invalid_message": "There's something wrong. The form is invalid.",
                                                "field_text_color": "#B7B5B5",
                                                "field_typography_typography": "custom",
                                                "field_typography_font_family": "Rubik",
                                                "field_typography_font_size": {
                                                    "unit": "px",
                                                    "size": 15,
                                                    "sizes": []
                                                },
                                                "field_typography_font_weight": "400",
                                                "field_border_width": {
                                                    "unit": "px",
                                                    "top": "0",
                                                    "right": "0",
                                                    "bottom": "1",
                                                    "left": "0",
                                                    "isLinked": false
                                                },
                                                "button_typography_typography": "custom",
                                                "button_typography_font_family": "Marcellus",
                                                "button_typography_font_weight": "400",
                                                "button_border_radius": {
                                                    "unit": "px",
                                                    "top": "0",
                                                    "right": "0",
                                                    "bottom": "0",
                                                    "left": "0",
                                                    "isLinked": false
                                                },
                                                "__globals__": {
                                                    "button_background_color": "globals\/colors?id=8988280",
                                                    "previous_button_background_color": "",
                                                    "field_border_color": "",
                                                    "button_background_hover_color": "globals\/colors?id=89bf120",
                                                    "button_hover_color": "globals\/colors?id=4851c0f3",
                                                    "button_typography_typography": ""
                                                },
                                                "field_border_color": "#7A7A7A",
                                                "row_gap": {
                                                    "unit": "px",
                                                    "size": 26,
                                                    "sizes": []
                                                },
                                                "label_typography_typography": "custom",
                                                "label_typography_font_family": "Rubik",
                                                "label_typography_font_size": {
                                                    "unit": "px",
                                                    "size": 15,
                                                    "sizes": []
                                                },
                                                "label_typography_font_weight": "400",
                                                "html_typography_typography": "custom",
                                                "html_typography_font_family": "Rubik",
                                                "html_typography_font_size": {
                                                    "unit": "px",
                                                    "size": 15,
                                                    "sizes": []
                                                },
                                                "html_typography_font_weight": "400",
                                                "input_size": "md",
                                                "button_size": "md",
                                                "button_text_color": "",
                                                "previous_button_text_color": ""
                                            },
                                            "elements": [],
                                            "isInner": false,
                                            "widgetType": "form",
                                            "elType": "widget"
                                        }
                                    ],
                                    "isInner": true,
                                    "elType": "column"
                                }
                            ],
                            "isInner": true,
                            "elType": "section"
                        }
                    ],
                    "isInner": false,
                    "elType": "column"
                }
            ],
            "isInner": false,
            "elType": "section"
        },
        {
            "id": "7440d9fe",
            "settings": {
                "custom_height": {
                    "unit": "px",
                    "size": 0,
                    "sizes": []
                },
                "background_background": "classic",
                "background_position": "top right",
                "background_size": "initial",
                "__globals__": {
                    "background_color": "",
                    "border_color": "",
                    "background_overlay_color": ""
                },
                "background_overlay_background": "classic",
                "background_overlay_opacity": {
                    "unit": "px",
                    "size": 0.2,
                    "sizes": []
                },
                "background_repeat": "no-repeat",
                "background_bg_width": {
                    "unit": "%",
                    "size": 59,
                    "sizes": []
                },
                "background_overlay_position": "top center",
                "background_overlay_repeat": "no-repeat",
                "background_overlay_size": "cover",
                "background_overlay_bg_width": {
                    "unit": "%",
                    "size": 60,
                    "sizes": []
                },
                "border_width": {
                    "unit": "px",
                    "top": "2",
                    "right": "0",
                    "bottom": "0",
                    "left": "0",
                    "isLinked": false
                },
                "border_color": "#CCCCCC",
                "layout": "full_width"
            },
            "elements": [
                {
                    "id": "43affb28",
                    "settings": {
                        "_column_size": 100,
                        "_inline_size": null
                    },
                    "elements": [
                        {
                            "id": "1a1952ee",
                            "settings": {
                                "address": "London Eye, London, United Kingdom",
                                "zoom": {
                                    "unit": "px",
                                    "size": 15,
                                    "sizes": []
                                },
                                "height": {
                                    "unit": "px",
                                    "size": 450,
                                    "sizes": []
                                }
                            },
                            "elements": [],
                            "isInner": false,
                            "widgetType": "google_maps",
                            "elType": "widget"
                        }
                    ],
                    "isInner": false,
                    "elType": "column"
                }
            ],
            "isInner": false,
            "elType": "section"
        },
        {
            "id": "3181373d",
            "settings": {
                "background_background": "classic",
                "padding": {
                    "unit": "px",
                    "top": "50",
                    "right": "0",
                    "bottom": "50",
                    "left": "0",
                    "isLinked": false
                },
                "__globals__": {
                    "background_color": ""
                }
            },
            "elements": [
                {
                    "id": "2fb1455b",
                    "settings": {
                        "_column_size": 100,
                        "_inline_size": null
                    },
                    "elements": [
                        {
                            "id": "509b4f71",
                            "settings": {
                                "carousel": [
                                    {
                                        "id": 3491,
                                        "url": "https:\/\/swansa.mjbletters.com\/wp-content\/uploads\/2020\/10\/dummy-logo-1b.png"
                                    },
                                    {
                                        "id": 3492,
                                        "url": "https:\/\/swansa.mjbletters.com\/wp-content\/uploads\/2020\/10\/dummy-logo-2b.png"
                                    },
                                    {
                                        "id": 3493,
                                        "url": "https:\/\/swansa.mjbletters.com\/wp-content\/uploads\/2020\/10\/dummy-logo-3b.png"
                                    },
                                    {
                                        "id": 3494,
                                        "url": "https:\/\/swansa.mjbletters.com\/wp-content\/uploads\/2020\/10\/dummy-logo-4b.png"
                                    },
                                    {
                                        "id": 3495,
                                        "url": "https:\/\/swansa.mjbletters.com\/wp-content\/uploads\/2020\/10\/dummy-logo-5b.png"
                                    },
                                    {
                                        "id": 3496,
                                        "url": "https:\/\/swansa.mjbletters.com\/wp-content\/uploads\/2020\/10\/dummy-logo-6b.png"
                                    }
                                ],
                                "thumbnail_size": "tk_preview",
                                "slides_to_show": "5",
                                "navigation": "none"
                            },
                            "elements": [],
                            "isInner": false,
                            "widgetType": "image-carousel",
                            "elType": "widget"
                        }
                    ],
                    "isInner": false,
                    "elType": "column"
                }
            ],
            "isInner": false,
            "elType": "section"
        }
    ],
    "page_settings": {
        "background_background": "classic",
        "background_color": "#FFFFFF",
        "eael_ext_toc_title": "Table of Contents",
        "template": "elementor_header_footer"
    }
}