{
    "version": "0.4",
    "title": "footer",
    "type": "footer",
    "metadata": {
        "template_type": "section-footer",
        "include_in_zip": "1",
        "elementor_pro_required": "1",
        "elementor_library_type": "footer",
        "elementor_pro_conditions": [
            "include\/general"
        ],
        "additional_template_information": [
            "This is a \"Footer\" template for Elementor Pro.",
            "This template will display on: Entire Site."
        ],
        "wp_page_template": "default"
    },
    "content": [
        {
            "id": "7dfb1e9a",
            "settings": {
                "background_background": "classic",
                "custom_height": {
                    "unit": "px",
                    "size": 0,
                    "sizes": []
                },
                "padding": {
                    "unit": "px",
                    "top": "50",
                    "right": "0",
                    "bottom": "0",
                    "left": "0",
                    "isLinked": false
                },
                "border_width": {
                    "unit": "px",
                    "top": "2",
                    "right": "0",
                    "bottom": "0",
                    "left": "0",
                    "isLinked": false
                },
                "border_color": "#CCCCCC",
                "__globals__": {
                    "background_color": "globals\/colors?id=5ea69b3",
                    "border_color": "",
                    "background_overlay_color": ""
                },
                "background_position": "top right",
                "background_repeat": "no-repeat",
                "background_size": "initial",
                "background_bg_width": {
                    "unit": "%",
                    "size": 59,
                    "sizes": []
                },
                "background_overlay_background": "classic",
                "background_overlay_image": {
                    "url": "https:\/\/swansa.mjbletters.com\/wp-content\/uploads\/2020\/09\/none16.png",
                    "id": 3422
                },
                "background_overlay_position": "top right",
                "background_overlay_repeat": "no-repeat",
                "background_overlay_size": "initial",
                "background_overlay_bg_width": {
                    "unit": "%",
                    "size": 60,
                    "sizes": []
                },
                "background_overlay_opacity": {
                    "unit": "px",
                    "size": 0.2,
                    "sizes": []
                },
                "background_overlay_color": "#CEB08D"
            },
            "elements": [
                {
                    "id": "bca9978",
                    "settings": {
                        "_column_size": 100,
                        "_inline_size": null
                    },
                    "elements": [
                        {
                            "id": "396f4a7b",
                            "settings": {
                                "border_width": {
                                    "unit": "px",
                                    "top": "0",
                                    "right": "0",
                                    "bottom": "1",
                                    "left": "0",
                                    "isLinked": false
                                },
                                "border_color": "#C2C2C2",
                                "margin": {
                                    "unit": "px",
                                    "top": "0",
                                    "right": 0,
                                    "bottom": "3",
                                    "left": 0,
                                    "isLinked": false
                                },
                                "padding": {
                                    "unit": "px",
                                    "top": "0",
                                    "right": "0",
                                    "bottom": "20",
                                    "left": "0",
                                    "isLinked": false
                                }
                            },
                            "elements": [
                                {
                                    "id": "251b0abf",
                                    "settings": {
                                        "_column_size": 100,
                                        "_inline_size": null
                                    },
                                    "elements": [
                                        {
                                            "id": "449fa1c4",
                                            "settings": {
                                                "title": "Swansa on Instagram",
                                                "align": "center",
                                                "typography_typography": "custom",
                                                "typography_font_family": "Great Vibes",
                                                "typography_font_size": {
                                                    "unit": "px",
                                                    "size": ""
                                                },
                                                "typography_font_size_mobile": {
                                                    "unit": "px",
                                                    "size": 40
                                                },
                                                "typography_font_weight": "400",
                                                "typography_line_height": {
                                                    "unit": "em",
                                                    "size": 1.2
                                                },
                                                "_padding": {
                                                    "unit": "px",
                                                    "top": "0",
                                                    "right": "0",
                                                    "bottom": "0",
                                                    "left": "0",
                                                    "isLinked": false
                                                },
                                                "__globals__": {
                                                    "title_color": "globals\/colors?id=secondary"
                                                },
                                                "header_size": "h5"
                                            },
                                            "elements": [],
                                            "isInner": false,
                                            "widgetType": "heading",
                                            "elType": "widget"
                                        },
                                        {
                                            "id": "6bee3520",
                                            "settings": {
                                                "carousel": [
                                                    {
                                                        "id": 2270,
                                                        "url": "https:\/\/swansa.mjbletters.com\/wp-content\/uploads\/2020\/09\/couple-shaking-hands-with-counselor-thankful-for-help-in-office.jpg"
                                                    },
                                                    {
                                                        "id": 2210,
                                                        "url": "https:\/\/swansa.mjbletters.com\/wp-content\/uploads\/2020\/09\/wedding-couple.jpg"
                                                    },
                                                    {
                                                        "id": 2209,
                                                        "url": "https:\/\/swansa.mjbletters.com\/wp-content\/uploads\/2020\/09\/loving-young-couple-photo-shooting-and-relaxing-in-a-park-.jpg"
                                                    },
                                                    {
                                                        "id": 1886,
                                                        "url": "https:\/\/swansa.mjbletters.com\/wp-content\/uploads\/2020\/08\/wedding-couple-smiling-at-each-other.jpg"
                                                    },
                                                    {
                                                        "id": 1888,
                                                        "url": "https:\/\/swansa.mjbletters.com\/wp-content\/uploads\/2020\/08\/celebrating-wedding-anniversary.jpg"
                                                    },
                                                    {
                                                        "id": 1121,
                                                        "url": "https:\/\/swansa.mjbletters.com\/wp-content\/uploads\/2020\/08\/young-man-makes-a-wedding-proposal-to-his-woman.jpg"
                                                    },
                                                    {
                                                        "id": 871,
                                                        "url": "https:\/\/swansa.mjbletters.com\/wp-content\/uploads\/2020\/08\/marrieds-august-2017.jpg"
                                                    },
                                                    {
                                                        "id": 880,
                                                        "url": "https:\/\/swansa.mjbletters.com\/wp-content\/uploads\/2020\/08\/sensual-couple-rooftop-romance.jpg"
                                                    }
                                                ],
                                                "thumbnail_size": "custom",
                                                "thumbnail_custom_dimension": {
                                                    "width": "300",
                                                    "height": "300"
                                                },
                                                "slides_to_show": "5",
                                                "navigation": "none",
                                                "link_to": "file",
                                                "open_lightbox": "yes",
                                                "gallery_vertical_align": "center",
                                                "image_spacing": "custom",
                                                "image_spacing_custom": {
                                                    "unit": "px",
                                                    "size": 10,
                                                    "sizes": []
                                                },
                                                "image_border_width": {
                                                    "unit": "px",
                                                    "top": "10",
                                                    "right": "10",
                                                    "bottom": "10",
                                                    "left": "10",
                                                    "isLinked": true
                                                },
                                                "_padding": {
                                                    "unit": "px",
                                                    "top": "10",
                                                    "right": "10",
                                                    "bottom": "6",
                                                    "left": "10",
                                                    "isLinked": false
                                                },
                                                "_background_background": "classic",
                                                "__globals__": {
                                                    "image_border_color": "globals\/colors?id=330cf184",
                                                    "_background_color": ""
                                                },
                                                "image_border_color": "#FFFFFF",
                                                "_background_color": "#FFFFFF"
                                            },
                                            "elements": [],
                                            "isInner": false,
                                            "widgetType": "image-carousel",
                                            "elType": "widget"
                                        }
                                    ],
                                    "isInner": true,
                                    "elType": "column"
                                }
                            ],
                            "isInner": true,
                            "elType": "section"
                        },
                        {
                            "id": "ee78b60",
                            "settings": {
                                "layout": "full_width",
                                "background_background": "classic",
                                "border_width": {
                                    "unit": "px",
                                    "top": "1",
                                    "right": "0",
                                    "bottom": "0",
                                    "left": "0",
                                    "isLinked": false
                                },
                                "border_color": "#D0D0D0",
                                "__globals__": {
                                    "border_color": ""
                                },
                                "padding": {
                                    "unit": "px",
                                    "top": "50",
                                    "right": "0",
                                    "bottom": "50",
                                    "left": "0",
                                    "isLinked": false
                                }
                            },
                            "elements": [
                                {
                                    "id": "61983940",
                                    "settings": {
                                        "_column_size": 100,
                                        "_inline_size": null
                                    },
                                    "elements": [
                                        {
                                            "id": "346f928d",
                                            "settings": {
                                                "social_icon_list": [
                                                    {
                                                        "social_icon": {
                                                            "value": "fab fa-facebook",
                                                            "library": "fa-brands"
                                                        },
                                                        "_id": "76762e2"
                                                    },
                                                    {
                                                        "social_icon": {
                                                            "value": "fab fa-twitter",
                                                            "library": "fa-brands"
                                                        },
                                                        "_id": "f8f5e0c"
                                                    },
                                                    {
                                                        "social_icon": {
                                                            "value": "fab fa-youtube",
                                                            "library": "fa-brands"
                                                        },
                                                        "_id": "4860838"
                                                    },
                                                    {
                                                        "social_icon": {
                                                            "value": "fab fa-instagram",
                                                            "library": "fa-brands"
                                                        },
                                                        "_id": "27604c5"
                                                    }
                                                ],
                                                "shape": "circle",
                                                "icon_color": "custom",
                                                "__globals__": {
                                                    "icon_secondary_color": "",
                                                    "icon_primary_color": "",
                                                    "hover_primary_color": "",
                                                    "hover_secondary_color": ""
                                                },
                                                "icon_primary_color": "#FFFFFF",
                                                "icon_secondary_color": "#CEB08D",
                                                "hover_primary_color": "#CEB08D",
                                                "hover_secondary_color": "#FFFFFF"
                                            },
                                            "elements": [],
                                            "isInner": false,
                                            "widgetType": "social-icons",
                                            "elType": "widget"
                                        }
                                    ],
                                    "isInner": true,
                                    "elType": "column"
                                }
                            ],
                            "isInner": true,
                            "elType": "section"
                        },
                        {
                            "id": "2692cb30",
                            "settings": {
                                "layout": "full_width",
                                "background_background": "classic",
                                "border_width": {
                                    "unit": "px",
                                    "top": "1",
                                    "right": "0",
                                    "bottom": "0",
                                    "left": "0",
                                    "isLinked": false
                                },
                                "border_color": "#D0D0D0",
                                "__globals__": {
                                    "border_color": ""
                                }
                            },
                            "elements": [
                                {
                                    "id": "5f2431f7",
                                    "settings": {
                                        "_column_size": 100,
                                        "_inline_size": null
                                    },
                                    "elements": [
                                        {
                                            "id": "35049e57",
                                            "settings": {
                                                "editor": "<p>\u00a9 2020 Swansa Template Kit \u2013 All Rights Reserved.<\/p>",
                                                "align": "center"
                                            },
                                            "elements": [],
                                            "isInner": false,
                                            "widgetType": "text-editor",
                                            "elType": "widget"
                                        }
                                    ],
                                    "isInner": true,
                                    "elType": "column"
                                }
                            ],
                            "isInner": true,
                            "elType": "section"
                        }
                    ],
                    "isInner": false,
                    "elType": "column"
                }
            ],
            "isInner": false,
            "elType": "section"
        }
    ]
}