{
    "version": "0.4",
    "title": "Gallery",
    "type": "page",
    "metadata": {
        "template_type": "single-page",
        "include_in_zip": "1",
        "elementor_pro_required": "1",
        "wp_page_template": "elementor_header_footer"
    },
    "content": [
        {
            "id": "6a65fe3b",
            "settings": {
                "height": "min-height",
                "custom_height": {
                    "unit": "px",
                    "size": 200,
                    "sizes": []
                },
                "background_background": "classic",
                "background_image": {
                    "url": "https:\/\/swansa.mjbletters.com\/wp-content\/uploads\/2020\/07\/wedding-ceremony-area-2.jpg",
                    "id": 315
                },
                "background_position": "center center",
                "background_overlay_background": "classic",
                "padding": {
                    "unit": "px",
                    "top": "15",
                    "right": "0",
                    "bottom": "15",
                    "left": "0",
                    "isLinked": false
                },
                "background_overlay_color_stop": {
                    "unit": "%",
                    "size": 37,
                    "sizes": []
                },
                "background_overlay_gradient_angle": {
                    "unit": "deg",
                    "size": 110,
                    "sizes": []
                },
                "__globals__": {
                    "background_overlay_color_b": "globals\/colors?id=70d700c",
                    "background_overlay_color": "globals\/colors?id=secondary"
                },
                "shape_divider_bottom_height": {
                    "unit": "px",
                    "size": 20,
                    "sizes": []
                },
                "background_overlay_opacity": {
                    "unit": "px",
                    "size": 0.3,
                    "sizes": []
                },
                "background_repeat": "no-repeat",
                "background_size": "cover"
            },
            "elements": [
                {
                    "id": "235d5816",
                    "settings": {
                        "_column_size": 100,
                        "margin": {
                            "unit": "%",
                            "top": "",
                            "right": "",
                            "bottom": "",
                            "left": "",
                            "isLinked": true
                        },
                        "padding": {
                            "unit": "%",
                            "top": "0",
                            "right": "0",
                            "bottom": "0",
                            "left": "0",
                            "isLinked": false
                        },
                        "padding_tablet": {
                            "unit": "px",
                            "top": "40",
                            "right": "40",
                            "bottom": "40",
                            "left": "40",
                            "isLinked": true
                        },
                        "padding_mobile": {
                            "unit": "px",
                            "top": "0",
                            "right": "0",
                            "bottom": "0",
                            "left": "0",
                            "isLinked": true
                        }
                    },
                    "elements": [
                        {
                            "id": "42f963c1",
                            "settings": {
                                "title": "Gallery",
                                "title_color": "#ffffff",
                                "typography_font_size": {
                                    "unit": "px",
                                    "size": 40
                                },
                                "typography_font_weight": "700",
                                "typography_line_height": {
                                    "unit": "em",
                                    "size": 1.2
                                },
                                "_padding": {
                                    "unit": "px",
                                    "top": "0",
                                    "right": "0",
                                    "bottom": "0",
                                    "left": "0",
                                    "isLinked": false
                                },
                                "typography_font_size_mobile": {
                                    "unit": "px",
                                    "size": 39
                                },
                                "typography_font_family": "Marcellus",
                                "align": "left",
                                "typography_letter_spacing": {
                                    "unit": "px",
                                    "size": 1,
                                    "sizes": []
                                },
                                "_animation": "fadeIn",
                                "animation_duration": "slow",
                                "align_mobile": "center"
                            },
                            "elements": [],
                            "isInner": false,
                            "widgetType": "heading",
                            "elType": "widget"
                        }
                    ],
                    "isInner": false,
                    "elType": "column"
                }
            ],
            "isInner": false,
            "elType": "section"
        },
        {
            "id": "3c10952d",
            "settings": {
                "custom_height": {
                    "unit": "px",
                    "size": 0,
                    "sizes": []
                },
                "background_background": "classic",
                "background_position": "top right",
                "background_repeat": "no-repeat",
                "background_size": "initial",
                "background_bg_width": {
                    "unit": "%",
                    "size": 59,
                    "sizes": []
                },
                "background_overlay_background": "classic",
                "background_overlay_image": {
                    "url": "https:\/\/swansa.mjbletters.com\/wp-content\/uploads\/2020\/07\/nane22.png",
                    "id": 3435
                },
                "background_overlay_position": "top right",
                "background_overlay_repeat": "no-repeat",
                "background_overlay_size": "initial",
                "background_overlay_bg_width": {
                    "unit": "%",
                    "size": 60,
                    "sizes": []
                },
                "background_overlay_opacity": {
                    "unit": "px",
                    "size": 0.1,
                    "sizes": []
                },
                "border_width": {
                    "unit": "px",
                    "top": "2",
                    "right": "0",
                    "bottom": "0",
                    "left": "0",
                    "isLinked": false
                },
                "border_color": "#CCCCCC",
                "padding": {
                    "unit": "px",
                    "top": "100",
                    "right": "0",
                    "bottom": "100",
                    "left": "0",
                    "isLinked": false
                },
                "__globals__": {
                    "background_color": "globals\/colors?id=5ea69b3",
                    "border_color": "",
                    "background_overlay_color": "globals\/colors?id=5ea69b3"
                },
                "background_overlay_color": "#FBF7F3"
            },
            "elements": [
                {
                    "id": "213042",
                    "settings": {
                        "_column_size": 100,
                        "_inline_size": null
                    },
                    "elements": [
                        {
                            "id": "f93760b",
                            "settings": {
                                "gallery_type": "multiple",
                                "galleries": [
                                    {
                                        "gallery_title": "Engagements",
                                        "_id": "6719801",
                                        "multiple_gallery": [
                                            {
                                                "id": 2577,
                                                "url": "https:\/\/swansa.mjbletters.com\/wp-content\/uploads\/2020\/09\/elderly-senior-couple-romance-love-concept.jpg"
                                            },
                                            {
                                                "id": 2270,
                                                "url": "https:\/\/swansa.mjbletters.com\/wp-content\/uploads\/2020\/09\/couple-shaking-hands-with-counselor-thankful-for-help-in-office.jpg"
                                            },
                                            {
                                                "id": 2209,
                                                "url": "https:\/\/swansa.mjbletters.com\/wp-content\/uploads\/2020\/09\/loving-young-couple-photo-shooting-and-relaxing-in-a-park-.jpg"
                                            }
                                        ]
                                    },
                                    {
                                        "gallery_title": "Weddings",
                                        "multiple_gallery": [
                                            {
                                                "id": 2887,
                                                "url": "https:\/\/swansa.mjbletters.com\/wp-content\/uploads\/2020\/09\/bride-holding-wedding-bouquet-of-flowers.jpg"
                                            },
                                            {
                                                "id": 2886,
                                                "url": "https:\/\/swansa.mjbletters.com\/wp-content\/uploads\/2020\/09\/bride-and-groom-cutting-stylish-wedding-cake-at-wedding-reception.jpg"
                                            },
                                            {
                                                "id": 2485,
                                                "url": "https:\/\/swansa.mjbletters.com\/wp-content\/uploads\/2020\/09\/bride-in-beautiful-dress-sitting-resting-on-sofa-indoors.jpg"
                                            },
                                            {
                                                "id": 2210,
                                                "url": "https:\/\/swansa.mjbletters.com\/wp-content\/uploads\/2020\/09\/wedding-couple.jpg"
                                            },
                                            {
                                                "id": 1707,
                                                "url": "https:\/\/swansa.mjbletters.com\/wp-content\/uploads\/2020\/08\/a-bride-and-groom-a-young-woman-laughing-and-draping-her-veil-over-her-husband-s-head-.jpg"
                                            },
                                            {
                                                "id": 871,
                                                "url": "https:\/\/swansa.mjbletters.com\/wp-content\/uploads\/2020\/08\/marrieds-august-2017.jpg"
                                            },
                                            {
                                                "id": 205,
                                                "url": "https:\/\/swansa.mjbletters.com\/wp-content\/uploads\/2020\/07\/wedding-couple-indoors-is-hugging-each-other.jpg"
                                            }
                                        ],
                                        "_id": "f0b109b"
                                    },
                                    {
                                        "gallery_title": "Decorations",
                                        "multiple_gallery": [
                                            {
                                                "id": 2889,
                                                "url": "https:\/\/swansa.mjbletters.com\/wp-content\/uploads\/2020\/09\/wedding-arch-reception-with-sea-view-in-montenegro.jpg"
                                            },
                                            {
                                                "id": 2698,
                                                "url": "https:\/\/swansa.mjbletters.com\/wp-content\/uploads\/2020\/09\/wedding-arch.jpg"
                                            },
                                            {
                                                "id": 2151,
                                                "url": "https:\/\/swansa.mjbletters.com\/wp-content\/uploads\/2020\/08\/spring.jpg"
                                            }
                                        ],
                                        "_id": "e918f2c"
                                    },
                                    {
                                        "gallery_title": "Make Up",
                                        "multiple_gallery": [
                                            {
                                                "id": 2885,
                                                "url": "https:\/\/swansa.mjbletters.com\/wp-content\/uploads\/2020\/09\/wedding-makeup-artist-making-a-make-up-for-bride.jpg"
                                            },
                                            {
                                                "id": 271,
                                                "url": "https:\/\/swansa.mjbletters.com\/wp-content\/uploads\/2020\/07\/beautiful-girl-with-braids-hairstyle.jpg"
                                            }
                                        ],
                                        "_id": "f35bc00"
                                    }
                                ],
                                "order_by": "random",
                                "gallery_layout": "masonry",
                                "columns": 3,
                                "gap": {
                                    "unit": "px",
                                    "size": 15,
                                    "sizes": []
                                },
                                "show_all_galleries_label": "All"
                            },
                            "elements": [],
                            "isInner": false,
                            "widgetType": "gallery",
                            "elType": "widget"
                        }
                    ],
                    "isInner": false,
                    "elType": "column"
                }
            ],
            "isInner": false,
            "elType": "section"
        },
        {
            "id": "70e504ae",
            "settings": {
                "padding": {
                    "unit": "px",
                    "top": "100",
                    "right": "0",
                    "bottom": "100",
                    "left": "0",
                    "isLinked": false
                },
                "background_background": "classic",
                "__globals__": {
                    "background_color": ""
                }
            },
            "elements": [
                {
                    "id": "784be753",
                    "settings": {
                        "_column_size": 100,
                        "_inline_size": null
                    },
                    "elements": [
                        {
                            "id": "7ebebc55",
                            "settings": [],
                            "elements": [
                                {
                                    "id": "7ed5c727",
                                    "settings": {
                                        "_column_size": 100,
                                        "_inline_size": null
                                    },
                                    "elements": [
                                        {
                                            "id": "68b2786c",
                                            "settings": {
                                                "image": {
                                                    "url": "https:\/\/swansa.mjbletters.com\/wp-content\/uploads\/2020\/07\/1-01-1.png",
                                                    "id": 3123
                                                },
                                                "align": "center",
                                                "width": {
                                                    "unit": "px",
                                                    "size": 130,
                                                    "sizes": []
                                                }
                                            },
                                            "elements": [],
                                            "isInner": false,
                                            "widgetType": "image",
                                            "elType": "widget"
                                        },
                                        {
                                            "id": "16906c77",
                                            "settings": {
                                                "title": "Pricing Plans",
                                                "align": "center",
                                                "typography_font_family": "Marcellus",
                                                "typography_font_size": {
                                                    "unit": "px",
                                                    "size": 40,
                                                    "sizes": []
                                                },
                                                "typography_font_weight": "400",
                                                "__globals__": {
                                                    "title_color": "globals\/colors?id=67350cde"
                                                }
                                            },
                                            "elements": [],
                                            "isInner": false,
                                            "widgetType": "heading",
                                            "elType": "widget"
                                        },
                                        {
                                            "id": "5e4d6f17",
                                            "settings": {
                                                "editor": "<p>Excepteur sintoccaecat cupidatat non proident sunt in culpa qui officia<br \/>deserunt mollit anim id est laborum.<\/p>",
                                                "align": "center",
                                                "typography_typography": "custom",
                                                "typography_font_family": "Open Sans",
                                                "typography_font_weight": "400",
                                                "__globals__": {
                                                    "text_color": "globals\/colors?id=text"
                                                }
                                            },
                                            "elements": [],
                                            "isInner": false,
                                            "widgetType": "text-editor",
                                            "elType": "widget"
                                        }
                                    ],
                                    "isInner": true,
                                    "elType": "column"
                                }
                            ],
                            "isInner": true,
                            "elType": "section"
                        },
                        {
                            "id": "34ccb2ae",
                            "settings": {
                                "structure": "30"
                            },
                            "elements": [
                                {
                                    "id": "3c7d2e81",
                                    "settings": {
                                        "_column_size": 33,
                                        "_inline_size": null,
                                        "background_background": "classic",
                                        "margin": {
                                            "unit": "px",
                                            "top": "15",
                                            "right": "15",
                                            "bottom": "15",
                                            "left": "15",
                                            "isLinked": true
                                        },
                                        "padding": {
                                            "unit": "px",
                                            "top": "50",
                                            "right": "30",
                                            "bottom": "50",
                                            "left": "30",
                                            "isLinked": false
                                        },
                                        "__globals__": {
                                            "background_color": "globals\/colors?id=330cf184",
                                            "border_color": "globals\/colors?id=16706d6"
                                        },
                                        "border_border": "solid",
                                        "border_width": {
                                            "unit": "px",
                                            "top": "1",
                                            "right": "1",
                                            "bottom": "1",
                                            "left": "1",
                                            "isLinked": true
                                        }
                                    },
                                    "elements": [
                                        {
                                            "id": "63d91fea",
                                            "settings": {
                                                "title": "Standard",
                                                "align": "center",
                                                "title_color": "#000000",
                                                "typography_typography": "custom",
                                                "typography_font_family": "Marcellus",
                                                "typography_font_size": {
                                                    "unit": "px",
                                                    "size": 20
                                                },
                                                "typography_font_weight": "500"
                                            },
                                            "elements": [],
                                            "isInner": false,
                                            "widgetType": "heading",
                                            "elType": "widget"
                                        },
                                        {
                                            "id": "7a20ecb1",
                                            "settings": {
                                                "title": "$39 \/mo",
                                                "align": "center"
                                            },
                                            "elements": [],
                                            "isInner": false,
                                            "widgetType": "heading",
                                            "elType": "widget"
                                        },
                                        {
                                            "id": "74cfa8b7",
                                            "settings": {
                                                "icon_list": [
                                                    {
                                                        "text": "Relaxing masage",
                                                        "_id": "c378a0d",
                                                        "selected_icon": {
                                                            "value": "fas fa-times",
                                                            "library": "fa-solid"
                                                        }
                                                    },
                                                    {
                                                        "text": "Manicure & Pedicure",
                                                        "_id": "f911336"
                                                    },
                                                    {
                                                        "text": "Body Polish",
                                                        "_id": "c0e87e4",
                                                        "selected_icon": {
                                                            "value": "fas fa-times",
                                                            "library": "fa-solid"
                                                        }
                                                    },
                                                    {
                                                        "text": "Face Treatment",
                                                        "_id": "9399bad"
                                                    }
                                                ],
                                                "space_between": {
                                                    "unit": "px",
                                                    "size": 35,
                                                    "sizes": []
                                                },
                                                "icon_self_align": "center",
                                                "icon_align": "center",
                                                "divider": "yes",
                                                "_margin": {
                                                    "unit": "px",
                                                    "top": "30",
                                                    "right": "0",
                                                    "bottom": "30",
                                                    "left": "0",
                                                    "isLinked": false
                                                }
                                            },
                                            "elements": [],
                                            "isInner": false,
                                            "widgetType": "icon-list",
                                            "elType": "widget"
                                        },
                                        {
                                            "id": "48815d6d",
                                            "settings": {
                                                "text": "Get Now",
                                                "size": "md",
                                                "align": "center"
                                            },
                                            "elements": [],
                                            "isInner": false,
                                            "widgetType": "button",
                                            "elType": "widget"
                                        }
                                    ],
                                    "isInner": true,
                                    "elType": "column"
                                },
                                {
                                    "id": "56c5fb21",
                                    "settings": {
                                        "_column_size": 33,
                                        "_inline_size": null,
                                        "background_background": "classic",
                                        "margin": {
                                            "unit": "px",
                                            "top": "15",
                                            "right": "15",
                                            "bottom": "15",
                                            "left": "15",
                                            "isLinked": true
                                        },
                                        "padding": {
                                            "unit": "px",
                                            "top": "50",
                                            "right": "30",
                                            "bottom": "50",
                                            "left": "30",
                                            "isLinked": false
                                        },
                                        "__globals__": {
                                            "background_color": "globals\/colors?id=5ea69b3",
                                            "border_color": "globals\/colors?id=16706d6"
                                        },
                                        "border_border": "solid",
                                        "border_width": {
                                            "unit": "px",
                                            "top": "1",
                                            "right": "1",
                                            "bottom": "1",
                                            "left": "1",
                                            "isLinked": true
                                        }
                                    },
                                    "elements": [
                                        {
                                            "id": "557840e4",
                                            "settings": {
                                                "title": "Premium",
                                                "align": "center",
                                                "title_color": "#000000",
                                                "typography_typography": "custom",
                                                "typography_font_family": "Marcellus",
                                                "typography_font_size": {
                                                    "unit": "px",
                                                    "size": 20
                                                },
                                                "typography_font_weight": "500"
                                            },
                                            "elements": [],
                                            "isInner": false,
                                            "widgetType": "heading",
                                            "elType": "widget"
                                        },
                                        {
                                            "id": "950bc9",
                                            "settings": {
                                                "title": "$49 \/mo",
                                                "align": "center"
                                            },
                                            "elements": [],
                                            "isInner": false,
                                            "widgetType": "heading",
                                            "elType": "widget"
                                        },
                                        {
                                            "id": "7d8bf8b7",
                                            "settings": {
                                                "icon_list": [
                                                    {
                                                        "text": "Relaxing masage",
                                                        "_id": "c378a0d"
                                                    },
                                                    {
                                                        "text": "Manicure & Pedicure",
                                                        "_id": "f911336"
                                                    },
                                                    {
                                                        "text": "Body Polish",
                                                        "_id": "c0e87e4",
                                                        "selected_icon": {
                                                            "value": "fas fa-times",
                                                            "library": "fa-solid"
                                                        }
                                                    },
                                                    {
                                                        "text": "Face Treatment",
                                                        "_id": "9399bad"
                                                    }
                                                ],
                                                "space_between": {
                                                    "unit": "px",
                                                    "size": 35,
                                                    "sizes": []
                                                },
                                                "icon_self_align": "center",
                                                "icon_align": "center",
                                                "divider": "yes",
                                                "_margin": {
                                                    "unit": "px",
                                                    "top": "30",
                                                    "right": "0",
                                                    "bottom": "30",
                                                    "left": "0",
                                                    "isLinked": false
                                                }
                                            },
                                            "elements": [],
                                            "isInner": false,
                                            "widgetType": "icon-list",
                                            "elType": "widget"
                                        },
                                        {
                                            "id": "17ab3fd0",
                                            "settings": {
                                                "text": "Get Now",
                                                "size": "md",
                                                "align": "center"
                                            },
                                            "elements": [],
                                            "isInner": false,
                                            "widgetType": "button",
                                            "elType": "widget"
                                        }
                                    ],
                                    "isInner": true,
                                    "elType": "column"
                                },
                                {
                                    "id": "378e17f0",
                                    "settings": {
                                        "_column_size": 33,
                                        "_inline_size": null,
                                        "background_background": "classic",
                                        "margin": {
                                            "unit": "px",
                                            "top": "15",
                                            "right": "15",
                                            "bottom": "15",
                                            "left": "15",
                                            "isLinked": true
                                        },
                                        "padding": {
                                            "unit": "px",
                                            "top": "50",
                                            "right": "30",
                                            "bottom": "50",
                                            "left": "30",
                                            "isLinked": false
                                        },
                                        "__globals__": {
                                            "background_color": "globals\/colors?id=330cf184",
                                            "border_color": "globals\/colors?id=16706d6"
                                        },
                                        "border_border": "solid",
                                        "border_width": {
                                            "unit": "px",
                                            "top": "1",
                                            "right": "1",
                                            "bottom": "1",
                                            "left": "1",
                                            "isLinked": true
                                        }
                                    },
                                    "elements": [
                                        {
                                            "id": "1ed6eca2",
                                            "settings": {
                                                "title": "Exclusive",
                                                "align": "center",
                                                "title_color": "#000000",
                                                "typography_typography": "custom",
                                                "typography_font_family": "Marcellus",
                                                "typography_font_size": {
                                                    "unit": "px",
                                                    "size": 20
                                                },
                                                "typography_font_weight": "500"
                                            },
                                            "elements": [],
                                            "isInner": false,
                                            "widgetType": "heading",
                                            "elType": "widget"
                                        },
                                        {
                                            "id": "7e3b3b08",
                                            "settings": {
                                                "title": "$59 \/mo",
                                                "align": "center"
                                            },
                                            "elements": [],
                                            "isInner": false,
                                            "widgetType": "heading",
                                            "elType": "widget"
                                        },
                                        {
                                            "id": "31333019",
                                            "settings": {
                                                "icon_list": [
                                                    {
                                                        "text": "Relaxing masage",
                                                        "_id": "c378a0d"
                                                    },
                                                    {
                                                        "text": "Manicure & Pedicure",
                                                        "_id": "f911336"
                                                    },
                                                    {
                                                        "text": "Body Polish",
                                                        "_id": "c0e87e4"
                                                    },
                                                    {
                                                        "text": "Face Treatment",
                                                        "_id": "9399bad"
                                                    }
                                                ],
                                                "space_between": {
                                                    "unit": "px",
                                                    "size": 35,
                                                    "sizes": []
                                                },
                                                "icon_self_align": "center",
                                                "icon_align": "center",
                                                "divider": "yes",
                                                "_margin": {
                                                    "unit": "px",
                                                    "top": "30",
                                                    "right": "0",
                                                    "bottom": "30",
                                                    "left": "0",
                                                    "isLinked": false
                                                }
                                            },
                                            "elements": [],
                                            "isInner": false,
                                            "widgetType": "icon-list",
                                            "elType": "widget"
                                        },
                                        {
                                            "id": "4478ebc6",
                                            "settings": {
                                                "text": "Get Now",
                                                "size": "md",
                                                "align": "center"
                                            },
                                            "elements": [],
                                            "isInner": false,
                                            "widgetType": "button",
                                            "elType": "widget"
                                        }
                                    ],
                                    "isInner": true,
                                    "elType": "column"
                                }
                            ],
                            "isInner": true,
                            "elType": "section"
                        }
                    ],
                    "isInner": false,
                    "elType": "column"
                }
            ],
            "isInner": false,
            "elType": "section"
        },
        {
            "id": "6db710f1",
            "settings": {
                "background_background": "classic",
                "background_position": "center center",
                "background_size": "cover",
                "background_repeat": "no-repeat",
                "background_overlay_background": "classic",
                "background_overlay_opacity": {
                    "unit": "px",
                    "size": 0.3,
                    "sizes": []
                },
                "__globals__": {
                    "background_overlay_color": "globals\/colors?id=secondary"
                },
                "padding": {
                    "unit": "px",
                    "top": "100",
                    "right": "0",
                    "bottom": "100",
                    "left": "0",
                    "isLinked": false
                },
                "background_image": {
                    "url": "https:\/\/swansa.mjbletters.com\/wp-content\/uploads\/2020\/07\/wedding-ceremony-area-2.jpg",
                    "id": 315
                }
            },
            "elements": [
                {
                    "id": "2f2f48b4",
                    "settings": {
                        "_column_size": 100,
                        "_inline_size": null
                    },
                    "elements": [
                        {
                            "id": "bd1f09e",
                            "settings": {
                                "title": "Book now &amp; Get a Special Offer",
                                "align": "center",
                                "typography_typography": "custom",
                                "typography_font_family": "Marcellus",
                                "typography_font_size": {
                                    "unit": "px",
                                    "size": 45,
                                    "sizes": []
                                },
                                "typography_font_weight": "400",
                                "__globals__": {
                                    "title_color": "globals\/colors?id=67350cde"
                                }
                            },
                            "elements": [],
                            "isInner": false,
                            "widgetType": "heading",
                            "elType": "widget"
                        },
                        {
                            "id": "35112b6",
                            "settings": {
                                "editor": "Lorem ipsum dolor sit amet, consectetur adipiscing elit. Mauris eros dolor pellentesque sed luctus dapibus lobortis orci.<br> Mauris eros dolor, pellentesque sed luctus dapibus, lobortis a orci.",
                                "align": "center",
                                "typography_font_family": "Work Sans",
                                "typography_font_size": {
                                    "unit": "px",
                                    "size": 15,
                                    "sizes": []
                                },
                                "typography_font_weight": "400",
                                "__globals__": {
                                    "text_color": "globals\/colors?id=330cf184"
                                }
                            },
                            "elements": [],
                            "isInner": false,
                            "widgetType": "text-editor",
                            "elType": "widget"
                        },
                        {
                            "id": "33de686f",
                            "settings": {
                                "text": "Book Now",
                                "align": "center",
                                "size": "md",
                                "__globals__": {
                                    "background_color": "globals\/colors?id=8988280",
                                    "button_background_hover_color": "globals\/colors?id=89bf120",
                                    "hover_color": "globals\/colors?id=4851c0f3"
                                }
                            },
                            "elements": [],
                            "isInner": false,
                            "widgetType": "button",
                            "elType": "widget"
                        }
                    ],
                    "isInner": false,
                    "elType": "column"
                }
            ],
            "isInner": false,
            "elType": "section"
        },
        {
            "id": "2c2456e6",
            "settings": {
                "background_background": "classic",
                "__globals__": {
                    "background_color": ""
                },
                "content_width": {
                    "unit": "px",
                    "size": 800,
                    "sizes": []
                },
                "padding": {
                    "unit": "px",
                    "top": "100",
                    "right": "0",
                    "bottom": "100",
                    "left": "0",
                    "isLinked": false
                },
                "gap": "no",
                "custom_height": {
                    "unit": "px",
                    "size": 570,
                    "sizes": []
                },
                "background_position": "center center",
                "background_repeat": "no-repeat",
                "background_size": "cover",
                "background_overlay_background": "classic",
                "background_overlay_image": {
                    "url": "https:\/\/swansa.mjbletters.com\/wp-content\/uploads\/2020\/09\/none16.png",
                    "id": 3422
                },
                "background_overlay_position": "top center",
                "background_overlay_repeat": "no-repeat",
                "background_overlay_size": "initial",
                "background_overlay_bg_width": {
                    "unit": "%",
                    "size": 60,
                    "sizes": []
                },
                "background_overlay_opacity": {
                    "unit": "px",
                    "size": 0.2,
                    "sizes": []
                },
                "margin": {
                    "unit": "px",
                    "top": "0",
                    "right": 0,
                    "bottom": "0",
                    "left": 0,
                    "isLinked": false
                }
            },
            "elements": [
                {
                    "id": "29c7a61e",
                    "settings": {
                        "_column_size": 100,
                        "_inline_size": null
                    },
                    "elements": [
                        {
                            "id": "4371de7a",
                            "settings": {
                                "selected_icon": {
                                    "value": "fas fa-quote-left",
                                    "library": "fa-solid"
                                },
                                "view": "stacked"
                            },
                            "elements": [],
                            "isInner": false,
                            "widgetType": "icon",
                            "elType": "widget"
                        },
                        {
                            "id": "2f5078f7",
                            "settings": {
                                "slides": [
                                    {
                                        "content": "Utenim ad minim veniam quis nostrud exercitation ullamco laboris nisi ut aliquip ex ea commodo consequat. Duis aute irure dolor in reprehenderit in voluptate velit esse cillum dolore eu fugiat nulla pariatur.",
                                        "name": "John Doe",
                                        "title": "CEO",
                                        "_id": "5ef4bbf"
                                    },
                                    {
                                        "content": "Excepteur sint occaecat cupidatat non proident sunt in culpa qui officia deserunt mollit anim id est laborum",
                                        "name": "John Doe",
                                        "title": "CEO",
                                        "_id": "2a9773f"
                                    },
                                    {
                                        "content": "Consectetur adipisicing elit sed do eiusmod tempor incididunt ut labore et dolore magna aliqua. Utenim ad minim veniam quis nostrud exercitation ullamco",
                                        "name": "John Doe",
                                        "title": "CEO",
                                        "_id": "1202b1d"
                                    }
                                ],
                                "layout": "image_above",
                                "content_typography_typography": "custom",
                                "content_typography_font_family": "Marcellus",
                                "content_typography_font_size": {
                                    "unit": "px",
                                    "size": 24,
                                    "sizes": []
                                },
                                "content_typography_font_weight": "400",
                                "content_typography_font_style": "normal",
                                "name_color": "#54595F",
                                "name_typography_typography": "custom",
                                "name_typography_font_family": "Marcellus",
                                "name_typography_font_weight": "400",
                                "name_typography_font_style": "normal",
                                "title_typography_typography": "custom",
                                "title_typography_font_family": "Open Sans",
                                "title_typography_font_weight": "400",
                                "title_typography_font_style": "normal",
                                "__globals__": {
                                    "content_typography_typography": "",
                                    "name_color": "globals\/colors?id=secondary",
                                    "title_typography_typography": "globals\/typography?id=secondary",
                                    "name_typography_typography": "",
                                    "content_color": "globals\/colors?id=secondary",
                                    "pagination_color": "globals\/colors?id=primary"
                                }
                            },
                            "elements": [],
                            "isInner": false,
                            "widgetType": "testimonial-carousel",
                            "elType": "widget"
                        }
                    ],
                    "isInner": false,
                    "elType": "column"
                }
            ],
            "isInner": false,
            "elType": "section"
        },
        {
            "id": "2afa1e0d",
            "settings": {
                "background_background": "classic",
                "padding": {
                    "unit": "px",
                    "top": "50",
                    "right": "0",
                    "bottom": "50",
                    "left": "0",
                    "isLinked": false
                },
                "__globals__": {
                    "background_color": ""
                }
            },
            "elements": [
                {
                    "id": "8151536",
                    "settings": {
                        "_column_size": 100,
                        "_inline_size": null
                    },
                    "elements": [
                        {
                            "id": "45e0e56e",
                            "settings": {
                                "carousel": [
                                    {
                                        "id": 3491,
                                        "url": "https:\/\/swansa.mjbletters.com\/wp-content\/uploads\/2020\/10\/dummy-logo-1b.png"
                                    },
                                    {
                                        "id": 3492,
                                        "url": "https:\/\/swansa.mjbletters.com\/wp-content\/uploads\/2020\/10\/dummy-logo-2b.png"
                                    },
                                    {
                                        "id": 3493,
                                        "url": "https:\/\/swansa.mjbletters.com\/wp-content\/uploads\/2020\/10\/dummy-logo-3b.png"
                                    },
                                    {
                                        "id": 3494,
                                        "url": "https:\/\/swansa.mjbletters.com\/wp-content\/uploads\/2020\/10\/dummy-logo-4b.png"
                                    },
                                    {
                                        "id": 3495,
                                        "url": "https:\/\/swansa.mjbletters.com\/wp-content\/uploads\/2020\/10\/dummy-logo-5b.png"
                                    },
                                    {
                                        "id": 3496,
                                        "url": "https:\/\/swansa.mjbletters.com\/wp-content\/uploads\/2020\/10\/dummy-logo-6b.png"
                                    }
                                ],
                                "thumbnail_size": "tk_preview",
                                "slides_to_show": "5",
                                "navigation": "none"
                            },
                            "elements": [],
                            "isInner": false,
                            "widgetType": "image-carousel",
                            "elType": "widget"
                        }
                    ],
                    "isInner": false,
                    "elType": "column"
                }
            ],
            "isInner": false,
            "elType": "section"
        }
    ],
    "page_settings": {
        "hide_title": "yes",
        "background_background": "classic",
        "background_color": "#FFFFFF",
        "eael_ext_toc_title": "Table of Contents",
        "template": "elementor_header_footer"
    }
}