{
    "version": "0.4",
    "title": "Global Kit Styles",
    "type": "section",
    "metadata": {
        "template_type": "global-styles",
        "include_in_zip": "1",
        "elementor_pro_required": null,
        "additional_template_information": [
            "These are the global theme styles configured through the Elementor Theme Styles area."
        ],
        "wp_page_template": "default"
    },
    "content": [],
    "page_settings": {
        "viewport_md": "",
        "viewport_lg": "",
        "system_colors": [
            {
                "_id": "primary",
                "title": "Primary",
                "color": "#CEB08D"
            },
            {
                "_id": "secondary",
                "title": "Secondary",
                "color": "#000000"
            },
            {
                "_id": "text",
                "title": "Text",
                "color": "#555555"
            },
            {
                "_id": "accent",
                "title": "Accent",
                "color": "#CEB08D"
            }
        ],
        "custom_colors": [
            {
                "_id": "330cf184",
                "title": "Putih",
                "color": "#FFFFFF"
            },
            {
                "_id": "5ea69b3",
                "title": "Primary Light",
                "color": "#FBF7F3"
            },
            {
                "_id": "16706d6",
                "title": "border color",
                "color": "#E0E0E0"
            }
        ],
        "system_typography": [
            {
                "_id": "primary",
                "title": "Primary Headline",
                "typography_typography": "custom",
                "typography_font_family": "Marcellus",
                "typography_font_weight": "400"
            },
            {
                "_id": "secondary",
                "title": "Secondary Headline",
                "typography_typography": "custom",
                "typography_font_family": "Open Sans",
                "typography_font_weight": "400"
            },
            {
                "_id": "text",
                "title": "Body Text",
                "typography_typography": "custom",
                "typography_font_family": "Open Sans",
                "typography_font_weight": "400"
            },
            {
                "_id": "accent",
                "title": "Accent Text",
                "typography_typography": "custom",
                "typography_font_family": "Marcellus",
                "typography_font_weight": "400"
            }
        ],
        "custom_typography": [],
        "default_generic_fonts": "Sans-serif",
        "site_name": "Swansa Beauty",
        "site_description": "Salon &amp; Spa",
        "page_title_selector": "h1.entry-title",
        "activeItemIndex": 1,
        "body_typography_typography": "custom",
        "body_typography_font_family": "Open Sans",
        "body_typography_font_size": {
            "unit": "px",
            "size": 16,
            "sizes": []
        },
        "body_typography_font_weight": "400",
        "link_normal_color": "#555555",
        "link_hover_color": "#CEB08D",
        "h1_typography_typography": "custom",
        "h1_typography_font_family": "Marcellus",
        "h1_typography_font_size": {
            "unit": "px",
            "size": 50,
            "sizes": []
        },
        "h1_typography_font_weight": "400",
        "h2_typography_typography": "custom",
        "h2_typography_font_family": "Marcellus",
        "h2_typography_font_size": {
            "unit": "px",
            "size": 40,
            "sizes": []
        },
        "h2_typography_font_weight": "400",
        "h3_typography_typography": "custom",
        "h3_typography_font_family": "Marcellus",
        "h3_typography_font_size": {
            "unit": "px",
            "size": 35,
            "sizes": []
        },
        "h3_typography_font_weight": "400",
        "h4_typography_typography": "custom",
        "h4_typography_font_family": "Marcellus",
        "h4_typography_font_size": {
            "unit": "px",
            "size": 30,
            "sizes": []
        },
        "h4_typography_font_weight": "400",
        "h5_typography_typography": "custom",
        "h5_typography_font_family": "Marcellus",
        "h5_typography_font_size": {
            "unit": "px",
            "size": 24,
            "sizes": []
        },
        "h5_typography_font_weight": "400",
        "h6_typography_typography": "custom",
        "h6_typography_font_family": "Marcellus",
        "h6_typography_font_size": {
            "unit": "px",
            "size": 18,
            "sizes": []
        },
        "h6_typography_font_weight": "400",
        "__globals__": {
            "body_typography_typography": "",
            "link_normal_color": "globals\/colors?id=text",
            "link_hover_color": "globals\/colors?id=primary",
            "h1_typography_typography": "",
            "h2_typography_typography": "",
            "h3_typography_typography": "",
            "h4_typography_typography": "",
            "h5_typography_typography": "",
            "h6_typography_typography": "",
            "button_background_color": "globals\/colors?id=primary",
            "button_text_color": "globals\/colors?id=330cf184",
            "button_hover_background_color": "",
            "button_hover_text_color": "",
            "button_typography_typography": ""
        },
        "button_typography_typography": "custom",
        "button_typography_font_family": "Marcellus",
        "button_typography_font_weight": "400",
        "button_text_color": "#FFFFFF",
        "button_background_color": "#CEB08D",
        "button_border_radius": {
            "unit": "px",
            "top": "0",
            "right": "0",
            "bottom": "0",
            "left": "0",
            "isLinked": true
        },
        "button_hover_text_color": "#CEB08D",
        "button_hover_background_color": "#FFFFFF",
        "h1_typography_font_size_mobile": {
            "unit": "px",
            "size": 35,
            "sizes": []
        },
        "h2_typography_font_size_mobile": {
            "unit": "px",
            "size": 30,
            "sizes": []
        },
        "h3_typography_font_size_mobile": {
            "unit": "px",
            "size": 28,
            "sizes": []
        },
        "h4_typography_font_size_mobile": {
            "unit": "px",
            "size": 24,
            "sizes": []
        },
        "h5_typography_font_size_mobile": {
            "unit": "px",
            "size": 21,
            "sizes": []
        },
        "form_field_border_radius": {
            "unit": "px",
            "top": "0",
            "right": "0",
            "bottom": "0",
            "left": "0",
            "isLinked": true
        }
    }
}