{
    "version": "0.4",
    "title": "header",
    "type": "header",
    "metadata": {
        "template_type": "section-header",
        "include_in_zip": "1",
        "elementor_pro_required": "1",
        "elementor_library_type": "header",
        "elementor_pro_conditions": [
            "include\/general"
        ],
        "additional_template_information": [
            "This is a \"Header\" template for Elementor Pro.",
            "This template will display on: Entire Site."
        ],
        "wp_page_template": "default"
    },
    "content": [
        {
            "id": "364c2ccc",
            "settings": {
                "layout": "full_width",
                "background_background": "classic",
                "background_color": "#FFFFFF",
                "box_shadow_box_shadow": {
                    "horizontal": 0,
                    "vertical": 0,
                    "blur": 10,
                    "spread": 0,
                    "color": "rgba(0, 0, 0, 0.15)"
                },
                "border_border": "solid",
                "border_width": {
                    "unit": "px",
                    "top": "0",
                    "right": "0",
                    "bottom": "1",
                    "left": "0",
                    "isLinked": false
                },
                "border_color": "#D0D0D0",
                "margin": {
                    "unit": "px",
                    "top": "0",
                    "right": 0,
                    "bottom": "5",
                    "left": 0,
                    "isLinked": false
                },
                "padding": {
                    "unit": "px",
                    "top": "0",
                    "right": "0",
                    "bottom": "2",
                    "left": "0",
                    "isLinked": false
                }
            },
            "elements": [
                {
                    "id": "4280df4d",
                    "settings": {
                        "_column_size": 100,
                        "_inline_size": null,
                        "padding": {
                            "unit": "px",
                            "top": "0",
                            "right": "0",
                            "bottom": "0",
                            "left": "0",
                            "isLinked": true
                        }
                    },
                    "elements": [
                        {
                            "id": "56e8c301",
                            "settings": {
                                "border_border": "solid",
                                "border_width": {
                                    "unit": "px",
                                    "top": "0",
                                    "right": "0",
                                    "bottom": "1",
                                    "left": "0",
                                    "isLinked": false
                                },
                                "border_color": "#C2C2C2",
                                "margin": {
                                    "unit": "px",
                                    "top": "0",
                                    "right": 0,
                                    "bottom": "2",
                                    "left": 0,
                                    "isLinked": false
                                },
                                "padding": {
                                    "unit": "px",
                                    "top": "30",
                                    "right": "0",
                                    "bottom": "30",
                                    "left": "0",
                                    "isLinked": false
                                }
                            },
                            "elements": [
                                {
                                    "id": "29508bcf",
                                    "settings": {
                                        "_column_size": 100,
                                        "_inline_size": null
                                    },
                                    "elements": [
                                        {
                                            "id": "6474aa9b",
                                            "settings": {
                                                "image": {
                                                    "url": "https:\/\/swansa.mjbletters.com\/wp-content\/uploads\/2020\/09\/logo-swansa.png",
                                                    "id": 3548
                                                }
                                            },
                                            "elements": [],
                                            "isInner": false,
                                            "widgetType": "image",
                                            "elType": "widget"
                                        }
                                    ],
                                    "isInner": true,
                                    "elType": "column"
                                }
                            ],
                            "isInner": true,
                            "elType": "section"
                        },
                        {
                            "id": "4d7c714d",
                            "settings": {
                                "layout": "full_width",
                                "background_background": "classic",
                                "border_border": "double",
                                "border_width": {
                                    "unit": "px",
                                    "top": "1",
                                    "right": "0",
                                    "bottom": "1",
                                    "left": "0",
                                    "isLinked": false
                                },
                                "border_color": "#D0D0D0",
                                "__globals__": {
                                    "border_color": "",
                                    "background_color": ""
                                },
                                "box_shadow_box_shadow": {
                                    "horizontal": 0,
                                    "vertical": 5,
                                    "blur": 5,
                                    "spread": 0,
                                    "color": "rgba(0, 0, 0, 0.1)"
                                },
                                "background_color": "#FBF7F3"
                            },
                            "elements": [
                                {
                                    "id": "1a4960f5",
                                    "settings": {
                                        "_column_size": 100,
                                        "_inline_size": null
                                    },
                                    "elements": [
                                        {
                                            "id": "52ffb6fe",
                                            "settings": {
                                                "align_items": "center",
                                                "animation_line": "grow",
                                                "pointer_color_menu_item_hover": "#C2A17F",
                                                "menu_typography_typography": "custom",
                                                "menu_typography_font_size": {
                                                    "unit": "px",
                                                    "size": 15
                                                },
                                                "pointer_width": {
                                                    "unit": "px",
                                                    "size": 3
                                                },
                                                "dropdown_typography_typography": "custom",
                                                "dropdown_typography_font_size": {
                                                    "unit": "px",
                                                    "size": 15
                                                },
                                                "toggle_color": "#020101",
                                                "toggle_size": {
                                                    "unit": "px",
                                                    "size": 30
                                                },
                                                "toggle_border_width": {
                                                    "unit": "px",
                                                    "size": 0
                                                },
                                                "toggle_border_radius": {
                                                    "unit": "px",
                                                    "size": 0
                                                },
                                                "dropdown": "mobile",
                                                "menu_typography_font_size_tablet": {
                                                    "unit": "px",
                                                    "size": 13
                                                },
                                                "menu_space_between": {
                                                    "unit": "px",
                                                    "size": 6
                                                },
                                                "menu_space_between_tablet": {
                                                    "unit": "px",
                                                    "size": 0
                                                },
                                                "menu_typography_font_weight": "400",
                                                "padding_vertical_menu_item": {
                                                    "unit": "px",
                                                    "size": 14
                                                },
                                                "full_width": "stretch",
                                                "text_align": "center",
                                                "toggle_align": "right",
                                                "padding_horizontal_menu_item_tablet": {
                                                    "unit": "px",
                                                    "size": 14
                                                },
                                                "padding_vertical_dropdown_item_mobile": {
                                                    "unit": "px",
                                                    "size": 12
                                                },
                                                "dropdown_top_distance_mobile": {
                                                    "unit": "px",
                                                    "size": 20
                                                },
                                                "toggle_background_color": "rgba(0,0,0,0)",
                                                "padding_horizontal_menu_item": {
                                                    "unit": "px",
                                                    "size": 21,
                                                    "sizes": []
                                                },
                                                "pointer": "text",
                                                "menu_typography_font_family": "Marcellus",
                                                "__globals__": {
                                                    "color_menu_item_hover": "globals\/colors?id=primary",
                                                    "color_menu_item": "globals\/colors?id=secondary",
                                                    "color_dropdown_item_hover": "",
                                                    "toggle_color_hover": "globals\/colors?id=61a1a7a",
                                                    "background_color_dropdown_item": "globals\/colors?id=330cf184",
                                                    "background_color_dropdown_item_hover": "",
                                                    "color_dropdown_item": "globals\/colors?id=secondary",
                                                    "background_color_dropdown_item_active": "",
                                                    "color_dropdown_item_active": "",
                                                    "dropdown_divider_color": "globals\/colors?id=secondary"
                                                },
                                                "menu_typography_letter_spacing": {
                                                    "unit": "px",
                                                    "size": 0.4,
                                                    "sizes": []
                                                },
                                                "animation_text": "none",
                                                "dropdown_typography_font_family": "Marcellus",
                                                "dropdown_typography_font_weight": "400",
                                                "indicator": "plus",
                                                "menu_typography_text_transform": "uppercase",
                                                "dropdown_typography_text_transform": "uppercase",
                                                "color_menu_item": "#000000",
                                                "color_menu_item_hover": "#CEB08D",
                                                "color_dropdown_item": "#000000",
                                                "background_color_dropdown_item": "#FFFFFF",
                                                "color_dropdown_item_hover": "#CEB08D",
                                                "background_color_dropdown_item_hover": "#FBF7F3",
                                                "color_dropdown_item_active": "#CEB08D",
                                                "background_color_dropdown_item_active": "#FFFFFF",
                                                "dropdown_divider_color": "#000000",
                                                "dropdown_divider_width": {
                                                    "unit": "px",
                                                    "size": 2,
                                                    "sizes": []
                                                }
                                            },
                                            "elements": [],
                                            "isInner": false,
                                            "widgetType": "nav-menu",
                                            "elType": "widget"
                                        }
                                    ],
                                    "isInner": true,
                                    "elType": "column"
                                }
                            ],
                            "isInner": true,
                            "elType": "section"
                        }
                    ],
                    "isInner": false,
                    "elType": "column"
                }
            ],
            "isInner": false,
            "elType": "section"
        }
    ]
}