{
    "version": "0.4",
    "title": "Pricing",
    "type": "page",
    "metadata": {
        "template_type": "single-page",
        "include_in_zip": "1",
        "elementor_pro_required": "1",
        "wp_page_template": "elementor_header_footer"
    },
    "content": [
        {
            "id": "31879dd1",
            "settings": {
                "height": "min-height",
                "custom_height": {
                    "unit": "px",
                    "size": 200,
                    "sizes": []
                },
                "background_background": "classic",
                "background_image": {
                    "url": "https:\/\/swansa.mjbletters.com\/wp-content\/uploads\/2020\/08\/floral-background-lot-of-artificial-flowers-in-colorful-composition.jpg",
                    "id": 1168
                },
                "background_position": "center center",
                "background_overlay_background": "classic",
                "padding": {
                    "unit": "px",
                    "top": "15",
                    "right": "0",
                    "bottom": "15",
                    "left": "0",
                    "isLinked": false
                },
                "background_overlay_color_stop": {
                    "unit": "%",
                    "size": 37,
                    "sizes": []
                },
                "background_overlay_gradient_angle": {
                    "unit": "deg",
                    "size": 110,
                    "sizes": []
                },
                "__globals__": {
                    "background_overlay_color_b": "globals\/colors?id=70d700c",
                    "background_overlay_color": "globals\/colors?id=secondary"
                },
                "shape_divider_bottom_height": {
                    "unit": "px",
                    "size": 20,
                    "sizes": []
                },
                "background_overlay_opacity": {
                    "unit": "px",
                    "size": 0.3,
                    "sizes": []
                },
                "background_repeat": "no-repeat",
                "background_size": "cover"
            },
            "elements": [
                {
                    "id": "4aa0e07f",
                    "settings": {
                        "_column_size": 100,
                        "margin": {
                            "unit": "%",
                            "top": "",
                            "right": "",
                            "bottom": "",
                            "left": "",
                            "isLinked": true
                        },
                        "padding": {
                            "unit": "%",
                            "top": "0",
                            "right": "0",
                            "bottom": "0",
                            "left": "0",
                            "isLinked": false
                        },
                        "padding_tablet": {
                            "unit": "px",
                            "top": "40",
                            "right": "40",
                            "bottom": "40",
                            "left": "40",
                            "isLinked": true
                        },
                        "padding_mobile": {
                            "unit": "px",
                            "top": "0",
                            "right": "0",
                            "bottom": "0",
                            "left": "0",
                            "isLinked": true
                        }
                    },
                    "elements": [
                        {
                            "id": "64c4d6bc",
                            "settings": {
                                "title": "Pricing Table",
                                "title_color": "#ffffff",
                                "typography_font_size": {
                                    "unit": "px",
                                    "size": 40
                                },
                                "typography_font_weight": "700",
                                "typography_line_height": {
                                    "unit": "em",
                                    "size": 1.2
                                },
                                "_padding": {
                                    "unit": "px",
                                    "top": "0",
                                    "right": "0",
                                    "bottom": "0",
                                    "left": "0",
                                    "isLinked": false
                                },
                                "typography_font_size_mobile": {
                                    "unit": "px",
                                    "size": 39
                                },
                                "typography_font_family": "Marcellus",
                                "align": "left",
                                "typography_letter_spacing": {
                                    "unit": "px",
                                    "size": 1,
                                    "sizes": []
                                },
                                "_animation": "fadeIn",
                                "animation_duration": "slow",
                                "align_mobile": "center"
                            },
                            "elements": [],
                            "isInner": false,
                            "widgetType": "heading",
                            "elType": "widget"
                        }
                    ],
                    "isInner": false,
                    "elType": "column"
                }
            ],
            "isInner": false,
            "elType": "section"
        },
        {
            "id": "3f6978c5",
            "settings": {
                "custom_height": {
                    "unit": "px",
                    "size": 0,
                    "sizes": []
                },
                "background_background": "classic",
                "background_position": "top right",
                "background_repeat": "no-repeat",
                "background_size": "initial",
                "background_bg_width": {
                    "unit": "%",
                    "size": 59,
                    "sizes": []
                },
                "background_overlay_background": "classic",
                "background_overlay_image": {
                    "url": "https:\/\/swansa.mjbletters.com\/wp-content\/uploads\/2020\/07\/nane22.png",
                    "id": 3435
                },
                "background_overlay_position": "top right",
                "background_overlay_repeat": "no-repeat",
                "background_overlay_size": "initial",
                "background_overlay_bg_width": {
                    "unit": "%",
                    "size": 60,
                    "sizes": []
                },
                "background_overlay_opacity": {
                    "unit": "px",
                    "size": 0.1,
                    "sizes": []
                },
                "border_width": {
                    "unit": "px",
                    "top": "2",
                    "right": "0",
                    "bottom": "0",
                    "left": "0",
                    "isLinked": false
                },
                "border_color": "#CCCCCC",
                "padding": {
                    "unit": "px",
                    "top": "100",
                    "right": "0",
                    "bottom": "100",
                    "left": "0",
                    "isLinked": false
                },
                "__globals__": {
                    "background_color": "globals\/colors?id=5ea69b3",
                    "border_color": "",
                    "background_overlay_color": "globals\/colors?id=5ea69b3"
                }
            },
            "elements": [
                {
                    "id": "3a754d1c",
                    "settings": {
                        "_column_size": 100,
                        "_inline_size": null
                    },
                    "elements": [
                        {
                            "id": "2b838cc8",
                            "settings": [],
                            "elements": [
                                {
                                    "id": "448f9580",
                                    "settings": {
                                        "_column_size": 100,
                                        "_inline_size": null
                                    },
                                    "elements": [
                                        {
                                            "id": "7610db78",
                                            "settings": {
                                                "title": "Choose Your Plan",
                                                "align": "center",
                                                "typography_font_family": "Marcellus",
                                                "typography_font_size": {
                                                    "unit": "px",
                                                    "size": 40,
                                                    "sizes": []
                                                },
                                                "typography_font_weight": "400",
                                                "__globals__": {
                                                    "title_color": "globals\/colors?id=67350cde"
                                                }
                                            },
                                            "elements": [],
                                            "isInner": false,
                                            "widgetType": "heading",
                                            "elType": "widget"
                                        },
                                        {
                                            "id": "6790094e",
                                            "settings": {
                                                "editor": "Excepteur sintoccaecat cupidatat non proident sunt in culpa qui officia<br>deserunt mollit anim id est laborum.",
                                                "align": "center",
                                                "typography_font_family": "Rubik",
                                                "typography_font_weight": "400",
                                                "typography_font_size": {
                                                    "unit": "px",
                                                    "size": 15,
                                                    "sizes": []
                                                },
                                                "__globals__": {
                                                    "text_color": "globals\/colors?id=text"
                                                }
                                            },
                                            "elements": [],
                                            "isInner": false,
                                            "widgetType": "text-editor",
                                            "elType": "widget"
                                        }
                                    ],
                                    "isInner": true,
                                    "elType": "column"
                                }
                            ],
                            "isInner": true,
                            "elType": "section"
                        },
                        {
                            "id": "73223d28",
                            "settings": {
                                "structure": "30",
                                "margin": {
                                    "unit": "px",
                                    "top": "50",
                                    "right": 0,
                                    "bottom": "0",
                                    "left": 0,
                                    "isLinked": false
                                }
                            },
                            "elements": [
                                {
                                    "id": "50cb8fd1",
                                    "settings": {
                                        "_column_size": 33,
                                        "_inline_size": null,
                                        "background_background": "classic",
                                        "margin": {
                                            "unit": "px",
                                            "top": "15",
                                            "right": "15",
                                            "bottom": "15",
                                            "left": "15",
                                            "isLinked": true
                                        },
                                        "padding": {
                                            "unit": "px",
                                            "top": "50",
                                            "right": "30",
                                            "bottom": "50",
                                            "left": "30",
                                            "isLinked": false
                                        },
                                        "__globals__": {
                                            "background_color": "globals\/colors?id=330cf184",
                                            "border_color": "globals\/colors?id=16706d6"
                                        },
                                        "border_border": "solid",
                                        "border_width": {
                                            "unit": "px",
                                            "top": "1",
                                            "right": "1",
                                            "bottom": "1",
                                            "left": "1",
                                            "isLinked": true
                                        }
                                    },
                                    "elements": [
                                        {
                                            "id": "792eff0f",
                                            "settings": {
                                                "title": "Standard",
                                                "align": "center",
                                                "title_color": "#000000",
                                                "typography_typography": "custom",
                                                "typography_font_family": "Marcellus",
                                                "typography_font_size": {
                                                    "unit": "px",
                                                    "size": 20
                                                },
                                                "typography_font_weight": "500"
                                            },
                                            "elements": [],
                                            "isInner": false,
                                            "widgetType": "heading",
                                            "elType": "widget"
                                        },
                                        {
                                            "id": "5b68d597",
                                            "settings": {
                                                "title": "$39 \/mo",
                                                "align": "center"
                                            },
                                            "elements": [],
                                            "isInner": false,
                                            "widgetType": "heading",
                                            "elType": "widget"
                                        },
                                        {
                                            "id": "708feb45",
                                            "settings": {
                                                "icon_list": [
                                                    {
                                                        "text": "Relaxing masage",
                                                        "_id": "c378a0d",
                                                        "selected_icon": {
                                                            "value": "fas fa-times",
                                                            "library": "fa-solid"
                                                        }
                                                    },
                                                    {
                                                        "text": "Manicure & Pedicure",
                                                        "_id": "f911336"
                                                    },
                                                    {
                                                        "text": "Body Polish",
                                                        "_id": "c0e87e4",
                                                        "selected_icon": {
                                                            "value": "fas fa-times",
                                                            "library": "fa-solid"
                                                        }
                                                    },
                                                    {
                                                        "text": "Face Treatment",
                                                        "_id": "9399bad"
                                                    }
                                                ],
                                                "space_between": {
                                                    "unit": "px",
                                                    "size": 35,
                                                    "sizes": []
                                                },
                                                "icon_self_align": "center",
                                                "icon_align": "center",
                                                "divider": "yes",
                                                "_margin": {
                                                    "unit": "px",
                                                    "top": "30",
                                                    "right": "0",
                                                    "bottom": "30",
                                                    "left": "0",
                                                    "isLinked": false
                                                }
                                            },
                                            "elements": [],
                                            "isInner": false,
                                            "widgetType": "icon-list",
                                            "elType": "widget"
                                        },
                                        {
                                            "id": "4dd2d9da",
                                            "settings": {
                                                "text": "Get Now",
                                                "size": "md",
                                                "align": "center"
                                            },
                                            "elements": [],
                                            "isInner": false,
                                            "widgetType": "button",
                                            "elType": "widget"
                                        }
                                    ],
                                    "isInner": true,
                                    "elType": "column"
                                },
                                {
                                    "id": "4685f8b9",
                                    "settings": {
                                        "_column_size": 33,
                                        "_inline_size": null,
                                        "background_background": "classic",
                                        "margin": {
                                            "unit": "px",
                                            "top": "15",
                                            "right": "15",
                                            "bottom": "15",
                                            "left": "15",
                                            "isLinked": true
                                        },
                                        "padding": {
                                            "unit": "px",
                                            "top": "50",
                                            "right": "30",
                                            "bottom": "50",
                                            "left": "30",
                                            "isLinked": false
                                        },
                                        "__globals__": {
                                            "background_color": "globals\/colors?id=5ea69b3",
                                            "border_color": "globals\/colors?id=16706d6"
                                        },
                                        "border_border": "solid",
                                        "border_width": {
                                            "unit": "px",
                                            "top": "1",
                                            "right": "1",
                                            "bottom": "1",
                                            "left": "1",
                                            "isLinked": true
                                        }
                                    },
                                    "elements": [
                                        {
                                            "id": "13d55a10",
                                            "settings": {
                                                "title": "Premium",
                                                "align": "center",
                                                "title_color": "#000000",
                                                "typography_typography": "custom",
                                                "typography_font_family": "Marcellus",
                                                "typography_font_size": {
                                                    "unit": "px",
                                                    "size": 20
                                                },
                                                "typography_font_weight": "500"
                                            },
                                            "elements": [],
                                            "isInner": false,
                                            "widgetType": "heading",
                                            "elType": "widget"
                                        },
                                        {
                                            "id": "4a4b33be",
                                            "settings": {
                                                "title": "$49 \/mo",
                                                "align": "center"
                                            },
                                            "elements": [],
                                            "isInner": false,
                                            "widgetType": "heading",
                                            "elType": "widget"
                                        },
                                        {
                                            "id": "1cf01e33",
                                            "settings": {
                                                "icon_list": [
                                                    {
                                                        "text": "Relaxing masage",
                                                        "_id": "c378a0d"
                                                    },
                                                    {
                                                        "text": "Manicure & Pedicure",
                                                        "_id": "f911336"
                                                    },
                                                    {
                                                        "text": "Body Polish",
                                                        "_id": "c0e87e4",
                                                        "selected_icon": {
                                                            "value": "fas fa-times",
                                                            "library": "fa-solid"
                                                        }
                                                    },
                                                    {
                                                        "text": "Face Treatment",
                                                        "_id": "9399bad"
                                                    }
                                                ],
                                                "space_between": {
                                                    "unit": "px",
                                                    "size": 35,
                                                    "sizes": []
                                                },
                                                "icon_self_align": "center",
                                                "icon_align": "center",
                                                "divider": "yes",
                                                "_margin": {
                                                    "unit": "px",
                                                    "top": "30",
                                                    "right": "0",
                                                    "bottom": "30",
                                                    "left": "0",
                                                    "isLinked": false
                                                }
                                            },
                                            "elements": [],
                                            "isInner": false,
                                            "widgetType": "icon-list",
                                            "elType": "widget"
                                        },
                                        {
                                            "id": "6aef20e",
                                            "settings": {
                                                "text": "Get Now",
                                                "size": "md",
                                                "align": "center"
                                            },
                                            "elements": [],
                                            "isInner": false,
                                            "widgetType": "button",
                                            "elType": "widget"
                                        }
                                    ],
                                    "isInner": true,
                                    "elType": "column"
                                },
                                {
                                    "id": "a91f3b9",
                                    "settings": {
                                        "_column_size": 33,
                                        "_inline_size": null,
                                        "background_background": "classic",
                                        "margin": {
                                            "unit": "px",
                                            "top": "15",
                                            "right": "15",
                                            "bottom": "15",
                                            "left": "15",
                                            "isLinked": true
                                        },
                                        "padding": {
                                            "unit": "px",
                                            "top": "50",
                                            "right": "30",
                                            "bottom": "50",
                                            "left": "30",
                                            "isLinked": false
                                        },
                                        "__globals__": {
                                            "background_color": "globals\/colors?id=330cf184",
                                            "border_color": "globals\/colors?id=16706d6"
                                        },
                                        "border_border": "solid",
                                        "border_width": {
                                            "unit": "px",
                                            "top": "1",
                                            "right": "1",
                                            "bottom": "1",
                                            "left": "1",
                                            "isLinked": true
                                        }
                                    },
                                    "elements": [
                                        {
                                            "id": "c4f0ea3",
                                            "settings": {
                                                "title": "Exclusive",
                                                "align": "center",
                                                "title_color": "#000000",
                                                "typography_typography": "custom",
                                                "typography_font_family": "Marcellus",
                                                "typography_font_size": {
                                                    "unit": "px",
                                                    "size": 20
                                                },
                                                "typography_font_weight": "500"
                                            },
                                            "elements": [],
                                            "isInner": false,
                                            "widgetType": "heading",
                                            "elType": "widget"
                                        },
                                        {
                                            "id": "161f54d2",
                                            "settings": {
                                                "title": "$59 \/mo",
                                                "align": "center"
                                            },
                                            "elements": [],
                                            "isInner": false,
                                            "widgetType": "heading",
                                            "elType": "widget"
                                        },
                                        {
                                            "id": "7cf322e5",
                                            "settings": {
                                                "icon_list": [
                                                    {
                                                        "text": "Relaxing masage",
                                                        "_id": "c378a0d"
                                                    },
                                                    {
                                                        "text": "Manicure & Pedicure",
                                                        "_id": "f911336"
                                                    },
                                                    {
                                                        "text": "Body Polish",
                                                        "_id": "c0e87e4"
                                                    },
                                                    {
                                                        "text": "Face Treatment",
                                                        "_id": "9399bad"
                                                    }
                                                ],
                                                "space_between": {
                                                    "unit": "px",
                                                    "size": 35,
                                                    "sizes": []
                                                },
                                                "icon_self_align": "center",
                                                "icon_align": "center",
                                                "divider": "yes",
                                                "_margin": {
                                                    "unit": "px",
                                                    "top": "30",
                                                    "right": "0",
                                                    "bottom": "30",
                                                    "left": "0",
                                                    "isLinked": false
                                                }
                                            },
                                            "elements": [],
                                            "isInner": false,
                                            "widgetType": "icon-list",
                                            "elType": "widget"
                                        },
                                        {
                                            "id": "3e16fe93",
                                            "settings": {
                                                "text": "Get Now",
                                                "size": "md",
                                                "align": "center"
                                            },
                                            "elements": [],
                                            "isInner": false,
                                            "widgetType": "button",
                                            "elType": "widget"
                                        }
                                    ],
                                    "isInner": true,
                                    "elType": "column"
                                }
                            ],
                            "isInner": true,
                            "elType": "section"
                        }
                    ],
                    "isInner": false,
                    "elType": "column"
                }
            ],
            "isInner": false,
            "elType": "section"
        },
        {
            "id": "203836fa",
            "settings": {
                "padding": {
                    "unit": "px",
                    "top": "100",
                    "right": "0",
                    "bottom": "50",
                    "left": "0",
                    "isLinked": false
                }
            },
            "elements": [
                {
                    "id": "283de291",
                    "settings": {
                        "_column_size": 100,
                        "_inline_size": null
                    },
                    "elements": [
                        {
                            "id": "62520ac7",
                            "settings": {
                                "title": "Choose Your Plan",
                                "align": "center",
                                "typography_font_family": "Marcellus",
                                "typography_font_size": {
                                    "unit": "px",
                                    "size": 40,
                                    "sizes": []
                                },
                                "typography_font_weight": "400",
                                "__globals__": {
                                    "title_color": "globals\/colors?id=67350cde"
                                }
                            },
                            "elements": [],
                            "isInner": false,
                            "widgetType": "heading",
                            "elType": "widget"
                        },
                        {
                            "id": "46e826c4",
                            "settings": {
                                "editor": "Excepteur sintoccaecat cupidatat non proident sunt in culpa qui officia<br>deserunt mollit anim id est laborum.",
                                "align": "center",
                                "typography_font_family": "Rubik",
                                "typography_font_weight": "400",
                                "typography_font_size": {
                                    "unit": "px",
                                    "size": 15,
                                    "sizes": []
                                },
                                "__globals__": {
                                    "text_color": "globals\/colors?id=text"
                                }
                            },
                            "elements": [],
                            "isInner": false,
                            "widgetType": "text-editor",
                            "elType": "widget"
                        }
                    ],
                    "isInner": false,
                    "elType": "column"
                }
            ],
            "isInner": false,
            "elType": "section"
        },
        {
            "id": "76be7f88",
            "settings": {
                "background_background": "classic",
                "background_position": "center center",
                "background_size": "cover",
                "background_repeat": "no-repeat",
                "background_overlay_background": "classic",
                "background_overlay_opacity": {
                    "unit": "px",
                    "size": 0.3,
                    "sizes": []
                },
                "__globals__": {
                    "background_overlay_color": "globals\/colors?id=secondary"
                },
                "padding": {
                    "unit": "px",
                    "top": "100",
                    "right": "0",
                    "bottom": "100",
                    "left": "0",
                    "isLinked": false
                },
                "background_image": {
                    "url": "https:\/\/swansa.mjbletters.com\/wp-content\/uploads\/2020\/07\/wedding-ceremony-area-2.jpg",
                    "id": 315
                }
            },
            "elements": [
                {
                    "id": "60ce9840",
                    "settings": {
                        "_column_size": 100,
                        "_inline_size": null
                    },
                    "elements": [
                        {
                            "id": "162db7c0",
                            "settings": {
                                "title": "Book now &amp; Get a Special Offer",
                                "align": "center",
                                "typography_typography": "custom",
                                "typography_font_family": "Marcellus",
                                "typography_font_size": {
                                    "unit": "px",
                                    "size": 45,
                                    "sizes": []
                                },
                                "typography_font_weight": "400",
                                "__globals__": {
                                    "title_color": "globals\/colors?id=67350cde"
                                }
                            },
                            "elements": [],
                            "isInner": false,
                            "widgetType": "heading",
                            "elType": "widget"
                        },
                        {
                            "id": "4536e1b6",
                            "settings": {
                                "editor": "Lorem ipsum dolor sit amet, consectetur adipiscing elit. Mauris eros dolor pellentesque sed luctus dapibus lobortis orci.<br> Mauris eros dolor, pellentesque sed luctus dapibus, lobortis a orci.",
                                "align": "center",
                                "typography_font_family": "Work Sans",
                                "typography_font_size": {
                                    "unit": "px",
                                    "size": 15,
                                    "sizes": []
                                },
                                "typography_font_weight": "400",
                                "__globals__": {
                                    "text_color": "globals\/colors?id=330cf184"
                                }
                            },
                            "elements": [],
                            "isInner": false,
                            "widgetType": "text-editor",
                            "elType": "widget"
                        },
                        {
                            "id": "4fd0db6",
                            "settings": {
                                "text": "Book Now",
                                "align": "center",
                                "size": "md",
                                "__globals__": {
                                    "background_color": "globals\/colors?id=8988280",
                                    "button_background_hover_color": "globals\/colors?id=89bf120",
                                    "hover_color": "globals\/colors?id=4851c0f3"
                                }
                            },
                            "elements": [],
                            "isInner": false,
                            "widgetType": "button",
                            "elType": "widget"
                        }
                    ],
                    "isInner": false,
                    "elType": "column"
                }
            ],
            "isInner": false,
            "elType": "section"
        },
        {
            "id": "269175f7",
            "settings": {
                "background_background": "classic",
                "__globals__": {
                    "background_color": ""
                },
                "content_width": {
                    "unit": "px",
                    "size": 800,
                    "sizes": []
                },
                "padding": {
                    "unit": "px",
                    "top": "100",
                    "right": "0",
                    "bottom": "100",
                    "left": "0",
                    "isLinked": false
                },
                "gap": "no",
                "custom_height": {
                    "unit": "px",
                    "size": 570,
                    "sizes": []
                },
                "background_position": "center center",
                "background_repeat": "no-repeat",
                "background_size": "cover",
                "background_overlay_background": "classic",
                "background_overlay_image": {
                    "url": "https:\/\/swansa.mjbletters.com\/wp-content\/uploads\/2020\/09\/none16.png",
                    "id": 3422
                },
                "background_overlay_position": "top center",
                "background_overlay_repeat": "no-repeat",
                "background_overlay_size": "initial",
                "background_overlay_bg_width": {
                    "unit": "%",
                    "size": 60,
                    "sizes": []
                },
                "background_overlay_opacity": {
                    "unit": "px",
                    "size": 0.2,
                    "sizes": []
                },
                "margin": {
                    "unit": "px",
                    "top": "0",
                    "right": 0,
                    "bottom": "0",
                    "left": 0,
                    "isLinked": false
                }
            },
            "elements": [
                {
                    "id": "3b4e1508",
                    "settings": {
                        "_column_size": 100,
                        "_inline_size": null
                    },
                    "elements": [
                        {
                            "id": "7b0de92e",
                            "settings": {
                                "selected_icon": {
                                    "value": "fas fa-quote-left",
                                    "library": "fa-solid"
                                },
                                "view": "stacked"
                            },
                            "elements": [],
                            "isInner": false,
                            "widgetType": "icon",
                            "elType": "widget"
                        },
                        {
                            "id": "485ea18e",
                            "settings": {
                                "slides": [
                                    {
                                        "content": "Utenim ad minim veniam quis nostrud exercitation ullamco laboris nisi ut aliquip ex ea commodo consequat. Duis aute irure dolor in reprehenderit in voluptate velit esse cillum dolore eu fugiat nulla pariatur.",
                                        "name": "John Doe",
                                        "title": "CEO",
                                        "_id": "5ef4bbf"
                                    },
                                    {
                                        "content": "Excepteur sint occaecat cupidatat non proident sunt in culpa qui officia deserunt mollit anim id est laborum",
                                        "name": "John Doe",
                                        "title": "CEO",
                                        "_id": "2a9773f"
                                    },
                                    {
                                        "content": "Consectetur adipisicing elit sed do eiusmod tempor incididunt ut labore et dolore magna aliqua. Utenim ad minim veniam quis nostrud exercitation ullamco",
                                        "name": "John Doe",
                                        "title": "CEO",
                                        "_id": "1202b1d"
                                    }
                                ],
                                "layout": "image_above",
                                "content_typography_typography": "custom",
                                "content_typography_font_family": "Marcellus",
                                "content_typography_font_size": {
                                    "unit": "px",
                                    "size": 24,
                                    "sizes": []
                                },
                                "content_typography_font_weight": "400",
                                "content_typography_font_style": "normal",
                                "name_color": "#54595F",
                                "name_typography_typography": "custom",
                                "name_typography_font_family": "Marcellus",
                                "name_typography_font_weight": "400",
                                "name_typography_font_style": "normal",
                                "title_typography_typography": "custom",
                                "title_typography_font_family": "Open Sans",
                                "title_typography_font_weight": "400",
                                "title_typography_font_style": "normal",
                                "__globals__": {
                                    "content_typography_typography": "",
                                    "name_color": "globals\/colors?id=secondary",
                                    "title_typography_typography": "globals\/typography?id=secondary",
                                    "name_typography_typography": "",
                                    "content_color": "globals\/colors?id=secondary",
                                    "pagination_color": "globals\/colors?id=primary"
                                }
                            },
                            "elements": [],
                            "isInner": false,
                            "widgetType": "testimonial-carousel",
                            "elType": "widget"
                        }
                    ],
                    "isInner": false,
                    "elType": "column"
                }
            ],
            "isInner": false,
            "elType": "section"
        },
        {
            "id": "1721613c",
            "settings": {
                "background_background": "classic",
                "padding": {
                    "unit": "px",
                    "top": "50",
                    "right": "0",
                    "bottom": "50",
                    "left": "0",
                    "isLinked": false
                },
                "__globals__": {
                    "background_color": ""
                }
            },
            "elements": [
                {
                    "id": "16b6ea9f",
                    "settings": {
                        "_column_size": 100,
                        "_inline_size": null
                    },
                    "elements": [
                        {
                            "id": "418da09d",
                            "settings": {
                                "carousel": [
                                    {
                                        "id": 3491,
                                        "url": "https:\/\/swansa.mjbletters.com\/wp-content\/uploads\/2020\/10\/dummy-logo-1b.png"
                                    },
                                    {
                                        "id": 3492,
                                        "url": "https:\/\/swansa.mjbletters.com\/wp-content\/uploads\/2020\/10\/dummy-logo-2b.png"
                                    },
                                    {
                                        "id": 3493,
                                        "url": "https:\/\/swansa.mjbletters.com\/wp-content\/uploads\/2020\/10\/dummy-logo-3b.png"
                                    },
                                    {
                                        "id": 3494,
                                        "url": "https:\/\/swansa.mjbletters.com\/wp-content\/uploads\/2020\/10\/dummy-logo-4b.png"
                                    },
                                    {
                                        "id": 3495,
                                        "url": "https:\/\/swansa.mjbletters.com\/wp-content\/uploads\/2020\/10\/dummy-logo-5b.png"
                                    },
                                    {
                                        "id": 3496,
                                        "url": "https:\/\/swansa.mjbletters.com\/wp-content\/uploads\/2020\/10\/dummy-logo-6b.png"
                                    }
                                ],
                                "thumbnail_size": "tk_preview",
                                "slides_to_show": "5",
                                "navigation": "none"
                            },
                            "elements": [],
                            "isInner": false,
                            "widgetType": "image-carousel",
                            "elType": "widget"
                        }
                    ],
                    "isInner": false,
                    "elType": "column"
                }
            ],
            "isInner": false,
            "elType": "section"
        }
    ],
    "page_settings": {
        "eael_ext_toc_title": "Table of Contents",
        "template": "elementor_header_footer"
    }
}