{
    "version": "0.4",
    "title": "Services",
    "type": "page",
    "metadata": {
        "template_type": "single-page",
        "include_in_zip": "1",
        "elementor_pro_required": "1",
        "wp_page_template": "elementor_header_footer"
    },
    "content": [
        {
            "id": "3bfadfb0",
            "settings": {
                "height": "min-height",
                "custom_height": {
                    "unit": "px",
                    "size": 200,
                    "sizes": []
                },
                "background_background": "classic",
                "background_image": {
                    "url": "https:\/\/swansa.mjbletters.com\/wp-content\/uploads\/2020\/07\/bride-holding-wedding-bouquet-in-fine-art-style.jpg",
                    "id": 122
                },
                "background_position": "center center",
                "background_overlay_background": "classic",
                "padding": {
                    "unit": "px",
                    "top": "15",
                    "right": "0",
                    "bottom": "15",
                    "left": "0",
                    "isLinked": false
                },
                "background_overlay_color_stop": {
                    "unit": "%",
                    "size": 37,
                    "sizes": []
                },
                "background_overlay_gradient_angle": {
                    "unit": "deg",
                    "size": 110,
                    "sizes": []
                },
                "__globals__": {
                    "background_overlay_color_b": "globals\/colors?id=70d700c",
                    "background_overlay_color": "globals\/colors?id=secondary"
                },
                "shape_divider_bottom_height": {
                    "unit": "px",
                    "size": 20,
                    "sizes": []
                },
                "background_overlay_opacity": {
                    "unit": "px",
                    "size": 0.3,
                    "sizes": []
                },
                "background_repeat": "no-repeat",
                "background_size": "cover"
            },
            "elements": [
                {
                    "id": "5cc702ec",
                    "settings": {
                        "_column_size": 100,
                        "margin": {
                            "unit": "%",
                            "top": "",
                            "right": "",
                            "bottom": "",
                            "left": "",
                            "isLinked": true
                        },
                        "padding": {
                            "unit": "%",
                            "top": "0",
                            "right": "0",
                            "bottom": "0",
                            "left": "0",
                            "isLinked": false
                        },
                        "padding_tablet": {
                            "unit": "px",
                            "top": "40",
                            "right": "40",
                            "bottom": "40",
                            "left": "40",
                            "isLinked": true
                        },
                        "padding_mobile": {
                            "unit": "px",
                            "top": "0",
                            "right": "0",
                            "bottom": "0",
                            "left": "0",
                            "isLinked": true
                        }
                    },
                    "elements": [
                        {
                            "id": "26f4a815",
                            "settings": {
                                "title": "Services",
                                "title_color": "#ffffff",
                                "typography_font_size": {
                                    "unit": "px",
                                    "size": 40
                                },
                                "typography_font_weight": "700",
                                "typography_line_height": {
                                    "unit": "em",
                                    "size": 1.2
                                },
                                "_padding": {
                                    "unit": "px",
                                    "top": "0",
                                    "right": "0",
                                    "bottom": "0",
                                    "left": "0",
                                    "isLinked": false
                                },
                                "typography_font_size_mobile": {
                                    "unit": "px",
                                    "size": 39
                                },
                                "typography_font_family": "Marcellus",
                                "align": "left",
                                "typography_letter_spacing": {
                                    "unit": "px",
                                    "size": 1,
                                    "sizes": []
                                },
                                "_animation": "fadeIn",
                                "animation_duration": "slow",
                                "align_mobile": "center"
                            },
                            "elements": [],
                            "isInner": false,
                            "widgetType": "heading",
                            "elType": "widget"
                        }
                    ],
                    "isInner": false,
                    "elType": "column"
                }
            ],
            "isInner": false,
            "elType": "section"
        },
        {
            "id": "5c82cab0",
            "settings": {
                "custom_height": {
                    "unit": "px",
                    "size": 0,
                    "sizes": []
                },
                "background_background": "classic",
                "background_position": "top right",
                "background_repeat": "no-repeat",
                "background_size": "initial",
                "background_bg_width": {
                    "unit": "%",
                    "size": 59,
                    "sizes": []
                },
                "background_overlay_background": "classic",
                "background_overlay_image": {
                    "url": "https:\/\/swansa.mjbletters.com\/wp-content\/uploads\/2020\/07\/nane22.png",
                    "id": 3435
                },
                "background_overlay_position": "top right",
                "background_overlay_repeat": "no-repeat",
                "background_overlay_size": "initial",
                "background_overlay_bg_width": {
                    "unit": "%",
                    "size": 60,
                    "sizes": []
                },
                "background_overlay_opacity": {
                    "unit": "px",
                    "size": 0.1,
                    "sizes": []
                },
                "border_width": {
                    "unit": "px",
                    "top": "2",
                    "right": "0",
                    "bottom": "0",
                    "left": "0",
                    "isLinked": false
                },
                "border_color": "#CCCCCC",
                "padding": {
                    "unit": "px",
                    "top": "100",
                    "right": "0",
                    "bottom": "100",
                    "left": "0",
                    "isLinked": false
                },
                "__globals__": {
                    "background_color": "globals\/colors?id=5ea69b3",
                    "border_color": "",
                    "background_overlay_color": "globals\/colors?id=5ea69b3"
                },
                "background_overlay_color": "#FBF7F3"
            },
            "elements": [
                {
                    "id": "4f369610",
                    "settings": {
                        "_column_size": 100,
                        "_inline_size": null
                    },
                    "elements": [
                        {
                            "id": "16dca5ef",
                            "settings": {
                                "structure": "30"
                            },
                            "elements": [
                                {
                                    "id": "3f512a50",
                                    "settings": {
                                        "_column_size": 33,
                                        "_inline_size": null,
                                        "margin": {
                                            "unit": "px",
                                            "top": "0",
                                            "right": "0",
                                            "bottom": "50",
                                            "left": "0",
                                            "isLinked": false
                                        }
                                    },
                                    "elements": [
                                        {
                                            "id": "16df2427",
                                            "settings": {
                                                "image": {
                                                    "url": "https:\/\/swansa.mjbletters.com\/wp-content\/uploads\/2020\/09\/wedding-makeup-artist-making-a-make-up-for-bride.jpg",
                                                    "id": 2885
                                                },
                                                "image_size": "custom",
                                                "image_custom_dimension": {
                                                    "width": "600",
                                                    "height": "400"
                                                }
                                            },
                                            "elements": [],
                                            "isInner": false,
                                            "widgetType": "image",
                                            "elType": "widget"
                                        },
                                        {
                                            "id": "775f8514",
                                            "settings": {
                                                "title": "Wedding Makeup",
                                                "align": "center",
                                                "typography_typography": "custom",
                                                "typography_font_family": "Marcellus",
                                                "typography_font_size": {
                                                    "unit": "px",
                                                    "size": 20,
                                                    "sizes": []
                                                },
                                                "typography_font_weight": "400",
                                                "typography_text_transform": "uppercase",
                                                "typography_letter_spacing": {
                                                    "unit": "px",
                                                    "size": 2.3,
                                                    "sizes": []
                                                },
                                                "__globals__": {
                                                    "title_color": "globals\/colors?id=67350cde"
                                                }
                                            },
                                            "elements": [],
                                            "isInner": false,
                                            "widgetType": "heading",
                                            "elType": "widget"
                                        },
                                        {
                                            "id": "779c0bc4",
                                            "settings": {
                                                "align": "center",
                                                "typography_typography": "custom",
                                                "typography_font_family": "Open Sans",
                                                "typography_font_weight": "400",
                                                "editor": "<p>Reprehenderit in voluptate velit esse cillum dolore eu fugiat nulla pariatur<\/p>"
                                            },
                                            "elements": [],
                                            "isInner": false,
                                            "widgetType": "text-editor",
                                            "elType": "widget"
                                        }
                                    ],
                                    "isInner": true,
                                    "elType": "column"
                                },
                                {
                                    "id": "450c69d7",
                                    "settings": {
                                        "_column_size": 33,
                                        "_inline_size": null,
                                        "margin": {
                                            "unit": "px",
                                            "top": "0",
                                            "right": "0",
                                            "bottom": "50",
                                            "left": "0",
                                            "isLinked": false
                                        }
                                    },
                                    "elements": [
                                        {
                                            "id": "7cc966f0",
                                            "settings": {
                                                "image": {
                                                    "url": "https:\/\/swansa.mjbletters.com\/wp-content\/uploads\/2020\/09\/bride-in-beautiful-dress-sitting-resting-on-sofa-indoors.jpg",
                                                    "id": 2485
                                                },
                                                "image_size": "custom",
                                                "image_custom_dimension": {
                                                    "width": "600",
                                                    "height": "400"
                                                }
                                            },
                                            "elements": [],
                                            "isInner": false,
                                            "widgetType": "image",
                                            "elType": "widget"
                                        },
                                        {
                                            "id": "3e1326ac",
                                            "settings": {
                                                "title": "Wedding dress",
                                                "align": "center",
                                                "typography_typography": "custom",
                                                "typography_font_family": "Marcellus",
                                                "typography_font_size": {
                                                    "unit": "px",
                                                    "size": 20,
                                                    "sizes": []
                                                },
                                                "typography_font_weight": "400",
                                                "typography_text_transform": "uppercase",
                                                "typography_letter_spacing": {
                                                    "unit": "px",
                                                    "size": 2.3,
                                                    "sizes": []
                                                },
                                                "__globals__": {
                                                    "title_color": "globals\/colors?id=67350cde"
                                                }
                                            },
                                            "elements": [],
                                            "isInner": false,
                                            "widgetType": "heading",
                                            "elType": "widget"
                                        },
                                        {
                                            "id": "15a91d3e",
                                            "settings": {
                                                "align": "center",
                                                "typography_typography": "custom",
                                                "typography_font_family": "Open Sans",
                                                "typography_font_weight": "400",
                                                "editor": "<p>Reprehenderit in voluptate velit esse cillum dolore eu fugiat nulla pariatur<\/p>"
                                            },
                                            "elements": [],
                                            "isInner": false,
                                            "widgetType": "text-editor",
                                            "elType": "widget"
                                        }
                                    ],
                                    "isInner": true,
                                    "elType": "column"
                                },
                                {
                                    "id": "5ee5a2f",
                                    "settings": {
                                        "_column_size": 33,
                                        "_inline_size": null,
                                        "margin": {
                                            "unit": "px",
                                            "top": "0",
                                            "right": "0",
                                            "bottom": "50",
                                            "left": "0",
                                            "isLinked": false
                                        }
                                    },
                                    "elements": [
                                        {
                                            "id": "5bacbc06",
                                            "settings": {
                                                "image": {
                                                    "url": "https:\/\/swansa.mjbletters.com\/wp-content\/uploads\/2020\/09\/wedding-couple.jpg",
                                                    "id": 2210
                                                },
                                                "image_size": "custom",
                                                "image_custom_dimension": {
                                                    "width": "600",
                                                    "height": "400"
                                                }
                                            },
                                            "elements": [],
                                            "isInner": false,
                                            "widgetType": "image",
                                            "elType": "widget"
                                        },
                                        {
                                            "id": "149785c0",
                                            "settings": {
                                                "title": "Wedding Photo",
                                                "align": "center",
                                                "typography_typography": "custom",
                                                "typography_font_family": "Marcellus",
                                                "typography_font_size": {
                                                    "unit": "px",
                                                    "size": 20,
                                                    "sizes": []
                                                },
                                                "typography_font_weight": "400",
                                                "typography_text_transform": "uppercase",
                                                "typography_letter_spacing": {
                                                    "unit": "px",
                                                    "size": 2.3,
                                                    "sizes": []
                                                },
                                                "__globals__": {
                                                    "title_color": "globals\/colors?id=67350cde"
                                                }
                                            },
                                            "elements": [],
                                            "isInner": false,
                                            "widgetType": "heading",
                                            "elType": "widget"
                                        },
                                        {
                                            "id": "57737458",
                                            "settings": {
                                                "align": "center",
                                                "typography_typography": "custom",
                                                "typography_font_family": "Open Sans",
                                                "typography_font_weight": "400",
                                                "editor": "<p>Reprehenderit in voluptate velit esse cillum dolore eu fugiat nulla pariatur<\/p>"
                                            },
                                            "elements": [],
                                            "isInner": false,
                                            "widgetType": "text-editor",
                                            "elType": "widget"
                                        }
                                    ],
                                    "isInner": true,
                                    "elType": "column"
                                }
                            ],
                            "isInner": true,
                            "elType": "section"
                        },
                        {
                            "id": "2f639761",
                            "settings": {
                                "structure": "30"
                            },
                            "elements": [
                                {
                                    "id": "25f1c502",
                                    "settings": {
                                        "_column_size": 33,
                                        "_inline_size": null,
                                        "margin": {
                                            "unit": "px",
                                            "top": "0",
                                            "right": "0",
                                            "bottom": "50",
                                            "left": "0",
                                            "isLinked": false
                                        }
                                    },
                                    "elements": [
                                        {
                                            "id": "bcaa57b",
                                            "settings": {
                                                "image": {
                                                    "url": "https:\/\/swansa.mjbletters.com\/wp-content\/uploads\/2020\/07\/wedding-decor.jpg",
                                                    "id": 131
                                                },
                                                "image_size": "custom",
                                                "image_custom_dimension": {
                                                    "width": "600",
                                                    "height": "400"
                                                }
                                            },
                                            "elements": [],
                                            "isInner": false,
                                            "widgetType": "image",
                                            "elType": "widget"
                                        },
                                        {
                                            "id": "2ec94c8f",
                                            "settings": {
                                                "title": "Wedding Invitation",
                                                "align": "center",
                                                "typography_typography": "custom",
                                                "typography_font_family": "Marcellus",
                                                "typography_font_size": {
                                                    "unit": "px",
                                                    "size": 20,
                                                    "sizes": []
                                                },
                                                "typography_font_weight": "400",
                                                "typography_text_transform": "uppercase",
                                                "typography_letter_spacing": {
                                                    "unit": "px",
                                                    "size": 2.3,
                                                    "sizes": []
                                                },
                                                "__globals__": {
                                                    "title_color": "globals\/colors?id=67350cde"
                                                }
                                            },
                                            "elements": [],
                                            "isInner": false,
                                            "widgetType": "heading",
                                            "elType": "widget"
                                        },
                                        {
                                            "id": "31887fab",
                                            "settings": {
                                                "align": "center",
                                                "typography_typography": "custom",
                                                "typography_font_family": "Open Sans",
                                                "typography_font_weight": "400",
                                                "editor": "<p>Reprehenderit in voluptate velit esse cillum dolore eu fugiat nulla pariatur<\/p>"
                                            },
                                            "elements": [],
                                            "isInner": false,
                                            "widgetType": "text-editor",
                                            "elType": "widget"
                                        }
                                    ],
                                    "isInner": true,
                                    "elType": "column"
                                },
                                {
                                    "id": "39d31afd",
                                    "settings": {
                                        "_column_size": 33,
                                        "_inline_size": null,
                                        "margin": {
                                            "unit": "px",
                                            "top": "0",
                                            "right": "0",
                                            "bottom": "50",
                                            "left": "0",
                                            "isLinked": false
                                        }
                                    },
                                    "elements": [
                                        {
                                            "id": "539cefa2",
                                            "settings": {
                                                "image": {
                                                    "url": "https:\/\/swansa.mjbletters.com\/wp-content\/uploads\/2020\/08\/close-up-female-hand-holding-wedding-rings-box.jpg",
                                                    "id": 1237
                                                },
                                                "image_size": "custom",
                                                "image_custom_dimension": {
                                                    "width": "600",
                                                    "height": "400"
                                                }
                                            },
                                            "elements": [],
                                            "isInner": false,
                                            "widgetType": "image",
                                            "elType": "widget"
                                        },
                                        {
                                            "id": "503158b0",
                                            "settings": {
                                                "title": "Wedding Editorials",
                                                "align": "center",
                                                "typography_typography": "custom",
                                                "typography_font_family": "Marcellus",
                                                "typography_font_size": {
                                                    "unit": "px",
                                                    "size": 20,
                                                    "sizes": []
                                                },
                                                "typography_font_weight": "400",
                                                "typography_text_transform": "uppercase",
                                                "typography_letter_spacing": {
                                                    "unit": "px",
                                                    "size": 2.3,
                                                    "sizes": []
                                                },
                                                "__globals__": {
                                                    "title_color": "globals\/colors?id=67350cde"
                                                }
                                            },
                                            "elements": [],
                                            "isInner": false,
                                            "widgetType": "heading",
                                            "elType": "widget"
                                        },
                                        {
                                            "id": "481f2ed3",
                                            "settings": {
                                                "align": "center",
                                                "typography_typography": "custom",
                                                "typography_font_family": "Open Sans",
                                                "typography_font_weight": "400",
                                                "editor": "<p>Reprehenderit in voluptate velit esse cillum dolore eu fugiat nulla pariatur<\/p>"
                                            },
                                            "elements": [],
                                            "isInner": false,
                                            "widgetType": "text-editor",
                                            "elType": "widget"
                                        }
                                    ],
                                    "isInner": true,
                                    "elType": "column"
                                },
                                {
                                    "id": "48c79b3f",
                                    "settings": {
                                        "_column_size": 33,
                                        "_inline_size": null,
                                        "margin": {
                                            "unit": "px",
                                            "top": "0",
                                            "right": "0",
                                            "bottom": "50",
                                            "left": "0",
                                            "isLinked": false
                                        }
                                    },
                                    "elements": [
                                        {
                                            "id": "4de0ae08",
                                            "settings": {
                                                "image": {
                                                    "url": "https:\/\/swansa.mjbletters.com\/wp-content\/uploads\/2020\/07\/beautiful-girl-with-braids-hairstyle.jpg",
                                                    "id": 271
                                                },
                                                "image_size": "custom",
                                                "image_custom_dimension": {
                                                    "width": "600",
                                                    "height": "400"
                                                }
                                            },
                                            "elements": [],
                                            "isInner": false,
                                            "widgetType": "image",
                                            "elType": "widget"
                                        },
                                        {
                                            "id": "9145c62",
                                            "settings": {
                                                "title": "Wedding Modeling",
                                                "align": "center",
                                                "typography_typography": "custom",
                                                "typography_font_family": "Marcellus",
                                                "typography_font_size": {
                                                    "unit": "px",
                                                    "size": 20,
                                                    "sizes": []
                                                },
                                                "typography_font_weight": "400",
                                                "typography_text_transform": "uppercase",
                                                "typography_letter_spacing": {
                                                    "unit": "px",
                                                    "size": 2.3,
                                                    "sizes": []
                                                },
                                                "__globals__": {
                                                    "title_color": "globals\/colors?id=67350cde"
                                                }
                                            },
                                            "elements": [],
                                            "isInner": false,
                                            "widgetType": "heading",
                                            "elType": "widget"
                                        },
                                        {
                                            "id": "16b30e30",
                                            "settings": {
                                                "align": "center",
                                                "typography_typography": "custom",
                                                "typography_font_family": "Open Sans",
                                                "typography_font_weight": "400",
                                                "editor": "<p>Reprehenderit in voluptate velit esse cillum dolore eu fugiat nulla pariatur<\/p>"
                                            },
                                            "elements": [],
                                            "isInner": false,
                                            "widgetType": "text-editor",
                                            "elType": "widget"
                                        }
                                    ],
                                    "isInner": true,
                                    "elType": "column"
                                }
                            ],
                            "isInner": true,
                            "elType": "section"
                        }
                    ],
                    "isInner": false,
                    "elType": "column"
                }
            ],
            "isInner": false,
            "elType": "section"
        },
        {
            "id": "3681fc83",
            "settings": {
                "padding": {
                    "unit": "px",
                    "top": "100",
                    "right": "0",
                    "bottom": "100",
                    "left": "0",
                    "isLinked": false
                },
                "background_background": "classic",
                "__globals__": {
                    "background_color": ""
                }
            },
            "elements": [
                {
                    "id": "6f5faf37",
                    "settings": {
                        "_column_size": 100,
                        "_inline_size": null
                    },
                    "elements": [
                        {
                            "id": "235d1e11",
                            "settings": [],
                            "elements": [
                                {
                                    "id": "6d37639e",
                                    "settings": {
                                        "_column_size": 100,
                                        "_inline_size": null
                                    },
                                    "elements": [
                                        {
                                            "id": "56583f76",
                                            "settings": {
                                                "image": {
                                                    "url": "https:\/\/swansa.mjbletters.com\/wp-content\/uploads\/2020\/07\/1-01-1.png",
                                                    "id": 3123
                                                },
                                                "align": "center",
                                                "width": {
                                                    "unit": "px",
                                                    "size": 130,
                                                    "sizes": []
                                                }
                                            },
                                            "elements": [],
                                            "isInner": false,
                                            "widgetType": "image",
                                            "elType": "widget"
                                        },
                                        {
                                            "id": "2bfd98fd",
                                            "settings": {
                                                "title": "Pricing Plans",
                                                "align": "center",
                                                "typography_font_family": "Marcellus",
                                                "typography_font_size": {
                                                    "unit": "px",
                                                    "size": 40,
                                                    "sizes": []
                                                },
                                                "typography_font_weight": "400",
                                                "__globals__": {
                                                    "title_color": "globals\/colors?id=67350cde"
                                                }
                                            },
                                            "elements": [],
                                            "isInner": false,
                                            "widgetType": "heading",
                                            "elType": "widget"
                                        },
                                        {
                                            "id": "187daa60",
                                            "settings": {
                                                "editor": "<p>Excepteur sintoccaecat cupidatat non proident sunt in culpa qui officia<br \/>deserunt mollit anim id est laborum.<\/p>",
                                                "align": "center",
                                                "typography_typography": "custom",
                                                "typography_font_family": "Open Sans",
                                                "typography_font_weight": "400",
                                                "__globals__": {
                                                    "text_color": "globals\/colors?id=text"
                                                }
                                            },
                                            "elements": [],
                                            "isInner": false,
                                            "widgetType": "text-editor",
                                            "elType": "widget"
                                        }
                                    ],
                                    "isInner": true,
                                    "elType": "column"
                                }
                            ],
                            "isInner": true,
                            "elType": "section"
                        },
                        {
                            "id": "322e2f36",
                            "settings": {
                                "structure": "30"
                            },
                            "elements": [
                                {
                                    "id": "4231ab2c",
                                    "settings": {
                                        "_column_size": 33,
                                        "_inline_size": null,
                                        "background_background": "classic",
                                        "margin": {
                                            "unit": "px",
                                            "top": "15",
                                            "right": "15",
                                            "bottom": "15",
                                            "left": "15",
                                            "isLinked": true
                                        },
                                        "padding": {
                                            "unit": "px",
                                            "top": "50",
                                            "right": "30",
                                            "bottom": "50",
                                            "left": "30",
                                            "isLinked": false
                                        },
                                        "__globals__": {
                                            "background_color": "globals\/colors?id=330cf184",
                                            "border_color": "globals\/colors?id=16706d6"
                                        },
                                        "border_border": "solid",
                                        "border_width": {
                                            "unit": "px",
                                            "top": "1",
                                            "right": "1",
                                            "bottom": "1",
                                            "left": "1",
                                            "isLinked": true
                                        }
                                    },
                                    "elements": [
                                        {
                                            "id": "1019b624",
                                            "settings": {
                                                "title": "Standard",
                                                "align": "center",
                                                "title_color": "#000000",
                                                "typography_typography": "custom",
                                                "typography_font_family": "Marcellus",
                                                "typography_font_size": {
                                                    "unit": "px",
                                                    "size": 20
                                                },
                                                "typography_font_weight": "500"
                                            },
                                            "elements": [],
                                            "isInner": false,
                                            "widgetType": "heading",
                                            "elType": "widget"
                                        },
                                        {
                                            "id": "2c888dee",
                                            "settings": {
                                                "title": "$39 \/mo",
                                                "align": "center"
                                            },
                                            "elements": [],
                                            "isInner": false,
                                            "widgetType": "heading",
                                            "elType": "widget"
                                        },
                                        {
                                            "id": "20268502",
                                            "settings": {
                                                "icon_list": [
                                                    {
                                                        "text": "Relaxing masage",
                                                        "_id": "c378a0d",
                                                        "selected_icon": {
                                                            "value": "fas fa-times",
                                                            "library": "fa-solid"
                                                        }
                                                    },
                                                    {
                                                        "text": "Manicure & Pedicure",
                                                        "_id": "f911336"
                                                    },
                                                    {
                                                        "text": "Body Polish",
                                                        "_id": "c0e87e4",
                                                        "selected_icon": {
                                                            "value": "fas fa-times",
                                                            "library": "fa-solid"
                                                        }
                                                    },
                                                    {
                                                        "text": "Face Treatment",
                                                        "_id": "9399bad"
                                                    }
                                                ],
                                                "space_between": {
                                                    "unit": "px",
                                                    "size": 35,
                                                    "sizes": []
                                                },
                                                "icon_self_align": "center",
                                                "icon_align": "center",
                                                "divider": "yes",
                                                "_margin": {
                                                    "unit": "px",
                                                    "top": "30",
                                                    "right": "0",
                                                    "bottom": "30",
                                                    "left": "0",
                                                    "isLinked": false
                                                }
                                            },
                                            "elements": [],
                                            "isInner": false,
                                            "widgetType": "icon-list",
                                            "elType": "widget"
                                        },
                                        {
                                            "id": "4e2cdcd0",
                                            "settings": {
                                                "text": "Get Now",
                                                "size": "md",
                                                "align": "center"
                                            },
                                            "elements": [],
                                            "isInner": false,
                                            "widgetType": "button",
                                            "elType": "widget"
                                        }
                                    ],
                                    "isInner": true,
                                    "elType": "column"
                                },
                                {
                                    "id": "2fc7f305",
                                    "settings": {
                                        "_column_size": 33,
                                        "_inline_size": null,
                                        "background_background": "classic",
                                        "margin": {
                                            "unit": "px",
                                            "top": "15",
                                            "right": "15",
                                            "bottom": "15",
                                            "left": "15",
                                            "isLinked": true
                                        },
                                        "padding": {
                                            "unit": "px",
                                            "top": "50",
                                            "right": "30",
                                            "bottom": "50",
                                            "left": "30",
                                            "isLinked": false
                                        },
                                        "__globals__": {
                                            "background_color": "globals\/colors?id=5ea69b3",
                                            "border_color": "globals\/colors?id=16706d6"
                                        },
                                        "border_border": "solid",
                                        "border_width": {
                                            "unit": "px",
                                            "top": "1",
                                            "right": "1",
                                            "bottom": "1",
                                            "left": "1",
                                            "isLinked": true
                                        }
                                    },
                                    "elements": [
                                        {
                                            "id": "6532eed9",
                                            "settings": {
                                                "title": "Premium",
                                                "align": "center",
                                                "title_color": "#000000",
                                                "typography_typography": "custom",
                                                "typography_font_family": "Marcellus",
                                                "typography_font_size": {
                                                    "unit": "px",
                                                    "size": 20
                                                },
                                                "typography_font_weight": "500"
                                            },
                                            "elements": [],
                                            "isInner": false,
                                            "widgetType": "heading",
                                            "elType": "widget"
                                        },
                                        {
                                            "id": "29d998d6",
                                            "settings": {
                                                "title": "$49 \/mo",
                                                "align": "center"
                                            },
                                            "elements": [],
                                            "isInner": false,
                                            "widgetType": "heading",
                                            "elType": "widget"
                                        },
                                        {
                                            "id": "56c930ec",
                                            "settings": {
                                                "icon_list": [
                                                    {
                                                        "text": "Relaxing masage",
                                                        "_id": "c378a0d"
                                                    },
                                                    {
                                                        "text": "Manicure & Pedicure",
                                                        "_id": "f911336"
                                                    },
                                                    {
                                                        "text": "Body Polish",
                                                        "_id": "c0e87e4",
                                                        "selected_icon": {
                                                            "value": "fas fa-times",
                                                            "library": "fa-solid"
                                                        }
                                                    },
                                                    {
                                                        "text": "Face Treatment",
                                                        "_id": "9399bad"
                                                    }
                                                ],
                                                "space_between": {
                                                    "unit": "px",
                                                    "size": 35,
                                                    "sizes": []
                                                },
                                                "icon_self_align": "center",
                                                "icon_align": "center",
                                                "divider": "yes",
                                                "_margin": {
                                                    "unit": "px",
                                                    "top": "30",
                                                    "right": "0",
                                                    "bottom": "30",
                                                    "left": "0",
                                                    "isLinked": false
                                                }
                                            },
                                            "elements": [],
                                            "isInner": false,
                                            "widgetType": "icon-list",
                                            "elType": "widget"
                                        },
                                        {
                                            "id": "3ca66332",
                                            "settings": {
                                                "text": "Get Now",
                                                "size": "md",
                                                "align": "center"
                                            },
                                            "elements": [],
                                            "isInner": false,
                                            "widgetType": "button",
                                            "elType": "widget"
                                        }
                                    ],
                                    "isInner": true,
                                    "elType": "column"
                                },
                                {
                                    "id": "6e62cdb0",
                                    "settings": {
                                        "_column_size": 33,
                                        "_inline_size": null,
                                        "background_background": "classic",
                                        "margin": {
                                            "unit": "px",
                                            "top": "15",
                                            "right": "15",
                                            "bottom": "15",
                                            "left": "15",
                                            "isLinked": true
                                        },
                                        "padding": {
                                            "unit": "px",
                                            "top": "50",
                                            "right": "30",
                                            "bottom": "50",
                                            "left": "30",
                                            "isLinked": false
                                        },
                                        "__globals__": {
                                            "background_color": "globals\/colors?id=330cf184",
                                            "border_color": "globals\/colors?id=16706d6"
                                        },
                                        "border_border": "solid",
                                        "border_width": {
                                            "unit": "px",
                                            "top": "1",
                                            "right": "1",
                                            "bottom": "1",
                                            "left": "1",
                                            "isLinked": true
                                        }
                                    },
                                    "elements": [
                                        {
                                            "id": "6da5d6dc",
                                            "settings": {
                                                "title": "Exclusive",
                                                "align": "center",
                                                "title_color": "#000000",
                                                "typography_typography": "custom",
                                                "typography_font_family": "Marcellus",
                                                "typography_font_size": {
                                                    "unit": "px",
                                                    "size": 20
                                                },
                                                "typography_font_weight": "500"
                                            },
                                            "elements": [],
                                            "isInner": false,
                                            "widgetType": "heading",
                                            "elType": "widget"
                                        },
                                        {
                                            "id": "487108ad",
                                            "settings": {
                                                "title": "$59 \/mo",
                                                "align": "center"
                                            },
                                            "elements": [],
                                            "isInner": false,
                                            "widgetType": "heading",
                                            "elType": "widget"
                                        },
                                        {
                                            "id": "5e913f94",
                                            "settings": {
                                                "icon_list": [
                                                    {
                                                        "text": "Relaxing masage",
                                                        "_id": "c378a0d"
                                                    },
                                                    {
                                                        "text": "Manicure & Pedicure",
                                                        "_id": "f911336"
                                                    },
                                                    {
                                                        "text": "Body Polish",
                                                        "_id": "c0e87e4"
                                                    },
                                                    {
                                                        "text": "Face Treatment",
                                                        "_id": "9399bad"
                                                    }
                                                ],
                                                "space_between": {
                                                    "unit": "px",
                                                    "size": 35,
                                                    "sizes": []
                                                },
                                                "icon_self_align": "center",
                                                "icon_align": "center",
                                                "divider": "yes",
                                                "_margin": {
                                                    "unit": "px",
                                                    "top": "30",
                                                    "right": "0",
                                                    "bottom": "30",
                                                    "left": "0",
                                                    "isLinked": false
                                                }
                                            },
                                            "elements": [],
                                            "isInner": false,
                                            "widgetType": "icon-list",
                                            "elType": "widget"
                                        },
                                        {
                                            "id": "1f2e5687",
                                            "settings": {
                                                "text": "Get Now",
                                                "size": "md",
                                                "align": "center"
                                            },
                                            "elements": [],
                                            "isInner": false,
                                            "widgetType": "button",
                                            "elType": "widget"
                                        }
                                    ],
                                    "isInner": true,
                                    "elType": "column"
                                }
                            ],
                            "isInner": true,
                            "elType": "section"
                        }
                    ],
                    "isInner": false,
                    "elType": "column"
                }
            ],
            "isInner": false,
            "elType": "section"
        },
        {
            "id": "607f87f",
            "settings": {
                "background_background": "classic",
                "background_image": {
                    "url": "https:\/\/swansa.mjbletters.com\/wp-content\/uploads\/2020\/07\/wedding-ceremony-area-2.jpg",
                    "id": 315
                },
                "background_position": "center center",
                "background_repeat": "no-repeat",
                "background_size": "cover",
                "background_overlay_background": "classic",
                "background_overlay_opacity": {
                    "unit": "px",
                    "size": 0.3,
                    "sizes": []
                },
                "padding": {
                    "unit": "px",
                    "top": "100",
                    "right": "0",
                    "bottom": "100",
                    "left": "0",
                    "isLinked": false
                },
                "__globals__": {
                    "background_overlay_color": "globals\/colors?id=secondary"
                }
            },
            "elements": [
                {
                    "id": "2b45864",
                    "settings": {
                        "_column_size": 100,
                        "_inline_size": null
                    },
                    "elements": [
                        {
                            "id": "6c014a33",
                            "settings": {
                                "title": "Want to Work Together?",
                                "align": "center"
                            },
                            "elements": [],
                            "isInner": false,
                            "widgetType": "heading",
                            "elType": "widget"
                        },
                        {
                            "id": "3d405d3f",
                            "settings": {
                                "editor": "Please let us know if you will be able to make it.",
                                "align": "center",
                                "__globals__": {
                                    "text_color": "globals\/colors?id=330cf184"
                                }
                            },
                            "elements": [],
                            "isInner": false,
                            "widgetType": "text-editor",
                            "elType": "widget"
                        },
                        {
                            "id": "3f9658e6",
                            "settings": {
                                "text": "Book Now",
                                "align": "center",
                                "size": "md"
                            },
                            "elements": [],
                            "isInner": false,
                            "widgetType": "button",
                            "elType": "widget"
                        }
                    ],
                    "isInner": false,
                    "elType": "column"
                }
            ],
            "isInner": false,
            "elType": "section"
        },
        {
            "id": "45522fbe",
            "settings": {
                "background_background": "classic",
                "__globals__": {
                    "background_color": ""
                },
                "content_width": {
                    "unit": "px",
                    "size": 800,
                    "sizes": []
                },
                "padding": {
                    "unit": "px",
                    "top": "100",
                    "right": "0",
                    "bottom": "100",
                    "left": "0",
                    "isLinked": false
                },
                "gap": "no",
                "custom_height": {
                    "unit": "px",
                    "size": 570,
                    "sizes": []
                },
                "background_position": "center center",
                "background_repeat": "no-repeat",
                "background_size": "cover",
                "background_overlay_background": "classic",
                "background_overlay_image": {
                    "url": "https:\/\/swansa.mjbletters.com\/wp-content\/uploads\/2020\/09\/none16.png",
                    "id": 3422
                },
                "background_overlay_position": "top center",
                "background_overlay_repeat": "no-repeat",
                "background_overlay_size": "initial",
                "background_overlay_bg_width": {
                    "unit": "%",
                    "size": 60,
                    "sizes": []
                },
                "background_overlay_opacity": {
                    "unit": "px",
                    "size": 0.2,
                    "sizes": []
                },
                "margin": {
                    "unit": "px",
                    "top": "0",
                    "right": 0,
                    "bottom": "0",
                    "left": 0,
                    "isLinked": false
                }
            },
            "elements": [
                {
                    "id": "628ac32f",
                    "settings": {
                        "_column_size": 100,
                        "_inline_size": null
                    },
                    "elements": [
                        {
                            "id": "6ef9f047",
                            "settings": {
                                "selected_icon": {
                                    "value": "fas fa-quote-left",
                                    "library": "fa-solid"
                                },
                                "view": "stacked"
                            },
                            "elements": [],
                            "isInner": false,
                            "widgetType": "icon",
                            "elType": "widget"
                        },
                        {
                            "id": "51eaee74",
                            "settings": {
                                "slides": [
                                    {
                                        "content": "Utenim ad minim veniam quis nostrud exercitation ullamco laboris nisi ut aliquip ex ea commodo consequat. Duis aute irure dolor in reprehenderit in voluptate velit esse cillum dolore eu fugiat nulla pariatur.",
                                        "name": "John Doe",
                                        "title": "CEO",
                                        "_id": "5ef4bbf"
                                    },
                                    {
                                        "content": "Excepteur sint occaecat cupidatat non proident sunt in culpa qui officia deserunt mollit anim id est laborum",
                                        "name": "John Doe",
                                        "title": "CEO",
                                        "_id": "2a9773f"
                                    },
                                    {
                                        "content": "Consectetur adipisicing elit sed do eiusmod tempor incididunt ut labore et dolore magna aliqua. Utenim ad minim veniam quis nostrud exercitation ullamco",
                                        "name": "John Doe",
                                        "title": "CEO",
                                        "_id": "1202b1d"
                                    }
                                ],
                                "layout": "image_above",
                                "content_typography_typography": "custom",
                                "content_typography_font_family": "Marcellus",
                                "content_typography_font_size": {
                                    "unit": "px",
                                    "size": 24,
                                    "sizes": []
                                },
                                "content_typography_font_weight": "400",
                                "content_typography_font_style": "normal",
                                "name_color": "#54595F",
                                "name_typography_typography": "custom",
                                "name_typography_font_family": "Marcellus",
                                "name_typography_font_weight": "400",
                                "name_typography_font_style": "normal",
                                "title_typography_typography": "custom",
                                "title_typography_font_family": "Open Sans",
                                "title_typography_font_weight": "400",
                                "title_typography_font_style": "normal",
                                "__globals__": {
                                    "content_typography_typography": "",
                                    "name_color": "globals\/colors?id=secondary",
                                    "title_typography_typography": "globals\/typography?id=secondary",
                                    "name_typography_typography": "",
                                    "content_color": "globals\/colors?id=secondary",
                                    "pagination_color": "globals\/colors?id=primary"
                                }
                            },
                            "elements": [],
                            "isInner": false,
                            "widgetType": "testimonial-carousel",
                            "elType": "widget"
                        }
                    ],
                    "isInner": false,
                    "elType": "column"
                }
            ],
            "isInner": false,
            "elType": "section"
        },
        {
            "id": "3289935c",
            "settings": {
                "background_background": "classic",
                "padding": {
                    "unit": "px",
                    "top": "50",
                    "right": "0",
                    "bottom": "50",
                    "left": "0",
                    "isLinked": false
                },
                "__globals__": {
                    "background_color": ""
                }
            },
            "elements": [
                {
                    "id": "7b086d8f",
                    "settings": {
                        "_column_size": 100,
                        "_inline_size": null
                    },
                    "elements": [
                        {
                            "id": "7de88771",
                            "settings": {
                                "carousel": [
                                    {
                                        "id": 3491,
                                        "url": "https:\/\/swansa.mjbletters.com\/wp-content\/uploads\/2020\/10\/dummy-logo-1b.png"
                                    },
                                    {
                                        "id": 3492,
                                        "url": "https:\/\/swansa.mjbletters.com\/wp-content\/uploads\/2020\/10\/dummy-logo-2b.png"
                                    },
                                    {
                                        "id": 3493,
                                        "url": "https:\/\/swansa.mjbletters.com\/wp-content\/uploads\/2020\/10\/dummy-logo-3b.png"
                                    },
                                    {
                                        "id": 3494,
                                        "url": "https:\/\/swansa.mjbletters.com\/wp-content\/uploads\/2020\/10\/dummy-logo-4b.png"
                                    },
                                    {
                                        "id": 3495,
                                        "url": "https:\/\/swansa.mjbletters.com\/wp-content\/uploads\/2020\/10\/dummy-logo-5b.png"
                                    },
                                    {
                                        "id": 3496,
                                        "url": "https:\/\/swansa.mjbletters.com\/wp-content\/uploads\/2020\/10\/dummy-logo-6b.png"
                                    }
                                ],
                                "thumbnail_size": "tk_preview",
                                "slides_to_show": "5",
                                "navigation": "none"
                            },
                            "elements": [],
                            "isInner": false,
                            "widgetType": "image-carousel",
                            "elType": "widget"
                        }
                    ],
                    "isInner": false,
                    "elType": "column"
                }
            ],
            "isInner": false,
            "elType": "section"
        }
    ],
    "page_settings": {
        "hide_title": "yes",
        "background_background": "classic",
        "background_color": "#FFFFFF",
        "eael_ext_toc_title": "Table of Contents",
        "template": "elementor_header_footer"
    }
}