{
    "version": "0.4",
    "title": "Testimonial",
    "type": "page",
    "metadata": {
        "template_type": "single-page",
        "include_in_zip": "1",
        "elementor_pro_required": "1",
        "wp_page_template": "elementor_header_footer"
    },
    "content": [
        {
            "id": "82d5f18",
            "settings": {
                "height": "min-height",
                "custom_height": {
                    "unit": "px",
                    "size": 200,
                    "sizes": []
                },
                "background_background": "classic",
                "background_image": {
                    "url": "https:\/\/swansa.mjbletters.com\/wp-content\/uploads\/2020\/08\/floral-background-lot-of-artificial-flowers-in-colorful-composition.jpg",
                    "id": 1168
                },
                "background_position": "center center",
                "background_overlay_background": "classic",
                "padding": {
                    "unit": "px",
                    "top": "15",
                    "right": "0",
                    "bottom": "15",
                    "left": "0",
                    "isLinked": false
                },
                "background_overlay_color_stop": {
                    "unit": "%",
                    "size": 37,
                    "sizes": []
                },
                "background_overlay_gradient_angle": {
                    "unit": "deg",
                    "size": 110,
                    "sizes": []
                },
                "__globals__": {
                    "background_overlay_color_b": "globals\/colors?id=70d700c",
                    "background_overlay_color": "globals\/colors?id=secondary"
                },
                "shape_divider_bottom_height": {
                    "unit": "px",
                    "size": 20,
                    "sizes": []
                },
                "background_overlay_opacity": {
                    "unit": "px",
                    "size": 0.3,
                    "sizes": []
                },
                "background_repeat": "no-repeat",
                "background_size": "cover"
            },
            "elements": [
                {
                    "id": "58f8ae6",
                    "settings": {
                        "_column_size": 100,
                        "margin": {
                            "unit": "%",
                            "top": "",
                            "right": "",
                            "bottom": "",
                            "left": "",
                            "isLinked": true
                        },
                        "padding": {
                            "unit": "%",
                            "top": "0",
                            "right": "0",
                            "bottom": "0",
                            "left": "0",
                            "isLinked": false
                        },
                        "padding_tablet": {
                            "unit": "px",
                            "top": "40",
                            "right": "40",
                            "bottom": "40",
                            "left": "40",
                            "isLinked": true
                        },
                        "padding_mobile": {
                            "unit": "px",
                            "top": "0",
                            "right": "0",
                            "bottom": "0",
                            "left": "0",
                            "isLinked": true
                        }
                    },
                    "elements": [
                        {
                            "id": "486b715b",
                            "settings": {
                                "title": "Testimonial",
                                "title_color": "#ffffff",
                                "typography_font_size": {
                                    "unit": "px",
                                    "size": 40
                                },
                                "typography_font_weight": "700",
                                "typography_line_height": {
                                    "unit": "em",
                                    "size": 1.2
                                },
                                "_padding": {
                                    "unit": "px",
                                    "top": "0",
                                    "right": "0",
                                    "bottom": "0",
                                    "left": "0",
                                    "isLinked": false
                                },
                                "typography_font_size_mobile": {
                                    "unit": "px",
                                    "size": 39
                                },
                                "typography_font_family": "Marcellus",
                                "align": "left",
                                "typography_letter_spacing": {
                                    "unit": "px",
                                    "size": 1,
                                    "sizes": []
                                },
                                "_animation": "fadeIn",
                                "animation_duration": "slow",
                                "align_mobile": "center"
                            },
                            "elements": [],
                            "isInner": false,
                            "widgetType": "heading",
                            "elType": "widget"
                        }
                    ],
                    "isInner": false,
                    "elType": "column"
                }
            ],
            "isInner": false,
            "elType": "section"
        },
        {
            "id": "7397fe9c",
            "settings": {
                "content_width": {
                    "unit": "px",
                    "size": 800,
                    "sizes": []
                },
                "custom_height": {
                    "unit": "px",
                    "size": 0,
                    "sizes": []
                },
                "background_background": "classic",
                "background_position": "top right",
                "background_repeat": "no-repeat",
                "background_size": "initial",
                "background_bg_width": {
                    "unit": "%",
                    "size": 59,
                    "sizes": []
                },
                "background_overlay_background": "classic",
                "background_overlay_image": {
                    "url": "https:\/\/swansa.mjbletters.com\/wp-content\/uploads\/2020\/07\/nane22.png",
                    "id": 3435
                },
                "background_overlay_position": "top right",
                "background_overlay_repeat": "no-repeat",
                "background_overlay_size": "initial",
                "background_overlay_bg_width": {
                    "unit": "%",
                    "size": 60,
                    "sizes": []
                },
                "background_overlay_opacity": {
                    "unit": "px",
                    "size": 0.1,
                    "sizes": []
                },
                "border_width": {
                    "unit": "px",
                    "top": "2",
                    "right": "0",
                    "bottom": "0",
                    "left": "0",
                    "isLinked": false
                },
                "border_color": "#CCCCCC",
                "padding": {
                    "unit": "px",
                    "top": "100",
                    "right": "0",
                    "bottom": "100",
                    "left": "0",
                    "isLinked": false
                },
                "__globals__": {
                    "background_color": "globals\/colors?id=5ea69b3",
                    "border_color": "",
                    "background_overlay_color": "globals\/colors?id=5ea69b3"
                }
            },
            "elements": [
                {
                    "id": "457e2c87",
                    "settings": {
                        "_column_size": 100,
                        "_inline_size": null
                    },
                    "elements": [
                        {
                            "id": "5b62aa02",
                            "settings": {
                                "selected_icon": {
                                    "value": "fas fa-quote-left",
                                    "library": "fa-solid"
                                },
                                "view": "stacked"
                            },
                            "elements": [],
                            "isInner": false,
                            "widgetType": "icon",
                            "elType": "widget"
                        },
                        {
                            "id": "393ec343",
                            "settings": {
                                "slides": [
                                    {
                                        "content": "Utenim ad minim veniam quis nostrud exercitation ullamco laboris nisi ut aliquip ex ea commodo consequat. Duis aute irure dolor in reprehenderit in voluptate velit esse cillum dolore eu fugiat nulla pariatur.",
                                        "name": "John Doe",
                                        "title": "CEO",
                                        "_id": "5ef4bbf"
                                    },
                                    {
                                        "content": "Excepteur sint occaecat cupidatat non proident sunt in culpa qui officia deserunt mollit anim id est laborum",
                                        "name": "John Doe",
                                        "title": "CEO",
                                        "_id": "2a9773f"
                                    },
                                    {
                                        "content": "Consectetur adipisicing elit sed do eiusmod tempor incididunt ut labore et dolore magna aliqua. Utenim ad minim veniam quis nostrud exercitation ullamco",
                                        "name": "John Doe",
                                        "title": "CEO",
                                        "_id": "1202b1d"
                                    }
                                ],
                                "layout": "image_above",
                                "content_typography_typography": "custom",
                                "content_typography_font_family": "Marcellus",
                                "content_typography_font_size": {
                                    "unit": "px",
                                    "size": 24,
                                    "sizes": []
                                },
                                "content_typography_font_weight": "400",
                                "content_typography_font_style": "normal",
                                "name_color": "#54595F",
                                "name_typography_typography": "custom",
                                "name_typography_font_family": "Marcellus",
                                "name_typography_font_weight": "400",
                                "name_typography_font_style": "normal",
                                "title_typography_typography": "custom",
                                "title_typography_font_family": "Open Sans",
                                "title_typography_font_weight": "400",
                                "title_typography_font_style": "normal",
                                "__globals__": {
                                    "content_typography_typography": "",
                                    "name_color": "globals\/colors?id=secondary",
                                    "title_typography_typography": "globals\/typography?id=secondary",
                                    "name_typography_typography": "",
                                    "content_color": "globals\/colors?id=secondary",
                                    "pagination_color": "globals\/colors?id=primary"
                                }
                            },
                            "elements": [],
                            "isInner": false,
                            "widgetType": "testimonial-carousel",
                            "elType": "widget"
                        }
                    ],
                    "isInner": false,
                    "elType": "column"
                }
            ],
            "isInner": false,
            "elType": "section"
        },
        {
            "id": "38889830",
            "settings": {
                "background_background": "classic",
                "background_position": "center center",
                "background_size": "cover",
                "background_repeat": "no-repeat",
                "background_overlay_background": "classic",
                "background_overlay_opacity": {
                    "unit": "px",
                    "size": 0.3,
                    "sizes": []
                },
                "__globals__": {
                    "background_overlay_color": "globals\/colors?id=secondary"
                },
                "padding": {
                    "unit": "px",
                    "top": "100",
                    "right": "0",
                    "bottom": "100",
                    "left": "0",
                    "isLinked": false
                },
                "background_image": {
                    "url": "https:\/\/swansa.mjbletters.com\/wp-content\/uploads\/2020\/07\/wedding-ceremony-area-2.jpg",
                    "id": 315
                }
            },
            "elements": [
                {
                    "id": "58284bf5",
                    "settings": {
                        "_column_size": 100,
                        "_inline_size": null
                    },
                    "elements": [
                        {
                            "id": "55b5ab39",
                            "settings": {
                                "title": "Book now &amp; Get a Special Offer",
                                "align": "center",
                                "typography_typography": "custom",
                                "typography_font_family": "Marcellus",
                                "typography_font_size": {
                                    "unit": "px",
                                    "size": 45,
                                    "sizes": []
                                },
                                "typography_font_weight": "400",
                                "__globals__": {
                                    "title_color": "globals\/colors?id=67350cde"
                                }
                            },
                            "elements": [],
                            "isInner": false,
                            "widgetType": "heading",
                            "elType": "widget"
                        },
                        {
                            "id": "32be2c33",
                            "settings": {
                                "editor": "Lorem ipsum dolor sit amet, consectetur adipiscing elit. Mauris eros dolor pellentesque sed luctus dapibus lobortis orci.<br> Mauris eros dolor, pellentesque sed luctus dapibus, lobortis a orci.",
                                "align": "center",
                                "typography_font_family": "Work Sans",
                                "typography_font_size": {
                                    "unit": "px",
                                    "size": 15,
                                    "sizes": []
                                },
                                "typography_font_weight": "400",
                                "__globals__": {
                                    "text_color": "globals\/colors?id=330cf184"
                                }
                            },
                            "elements": [],
                            "isInner": false,
                            "widgetType": "text-editor",
                            "elType": "widget"
                        },
                        {
                            "id": "27b097",
                            "settings": {
                                "text": "Book Now",
                                "align": "center",
                                "size": "md",
                                "__globals__": {
                                    "background_color": "globals\/colors?id=8988280",
                                    "button_background_hover_color": "globals\/colors?id=89bf120",
                                    "hover_color": "globals\/colors?id=4851c0f3"
                                }
                            },
                            "elements": [],
                            "isInner": false,
                            "widgetType": "button",
                            "elType": "widget"
                        }
                    ],
                    "isInner": false,
                    "elType": "column"
                }
            ],
            "isInner": false,
            "elType": "section"
        },
        {
            "id": "27d47f19",
            "settings": {
                "padding": {
                    "unit": "px",
                    "top": "100",
                    "right": "0",
                    "bottom": "100",
                    "left": "0",
                    "isLinked": false
                },
                "structure": "20",
                "background_background": "classic",
                "__globals__": {
                    "background_color": ""
                }
            },
            "elements": [
                {
                    "id": "3d14869",
                    "settings": {
                        "_column_size": 50,
                        "_inline_size": null
                    },
                    "elements": [
                        {
                            "id": "74afccf1",
                            "settings": {
                                "padding": {
                                    "unit": "px",
                                    "top": "0",
                                    "right": "0",
                                    "bottom": "50",
                                    "left": "0",
                                    "isLinked": false
                                }
                            },
                            "elements": [
                                {
                                    "id": "2426ac95",
                                    "settings": {
                                        "_column_size": 100,
                                        "_inline_size": null,
                                        "padding": {
                                            "unit": "px",
                                            "top": "0",
                                            "right": "100",
                                            "bottom": "0",
                                            "left": "10",
                                            "isLinked": false
                                        },
                                        "padding_mobile": {
                                            "unit": "px",
                                            "top": "10",
                                            "right": "10",
                                            "bottom": "10",
                                            "left": "10",
                                            "isLinked": true
                                        }
                                    },
                                    "elements": [
                                        {
                                            "id": "606a0954",
                                            "settings": {
                                                "image": {
                                                    "url": "https:\/\/swansa.mjbletters.com\/wp-content\/uploads\/2020\/07\/1-01-1.png",
                                                    "id": 3123
                                                },
                                                "align": "left",
                                                "width": {
                                                    "unit": "px",
                                                    "size": 130,
                                                    "sizes": []
                                                }
                                            },
                                            "elements": [],
                                            "isInner": false,
                                            "widgetType": "image",
                                            "elType": "widget"
                                        },
                                        {
                                            "id": "6a6d5a32",
                                            "settings": {
                                                "title": "Get In Touch",
                                                "align": "left",
                                                "typography_typography": "custom",
                                                "typography_font_family": "Marcellus",
                                                "typography_font_size": {
                                                    "unit": "px",
                                                    "size": 40,
                                                    "sizes": []
                                                },
                                                "typography_font_weight": "400",
                                                "__globals__": {
                                                    "title_color": "globals\/colors?id=67350cde"
                                                }
                                            },
                                            "elements": [],
                                            "isInner": false,
                                            "widgetType": "heading",
                                            "elType": "widget"
                                        },
                                        {
                                            "id": "2193d94b",
                                            "settings": {
                                                "editor": "<p>Excepteur sintoccaecat cupidatat non proident sunt in culpa qui officia<br \/>deserunt mollit anim id est laborum.<\/p>",
                                                "align": "left",
                                                "typography_typography": "custom",
                                                "typography_font_family": "Open Sans",
                                                "typography_font_weight": "400",
                                                "__globals__": {
                                                    "text_color": "globals\/colors?id=text"
                                                }
                                            },
                                            "elements": [],
                                            "isInner": false,
                                            "widgetType": "text-editor",
                                            "elType": "widget"
                                        },
                                        {
                                            "id": "7e795902",
                                            "settings": {
                                                "selected_icon": {
                                                    "value": "fas fa-phone-alt",
                                                    "library": "fa-solid"
                                                },
                                                "title_text": "For more Queries call us our Toll Free No.",
                                                "description_text": "+62 3456 7890",
                                                "position": "left",
                                                "title_size": "h5",
                                                "view": "stacked",
                                                "icon_size": {
                                                    "unit": "px",
                                                    "size": 28,
                                                    "sizes": []
                                                },
                                                "description_typography_typography": "custom",
                                                "description_typography_font_family": "Open Sans",
                                                "description_typography_font_size": {
                                                    "unit": "px",
                                                    "size": 30,
                                                    "sizes": []
                                                },
                                                "description_typography_font_weight": "400"
                                            },
                                            "elements": [],
                                            "isInner": false,
                                            "widgetType": "icon-box",
                                            "elType": "widget"
                                        }
                                    ],
                                    "isInner": true,
                                    "elType": "column"
                                }
                            ],
                            "isInner": true,
                            "elType": "section"
                        }
                    ],
                    "isInner": false,
                    "elType": "column"
                },
                {
                    "id": "5e39104e",
                    "settings": {
                        "_column_size": 50,
                        "_inline_size": null
                    },
                    "elements": [
                        {
                            "id": "5e897a22",
                            "settings": {
                                "background_background": "classic",
                                "border_border": "solid",
                                "border_width": {
                                    "unit": "px",
                                    "top": "1",
                                    "right": "1",
                                    "bottom": "1",
                                    "left": "1",
                                    "isLinked": true
                                },
                                "border_color": "#E0E0E0",
                                "padding": {
                                    "unit": "px",
                                    "top": "30",
                                    "right": "30",
                                    "bottom": "30",
                                    "left": "30",
                                    "isLinked": true
                                },
                                "padding_mobile": {
                                    "unit": "px",
                                    "top": "10",
                                    "right": "10",
                                    "bottom": "10",
                                    "left": "10",
                                    "isLinked": true
                                },
                                "__globals__": {
                                    "border_color": "",
                                    "background_color": "globals\/colors?id=330cf184"
                                }
                            },
                            "elements": [
                                {
                                    "id": "4304e50a",
                                    "settings": {
                                        "_column_size": 100,
                                        "_inline_size": null
                                    },
                                    "elements": [
                                        {
                                            "id": "f99ad2c",
                                            "settings": {
                                                "form_name": "New Form",
                                                "form_fields": [
                                                    {
                                                        "custom_id": "name",
                                                        "placeholder": "Name",
                                                        "width": "50",
                                                        "_id": "fbd8b75"
                                                    },
                                                    {
                                                        "custom_id": "email",
                                                        "field_type": "email",
                                                        "required": "true",
                                                        "placeholder": "Email",
                                                        "width": "50",
                                                        "_id": "27de5fc"
                                                    },
                                                    {
                                                        "custom_id": "email",
                                                        "field_type": "select",
                                                        "required": "true",
                                                        "placeholder": "Address",
                                                        "field_options": "Choose a plan\nSilver\nGold\nPlatinum",
                                                        "_id": "5bd9966"
                                                    },
                                                    {
                                                        "custom_id": "message",
                                                        "field_type": "textarea",
                                                        "placeholder": "Type your inquery",
                                                        "_id": "16fed59"
                                                    }
                                                ],
                                                "button_align": "center",
                                                "step_next_label": "Next",
                                                "step_previous_label": "Previous",
                                                "button_text": "Book Now",
                                                "email_content": "[all-fields]",
                                                "email_content_2": "[all-fields]",
                                                "success_message": "The form was sent successfully.",
                                                "error_message": "An error occured.",
                                                "required_field_message": "This field is required.",
                                                "invalid_message": "There's something wrong. The form is invalid.",
                                                "field_text_color": "#B7B5B5",
                                                "field_typography_typography": "custom",
                                                "field_typography_font_family": "Rubik",
                                                "field_typography_font_size": {
                                                    "unit": "px",
                                                    "size": 15,
                                                    "sizes": []
                                                },
                                                "field_typography_font_weight": "400",
                                                "field_border_width": {
                                                    "unit": "px",
                                                    "top": "0",
                                                    "right": "0",
                                                    "bottom": "1",
                                                    "left": "0",
                                                    "isLinked": false
                                                },
                                                "button_typography_typography": "custom",
                                                "button_typography_font_family": "Marcellus",
                                                "button_typography_font_weight": "400",
                                                "button_border_radius": {
                                                    "unit": "px",
                                                    "top": "0",
                                                    "right": "0",
                                                    "bottom": "0",
                                                    "left": "0",
                                                    "isLinked": false
                                                },
                                                "__globals__": {
                                                    "button_background_color": "globals\/colors?id=8988280",
                                                    "previous_button_background_color": "",
                                                    "field_border_color": "",
                                                    "button_background_hover_color": "globals\/colors?id=89bf120",
                                                    "button_hover_color": "globals\/colors?id=4851c0f3",
                                                    "button_typography_typography": ""
                                                },
                                                "field_border_color": "#7A7A7A",
                                                "row_gap": {
                                                    "unit": "px",
                                                    "size": 26,
                                                    "sizes": []
                                                },
                                                "label_typography_typography": "custom",
                                                "label_typography_font_family": "Rubik",
                                                "label_typography_font_size": {
                                                    "unit": "px",
                                                    "size": 15,
                                                    "sizes": []
                                                },
                                                "label_typography_font_weight": "400",
                                                "html_typography_typography": "custom",
                                                "html_typography_font_family": "Rubik",
                                                "html_typography_font_size": {
                                                    "unit": "px",
                                                    "size": 15,
                                                    "sizes": []
                                                },
                                                "html_typography_font_weight": "400",
                                                "input_size": "md",
                                                "button_size": "md",
                                                "button_text_color": "",
                                                "previous_button_text_color": ""
                                            },
                                            "elements": [],
                                            "isInner": false,
                                            "widgetType": "form",
                                            "elType": "widget"
                                        }
                                    ],
                                    "isInner": true,
                                    "elType": "column"
                                }
                            ],
                            "isInner": true,
                            "elType": "section"
                        }
                    ],
                    "isInner": false,
                    "elType": "column"
                }
            ],
            "isInner": false,
            "elType": "section"
        },
        {
            "id": "7fc26b16",
            "settings": {
                "background_background": "classic",
                "padding": {
                    "unit": "px",
                    "top": "50",
                    "right": "0",
                    "bottom": "50",
                    "left": "0",
                    "isLinked": false
                },
                "__globals__": {
                    "background_color": ""
                }
            },
            "elements": [
                {
                    "id": "4f942932",
                    "settings": {
                        "_column_size": 100,
                        "_inline_size": null
                    },
                    "elements": [
                        {
                            "id": "56c1d429",
                            "settings": {
                                "carousel": [
                                    {
                                        "id": 3491,
                                        "url": "https:\/\/swansa.mjbletters.com\/wp-content\/uploads\/2020\/10\/dummy-logo-1b.png"
                                    },
                                    {
                                        "id": 3492,
                                        "url": "https:\/\/swansa.mjbletters.com\/wp-content\/uploads\/2020\/10\/dummy-logo-2b.png"
                                    },
                                    {
                                        "id": 3493,
                                        "url": "https:\/\/swansa.mjbletters.com\/wp-content\/uploads\/2020\/10\/dummy-logo-3b.png"
                                    },
                                    {
                                        "id": 3494,
                                        "url": "https:\/\/swansa.mjbletters.com\/wp-content\/uploads\/2020\/10\/dummy-logo-4b.png"
                                    },
                                    {
                                        "id": 3495,
                                        "url": "https:\/\/swansa.mjbletters.com\/wp-content\/uploads\/2020\/10\/dummy-logo-5b.png"
                                    },
                                    {
                                        "id": 3496,
                                        "url": "https:\/\/swansa.mjbletters.com\/wp-content\/uploads\/2020\/10\/dummy-logo-6b.png"
                                    }
                                ],
                                "thumbnail_size": "tk_preview",
                                "slides_to_show": "5",
                                "navigation": "none"
                            },
                            "elements": [],
                            "isInner": false,
                            "widgetType": "image-carousel",
                            "elType": "widget"
                        }
                    ],
                    "isInner": false,
                    "elType": "column"
                }
            ],
            "isInner": false,
            "elType": "section"
        }
    ],
    "page_settings": {
        "hide_title": "yes",
        "background_background": "classic",
        "__globals__": {
            "background_color": "globals\/colors?id=4851c0f3"
        },
        "eael_ext_toc_title": "Table of Contents",
        "template": "elementor_header_footer"
    }
}