{
    "version": "0.4",
    "title": "Contact &#8211; Kunikaa Kit",
    "type": "page",
    "metadata": {
        "template_type": "single-page",
        "include_in_zip": "1",
        "elementor_pro_required": null,
        "wp_page_template": "default"
    },
    "content": [
        {
            "id": "3b306270",
            "settings": {
                "layout": "full_width",
                "height": "min-height",
                "custom_height": {
                    "unit": "px",
                    "size": 800,
                    "sizes": []
                },
                "column_position": "top",
                "stretch_section": "section-stretched",
                "background_background": "slideshow",
                "background_color": "#EBE9F45C",
                "background_color_b": "",
                "background_slideshow_gallery": [
                    {
                        "id": 1133,
                        "url": "https:\/\/templatekit.hellokuro.com\/kunikaa\/wp-content\/uploads\/2020\/10\/bg-header-1-happy-newly-married-couple-with-boho-style-bouquet-N26JKP7.jpg"
                    },
                    {
                        "id": 1134,
                        "url": "https:\/\/templatekit.hellokuro.com\/kunikaa\/wp-content\/uploads\/2020\/10\/bg-header-2-wedding-rings-PKSEZUT.jpg"
                    },
                    {
                        "id": 1136,
                        "url": "https:\/\/templatekit.hellokuro.com\/kunikaa\/wp-content\/uploads\/2020\/10\/bg-header-3-wedding-couple-at-destination-wedding-ceremony-BKX4KXJ.jpg"
                    }
                ],
                "background_slideshow_background_size": "cover",
                "background_slideshow_background_position": "top center",
                "background_slideshow_ken_burns": "yes",
                "background_overlay_background": "classic",
                "background_overlay_color": "#EBE9F4",
                "background_overlay_opacity": {
                    "unit": "px",
                    "size": 0.73,
                    "sizes": []
                },
                "margin": {
                    "unit": "px",
                    "top": "-185",
                    "right": 0,
                    "bottom": "-185",
                    "left": 0,
                    "isLinked": true
                },
                "padding": {
                    "unit": "px",
                    "top": "0",
                    "right": "0",
                    "bottom": "0",
                    "left": "0",
                    "isLinked": true
                },
                "margin_mobile": {
                    "unit": "px",
                    "top": "-209",
                    "right": 0,
                    "bottom": "0",
                    "left": 0,
                    "isLinked": false
                }
            },
            "elements": [
                {
                    "id": "2785fd27",
                    "settings": {
                        "_column_size": 100,
                        "_inline_size": null
                    },
                    "elements": [],
                    "isInner": false,
                    "elType": "column"
                }
            ],
            "isInner": false,
            "elType": "section"
        },
        {
            "id": "1859998a",
            "settings": {
                "margin": {
                    "unit": "px",
                    "top": "-490",
                    "right": 0,
                    "bottom": "0",
                    "left": 0,
                    "isLinked": false
                },
                "background_background": "classic",
                "background_overlay_background": "classic",
                "margin_mobile": {
                    "unit": "px",
                    "top": "-447",
                    "right": 0,
                    "bottom": "0",
                    "left": 0,
                    "isLinked": false
                },
                "margin_tablet": {
                    "unit": "px",
                    "top": "-488",
                    "right": 0,
                    "bottom": "0",
                    "left": 0,
                    "isLinked": false
                }
            },
            "elements": [
                {
                    "id": "72dce6be",
                    "settings": {
                        "_column_size": 100,
                        "_inline_size": null
                    },
                    "elements": [
                        {
                            "id": "76b31bb7",
                            "settings": {
                                "title": "Contact",
                                "align": "center",
                                "title_color": "#676483",
                                "typography_typography": "custom",
                                "typography_font_family": "Times New Roman",
                                "typography_font_size": {
                                    "unit": "px",
                                    "size": 75,
                                    "sizes": []
                                },
                                "typography_font_weight": "300",
                                "typography_font_size_mobile": {
                                    "unit": "px",
                                    "size": 60,
                                    "sizes": []
                                }
                            },
                            "elements": [],
                            "isInner": false,
                            "widgetType": "heading",
                            "elType": "widget"
                        },
                        {
                            "id": "78832fd6",
                            "settings": {
                                "title": "________________________",
                                "align": "center",
                                "title_color": "#7A7A7A",
                                "typography_typography": "custom",
                                "typography_font_family": "Roboto",
                                "typography_font_size": {
                                    "unit": "px",
                                    "size": 15,
                                    "sizes": []
                                },
                                "typography_font_weight": "900",
                                "typography_line_height": {
                                    "unit": "px",
                                    "size": "",
                                    "sizes": []
                                },
                                "_margin": {
                                    "unit": "px",
                                    "top": "-20",
                                    "right": "0",
                                    "bottom": "0",
                                    "left": "0",
                                    "isLinked": false
                                },
                                "_margin_tablet": {
                                    "unit": "px",
                                    "top": "0",
                                    "right": "0",
                                    "bottom": "0",
                                    "left": "0",
                                    "isLinked": false
                                }
                            },
                            "elements": [],
                            "isInner": false,
                            "widgetType": "heading",
                            "elType": "widget"
                        }
                    ],
                    "isInner": false,
                    "elType": "column"
                }
            ],
            "isInner": false,
            "elType": "section"
        },
        {
            "id": "6df8599c",
            "settings": {
                "margin": {
                    "unit": "px",
                    "top": "-50",
                    "right": 0,
                    "bottom": "46",
                    "left": 0,
                    "isLinked": false
                },
                "content_width": {
                    "unit": "px",
                    "size": 500,
                    "sizes": []
                },
                "margin_mobile": {
                    "unit": "px",
                    "top": "-112",
                    "right": 0,
                    "bottom": "0",
                    "left": 0,
                    "isLinked": false
                },
                "padding": {
                    "unit": "px",
                    "top": "0",
                    "right": "0",
                    "bottom": "20",
                    "left": "0",
                    "isLinked": false
                }
            },
            "elements": [
                {
                    "id": "3485f170",
                    "settings": {
                        "_column_size": 100,
                        "_inline_size": null
                    },
                    "elements": [
                        {
                            "id": "28350e3d",
                            "settings": {
                                "image": {
                                    "url": "https:\/\/templatekit.hellokuro.com\/kunikaa\/wp-content\/uploads\/2020\/10\/wedding-flower-unity.png",
                                    "id": 78
                                },
                                "_margin_mobile": {
                                    "unit": "px",
                                    "top": "85",
                                    "right": "0",
                                    "bottom": "0",
                                    "left": "0",
                                    "isLinked": false
                                },
                                "image_size": "full",
                                "width_tablet": {
                                    "unit": "%",
                                    "size": 79,
                                    "sizes": []
                                },
                                "width_mobile": {
                                    "unit": "%",
                                    "size": 100,
                                    "sizes": []
                                }
                            },
                            "elements": [],
                            "isInner": false,
                            "widgetType": "image",
                            "elType": "widget"
                        }
                    ],
                    "isInner": false,
                    "elType": "column"
                }
            ],
            "isInner": false,
            "elType": "section"
        },
        {
            "id": "1d823905",
            "settings": {
                "z_index": 10,
                "z_index_tablet": 10
            },
            "elements": [
                {
                    "id": "7209ecd8",
                    "settings": {
                        "_column_size": 100,
                        "_inline_size": null
                    },
                    "elements": [
                        {
                            "id": "65ca3c7f",
                            "settings": {
                                "selected_icon": {
                                    "value": "icon icon-up-arrow1",
                                    "library": "ekiticons"
                                },
                                "view": "stacked",
                                "link": {
                                    "url": "#top",
                                    "is_external": "",
                                    "nofollow": "",
                                    "custom_attributes": ""
                                },
                                "primary_color": "#67648387",
                                "size": {
                                    "unit": "px",
                                    "size": 20,
                                    "sizes": []
                                },
                                "size_tablet": {
                                    "unit": "px",
                                    "size": 16,
                                    "sizes": []
                                },
                                "size_mobile": {
                                    "unit": "px",
                                    "size": 15,
                                    "sizes": []
                                },
                                "motion_fx_motion_fx_scrolling": "yes",
                                "motion_fx_translateY_effect": "yes",
                                "motion_fx_translateY_speed": {
                                    "unit": "px",
                                    "size": 2,
                                    "sizes": []
                                },
                                "_element_width": "auto",
                                "_element_vertical_align": "flex-end",
                                "_position": "fixed",
                                "_offset_orientation_h": "end",
                                "_offset_x_end": {
                                    "unit": "px",
                                    "size": 11.4,
                                    "sizes": []
                                },
                                "_offset_orientation_v": "end",
                                "_offset_y_end": {
                                    "unit": "px",
                                    "size": 47,
                                    "sizes": []
                                },
                                "_offset_y_end_mobile": {
                                    "unit": "px",
                                    "size": 23,
                                    "sizes": []
                                }
                            },
                            "elements": [],
                            "isInner": false,
                            "widgetType": "icon",
                            "elType": "widget"
                        }
                    ],
                    "isInner": false,
                    "elType": "column"
                }
            ],
            "isInner": false,
            "elType": "section"
        },
        {
            "id": "460061a5",
            "settings": {
                "content_width": {
                    "unit": "px",
                    "size": 916,
                    "sizes": []
                },
                "box_shadow_box_shadow_type": "yes",
                "box_shadow_box_shadow": {
                    "horizontal": 0,
                    "vertical": 0,
                    "blur": 44,
                    "spread": "",
                    "color": "rgba(0,0,0,0.5)"
                },
                "margin": {
                    "unit": "px",
                    "top": "46",
                    "right": 0,
                    "bottom": "0",
                    "left": 0,
                    "isLinked": false
                },
                "margin_mobile": {
                    "unit": "px",
                    "top": "274",
                    "right": 0,
                    "bottom": "0",
                    "left": 0,
                    "isLinked": false
                },
                "z_index": 5,
                "margin_tablet": {
                    "unit": "px",
                    "top": "272",
                    "right": 0,
                    "bottom": "0",
                    "left": 0,
                    "isLinked": false
                }
            },
            "elements": [
                {
                    "id": "76ea85ac",
                    "settings": {
                        "_column_size": 100,
                        "_inline_size": 100,
                        "background_background": "classic",
                        "background_color": "#F3F1FA",
                        "box_shadow_box_shadow_type": "yes",
                        "box_shadow_box_shadow": {
                            "horizontal": 0,
                            "vertical": 0,
                            "blur": 44,
                            "spread": -14,
                            "color": "rgba(0, 0, 0, 0.5)"
                        },
                        "padding": {
                            "unit": "px",
                            "top": "80",
                            "right": "80",
                            "bottom": "155",
                            "left": "80",
                            "isLinked": false
                        }
                    },
                    "elements": [
                        {
                            "id": "52fb7b13",
                            "settings": {
                                "image": {
                                    "url": "https:\/\/templatekit.hellokuro.com\/kunikaa\/wp-content\/uploads\/2020\/10\/divider.png",
                                    "id": 84
                                },
                                "image_size": "custom",
                                "image_custom_dimension": {
                                    "width": "158",
                                    "height": "15"
                                },
                                "_margin": {
                                    "unit": "px",
                                    "top": "38",
                                    "right": "0",
                                    "bottom": "0",
                                    "left": "0",
                                    "isLinked": false
                                }
                            },
                            "elements": [],
                            "isInner": false,
                            "widgetType": "image",
                            "elType": "widget"
                        },
                        {
                            "id": "2b3c5343",
                            "settings": {
                                "title": "Get in Touch",
                                "align": "center",
                                "title_color": "#676483",
                                "typography_typography": "custom",
                                "typography_font_family": "Times New Roman",
                                "typography_font_size": {
                                    "unit": "px",
                                    "size": 61,
                                    "sizes": []
                                },
                                "typography_font_weight": "400",
                                "typography_letter_spacing": {
                                    "unit": "px",
                                    "size": -0.3,
                                    "sizes": []
                                }
                            },
                            "elements": [],
                            "isInner": false,
                            "widgetType": "heading",
                            "elType": "widget"
                        },
                        {
                            "id": "40b79c0f",
                            "settings": {
                                "editor": "<p>Lorem ipsum dolor sit amet, consectetur adipiscing elit.<br \/>Ut elit tellus, luctus nec ullamcorper mattis, pulvinar.<\/p>",
                                "align": "center",
                                "align_tablet": "center",
                                "typography_typography": "custom",
                                "typography_font_family": "Roboto",
                                "typography_font_size_mobile": {
                                    "unit": "px",
                                    "size": 15,
                                    "sizes": []
                                },
                                "typography_font_weight": "400",
                                "typography_line_height": {
                                    "unit": "px",
                                    "size": "",
                                    "sizes": []
                                },
                                "typography_letter_spacing": {
                                    "unit": "px",
                                    "size": 0.2,
                                    "sizes": []
                                },
                                "_margin": {
                                    "unit": "px",
                                    "top": "19",
                                    "right": "0",
                                    "bottom": "0",
                                    "left": "0",
                                    "isLinked": false
                                }
                            },
                            "elements": [],
                            "isInner": false,
                            "widgetType": "text-editor",
                            "elType": "widget"
                        },
                        {
                            "id": "234d81d1",
                            "settings": {
                                "form_name": "New Form",
                                "form_fields": [
                                    {
                                        "custom_id": "name",
                                        "field_label": "Name",
                                        "placeholder": "Name",
                                        "width": "50",
                                        "_id": "20c2296"
                                    },
                                    {
                                        "custom_id": "email",
                                        "field_type": "email",
                                        "required": "true",
                                        "field_label": "Email",
                                        "placeholder": "Email",
                                        "width": "50",
                                        "_id": "da47cba"
                                    },
                                    {
                                        "_id": "15fc4e3",
                                        "field_label": "Subject",
                                        "required": "true",
                                        "acceptance_text": "\nYes\n\n\nSorry, I can't come",
                                        "checked_by_default": "yes",
                                        "field_options": "0 Guest\n1 Guest\n2 Guest\n3 Guest\n4 Guest",
                                        "inline_list": "elementor-subgroup-inline",
                                        "custom_id": "field_15fc4e3",
                                        "placeholder": "Subject"
                                    },
                                    {
                                        "custom_id": "message",
                                        "field_type": "textarea",
                                        "field_label": "Message",
                                        "placeholder": "Something you say",
                                        "_id": "82c386f"
                                    }
                                ],
                                "show_labels": "",
                                "step_next_label": "Next",
                                "step_previous_label": "Previous",
                                "button_text": "SUBMIT",
                                "email_content": "[all-fields]",
                                "email_content_2": "[all-fields]",
                                "step_type": "none",
                                "step_icon_shape": "square",
                                "success_message": "The form was sent successfully.",
                                "error_message": "An error occurred.",
                                "required_field_message": "This field is required.",
                                "invalid_message": "There's something wrong. The form is invalid.",
                                "column_gap": {
                                    "unit": "px",
                                    "size": 28,
                                    "sizes": []
                                },
                                "row_gap": {
                                    "unit": "px",
                                    "size": 36,
                                    "sizes": []
                                },
                                "label_typography_typography": "custom",
                                "label_typography_font_family": "Roboto",
                                "label_typography_font_weight": "400",
                                "field_typography_typography": "custom",
                                "field_typography_font_family": "Roboto",
                                "field_typography_font_size": {
                                    "unit": "px",
                                    "size": 17,
                                    "sizes": []
                                },
                                "field_typography_font_weight": "400",
                                "field_background_color": "",
                                "field_border_width": {
                                    "unit": "px",
                                    "top": "1",
                                    "right": "1",
                                    "bottom": "1",
                                    "left": "1",
                                    "isLinked": true
                                },
                                "button_typography_typography": "custom",
                                "button_typography_font_family": "Roboto",
                                "button_typography_font_size": {
                                    "unit": "px",
                                    "size": 17,
                                    "sizes": []
                                },
                                "button_typography_font_weight": "300",
                                "button_typography_letter_spacing": {
                                    "unit": "px",
                                    "size": 7.7,
                                    "sizes": []
                                },
                                "button_background_color": "#676483",
                                "previous_button_background_color": "#676483",
                                "button_text_padding": {
                                    "unit": "px",
                                    "top": "25",
                                    "right": "25",
                                    "bottom": "25",
                                    "left": "25",
                                    "isLinked": true
                                },
                                "button_typography_font_size_mobile": {
                                    "unit": "px",
                                    "size": 10,
                                    "sizes": []
                                },
                                "button_typography_text_decoration": "none",
                                "button_background_hover_color": "#8B88A8",
                                "previous_button_background_color_hover": "#8B88A8",
                                "_margin": {
                                    "unit": "px",
                                    "top": "37",
                                    "right": "0",
                                    "bottom": "0",
                                    "left": "0",
                                    "isLinked": false
                                }
                            },
                            "elements": [],
                            "isInner": false,
                            "widgetType": "form",
                            "elType": "widget"
                        }
                    ],
                    "isInner": false,
                    "elType": "column"
                }
            ],
            "isInner": false,
            "elType": "section"
        },
        {
            "id": "5f66aba4",
            "settings": {
                "margin": {
                    "unit": "px",
                    "top": "151",
                    "right": 0,
                    "bottom": "0",
                    "left": 0,
                    "isLinked": false
                },
                "margin_tablet": {
                    "unit": "px",
                    "top": "96",
                    "right": 0,
                    "bottom": "0",
                    "left": 0,
                    "isLinked": false
                },
                "padding_mobile": {
                    "unit": "px",
                    "top": "65",
                    "right": "0",
                    "bottom": "0",
                    "left": "0",
                    "isLinked": false
                },
                "background_background": "classic",
                "background_color": "#F3F1FA"
            },
            "elements": [
                {
                    "id": "70a5c4ea",
                    "settings": {
                        "_column_size": 100,
                        "_inline_size": null,
                        "margin": {
                            "unit": "px",
                            "top": "62",
                            "right": "0",
                            "bottom": "0",
                            "left": "0",
                            "isLinked": false
                        }
                    },
                    "elements": [
                        {
                            "id": "29760b4e",
                            "settings": {
                                "image": {
                                    "url": "https:\/\/templatekit.hellokuro.com\/kunikaa\/wp-content\/uploads\/2020\/10\/divider.png",
                                    "id": 84
                                },
                                "image_size": "custom",
                                "image_custom_dimension": {
                                    "width": "158",
                                    "height": "15"
                                },
                                "_margin": {
                                    "unit": "px",
                                    "top": "63",
                                    "right": "0",
                                    "bottom": "0",
                                    "left": "0",
                                    "isLinked": false
                                },
                                "_margin_mobile": {
                                    "unit": "px",
                                    "top": "0",
                                    "right": "0",
                                    "bottom": "0",
                                    "left": "0",
                                    "isLinked": false
                                }
                            },
                            "elements": [],
                            "isInner": false,
                            "widgetType": "image",
                            "elType": "widget"
                        },
                        {
                            "id": "4a013ef3",
                            "settings": {
                                "title": "Contact Info",
                                "align": "center",
                                "title_color": "#676483",
                                "typography_typography": "custom",
                                "typography_font_family": "Times New Roman",
                                "typography_font_size": {
                                    "unit": "px",
                                    "size": 61,
                                    "sizes": []
                                },
                                "typography_font_weight": "400",
                                "typography_letter_spacing": {
                                    "unit": "px",
                                    "size": -0.3,
                                    "sizes": []
                                },
                                "typography_font_size_mobile": {
                                    "unit": "px",
                                    "size": 51,
                                    "sizes": []
                                }
                            },
                            "elements": [],
                            "isInner": false,
                            "widgetType": "heading",
                            "elType": "widget"
                        }
                    ],
                    "isInner": false,
                    "elType": "column"
                }
            ],
            "isInner": false,
            "elType": "section"
        },
        {
            "id": "7c297e1",
            "settings": {
                "structure": "60",
                "background_background": "classic",
                "background_color": "#F3F1FA",
                "margin": {
                    "unit": "px",
                    "top": "-11",
                    "right": 0,
                    "bottom": "0",
                    "left": 0,
                    "isLinked": false
                },
                "padding": {
                    "unit": "px",
                    "top": "50",
                    "right": "0",
                    "bottom": "155",
                    "left": "0",
                    "isLinked": false
                }
            },
            "elements": [
                {
                    "id": "6e671889",
                    "settings": {
                        "_column_size": 16,
                        "_inline_size": 10.384
                    },
                    "elements": [
                        {
                            "id": "3b0e1782",
                            "settings": {
                                "selected_icon": {
                                    "value": "fas fa-map-marker-alt",
                                    "library": "fa-solid"
                                },
                                "align": "right",
                                "align_mobile": "center",
                                "primary_color": "#676483",
                                "size": {
                                    "unit": "px",
                                    "size": 35,
                                    "sizes": []
                                },
                                "_margin": {
                                    "unit": "px",
                                    "top": "4",
                                    "right": "0",
                                    "bottom": "0",
                                    "left": "0",
                                    "isLinked": false
                                }
                            },
                            "elements": [],
                            "isInner": false,
                            "widgetType": "icon",
                            "elType": "widget"
                        }
                    ],
                    "isInner": false,
                    "elType": "column"
                },
                {
                    "id": "29e67bf",
                    "settings": {
                        "_column_size": 16,
                        "_inline_size": 24.509
                    },
                    "elements": [
                        {
                            "id": "62e9799a",
                            "settings": {
                                "title": "Visit Us",
                                "align": "left",
                                "title_color": "#676483",
                                "typography_typography": "custom",
                                "typography_font_family": "Times New Roman",
                                "typography_font_size": {
                                    "unit": "px",
                                    "size": 36,
                                    "sizes": []
                                },
                                "typography_font_weight": "400",
                                "typography_letter_spacing": {
                                    "unit": "px",
                                    "size": -0.3,
                                    "sizes": []
                                },
                                "align_mobile": "center"
                            },
                            "elements": [],
                            "isInner": false,
                            "widgetType": "heading",
                            "elType": "widget"
                        },
                        {
                            "id": "74f67c71",
                            "settings": {
                                "editor": "<p>Jl. Sulawesi 4456, Kanigoro,<br \/>Blitar, Jawa Timur<\/p>",
                                "align": "left",
                                "align_tablet": "left",
                                "typography_typography": "custom",
                                "typography_font_family": "Roboto",
                                "typography_font_size_mobile": {
                                    "unit": "px",
                                    "size": 12,
                                    "sizes": []
                                },
                                "typography_font_weight": "400",
                                "typography_line_height": {
                                    "unit": "px",
                                    "size": "",
                                    "sizes": []
                                },
                                "typography_letter_spacing": {
                                    "unit": "px",
                                    "size": 0.2,
                                    "sizes": []
                                },
                                "_margin": {
                                    "unit": "px",
                                    "top": "3",
                                    "right": "0",
                                    "bottom": "0",
                                    "left": "0",
                                    "isLinked": false
                                },
                                "align_mobile": "center",
                                "typography_font_size": {
                                    "unit": "px",
                                    "size": 16,
                                    "sizes": []
                                },
                                "typography_font_size_tablet": {
                                    "unit": "px",
                                    "size": 12,
                                    "sizes": []
                                }
                            },
                            "elements": [],
                            "isInner": false,
                            "widgetType": "text-editor",
                            "elType": "widget"
                        }
                    ],
                    "isInner": false,
                    "elType": "column"
                },
                {
                    "id": "2e15499b",
                    "settings": {
                        "_column_size": 16,
                        "_inline_size": 9.167
                    },
                    "elements": [
                        {
                            "id": "2ee8125",
                            "settings": {
                                "selected_icon": {
                                    "value": "fas fa-envelope",
                                    "library": "fa-solid"
                                },
                                "align": "right",
                                "align_mobile": "center",
                                "primary_color": "#676483",
                                "size": {
                                    "unit": "px",
                                    "size": 31,
                                    "sizes": []
                                },
                                "_margin": {
                                    "unit": "px",
                                    "top": "4",
                                    "right": "0",
                                    "bottom": "0",
                                    "left": "0",
                                    "isLinked": false
                                }
                            },
                            "elements": [],
                            "isInner": false,
                            "widgetType": "icon",
                            "elType": "widget"
                        }
                    ],
                    "isInner": false,
                    "elType": "column"
                },
                {
                    "id": "7adb0aea",
                    "settings": {
                        "_column_size": 16,
                        "_inline_size": 21.938
                    },
                    "elements": [
                        {
                            "id": "299d0e02",
                            "settings": {
                                "title": "Mail Us",
                                "align": "left",
                                "title_color": "#676483",
                                "typography_typography": "custom",
                                "typography_font_family": "Times New Roman",
                                "typography_font_size": {
                                    "unit": "px",
                                    "size": 36,
                                    "sizes": []
                                },
                                "typography_font_weight": "400",
                                "typography_letter_spacing": {
                                    "unit": "px",
                                    "size": -0.3,
                                    "sizes": []
                                },
                                "align_mobile": "center"
                            },
                            "elements": [],
                            "isInner": false,
                            "widgetType": "heading",
                            "elType": "widget"
                        },
                        {
                            "id": "213d9b7f",
                            "settings": {
                                "editor": "<p>anthony.jv@gmail.com<br \/>annita.bg@gmail.com<\/p>",
                                "align": "left",
                                "align_tablet": "left",
                                "typography_typography": "custom",
                                "typography_font_family": "Roboto",
                                "typography_font_size_mobile": {
                                    "unit": "px",
                                    "size": 12,
                                    "sizes": []
                                },
                                "typography_font_weight": "400",
                                "typography_line_height": {
                                    "unit": "px",
                                    "size": "",
                                    "sizes": []
                                },
                                "typography_letter_spacing": {
                                    "unit": "px",
                                    "size": 0.2,
                                    "sizes": []
                                },
                                "_margin": {
                                    "unit": "px",
                                    "top": "3",
                                    "right": "0",
                                    "bottom": "0",
                                    "left": "0",
                                    "isLinked": false
                                },
                                "align_mobile": "center",
                                "typography_font_size": {
                                    "unit": "px",
                                    "size": 16,
                                    "sizes": []
                                },
                                "typography_font_size_tablet": {
                                    "unit": "px",
                                    "size": 12,
                                    "sizes": []
                                }
                            },
                            "elements": [],
                            "isInner": false,
                            "widgetType": "text-editor",
                            "elType": "widget"
                        }
                    ],
                    "isInner": false,
                    "elType": "column"
                },
                {
                    "id": "11397a94",
                    "settings": {
                        "_column_size": 16,
                        "_inline_size": 8.887
                    },
                    "elements": [
                        {
                            "id": "5038c861",
                            "settings": {
                                "selected_icon": {
                                    "value": "fas fa-phone-alt",
                                    "library": "fa-solid"
                                },
                                "view": "stacked",
                                "align": "right",
                                "align_mobile": "center",
                                "primary_color": "#676483",
                                "size": {
                                    "unit": "px",
                                    "size": 18,
                                    "sizes": []
                                },
                                "_margin": {
                                    "unit": "px",
                                    "top": "4",
                                    "right": "0",
                                    "bottom": "0",
                                    "left": "0",
                                    "isLinked": false
                                }
                            },
                            "elements": [],
                            "isInner": false,
                            "widgetType": "icon",
                            "elType": "widget"
                        }
                    ],
                    "isInner": false,
                    "elType": "column"
                },
                {
                    "id": "fa60d38",
                    "settings": {
                        "_column_size": 16,
                        "_inline_size": 23.779
                    },
                    "elements": [
                        {
                            "id": "30d2d272",
                            "settings": {
                                "title": "Call Us",
                                "align": "left",
                                "title_color": "#676483",
                                "typography_typography": "custom",
                                "typography_font_family": "Times New Roman",
                                "typography_font_size": {
                                    "unit": "px",
                                    "size": 36,
                                    "sizes": []
                                },
                                "typography_font_weight": "400",
                                "typography_letter_spacing": {
                                    "unit": "px",
                                    "size": -0.3,
                                    "sizes": []
                                },
                                "align_mobile": "center"
                            },
                            "elements": [],
                            "isInner": false,
                            "widgetType": "heading",
                            "elType": "widget"
                        },
                        {
                            "id": "695cc697",
                            "settings": {
                                "editor": "<p>+62 3211 1111 2232<br \/>+62 3211 2222 3322<\/p>",
                                "align": "left",
                                "align_tablet": "left",
                                "typography_typography": "custom",
                                "typography_font_family": "Roboto",
                                "typography_font_size_mobile": {
                                    "unit": "px",
                                    "size": 12,
                                    "sizes": []
                                },
                                "typography_font_weight": "400",
                                "typography_line_height": {
                                    "unit": "px",
                                    "size": "",
                                    "sizes": []
                                },
                                "typography_letter_spacing": {
                                    "unit": "px",
                                    "size": 0.2,
                                    "sizes": []
                                },
                                "_margin": {
                                    "unit": "px",
                                    "top": "3",
                                    "right": "0",
                                    "bottom": "0",
                                    "left": "0",
                                    "isLinked": false
                                },
                                "align_mobile": "center",
                                "typography_font_size": {
                                    "unit": "px",
                                    "size": 16,
                                    "sizes": []
                                },
                                "typography_font_size_tablet": {
                                    "unit": "px",
                                    "size": 12,
                                    "sizes": []
                                }
                            },
                            "elements": [],
                            "isInner": false,
                            "widgetType": "text-editor",
                            "elType": "widget"
                        }
                    ],
                    "isInner": false,
                    "elType": "column"
                }
            ],
            "isInner": false,
            "elType": "section"
        }
    ],
    "page_settings": {
        "hide_title": "yes",
        "background_background": "classic",
        "background_color": "#EBE9F4"
    }
}