{
    "version": "0.4",
    "title": "Events &#8211; Kunikaa Kit",
    "type": "page",
    "metadata": {
        "template_type": "single-page",
        "include_in_zip": "1",
        "elementor_pro_required": null,
        "wp_page_template": "default"
    },
    "content": [
        {
            "id": "32f27dac",
            "settings": {
                "layout": "full_width",
                "height": "min-height",
                "custom_height": {
                    "unit": "px",
                    "size": 800,
                    "sizes": []
                },
                "column_position": "top",
                "stretch_section": "section-stretched",
                "background_background": "slideshow",
                "background_color": "#EBE9F45C",
                "background_color_b": "",
                "background_slideshow_gallery": [
                    {
                        "id": 1133,
                        "url": "https:\/\/templatekit.hellokuro.com\/kunikaa\/wp-content\/uploads\/2020\/10\/bg-header-1-happy-newly-married-couple-with-boho-style-bouquet-N26JKP7.jpg"
                    },
                    {
                        "id": 1134,
                        "url": "https:\/\/templatekit.hellokuro.com\/kunikaa\/wp-content\/uploads\/2020\/10\/bg-header-2-wedding-rings-PKSEZUT.jpg"
                    },
                    {
                        "id": 1136,
                        "url": "https:\/\/templatekit.hellokuro.com\/kunikaa\/wp-content\/uploads\/2020\/10\/bg-header-3-wedding-couple-at-destination-wedding-ceremony-BKX4KXJ.jpg"
                    }
                ],
                "background_slideshow_background_size": "cover",
                "background_slideshow_background_position": "top center",
                "background_slideshow_ken_burns": "yes",
                "background_overlay_background": "classic",
                "background_overlay_color": "#EBE9F4",
                "background_overlay_opacity": {
                    "unit": "px",
                    "size": 0.73,
                    "sizes": []
                },
                "margin": {
                    "unit": "px",
                    "top": "-185",
                    "right": 0,
                    "bottom": "-185",
                    "left": 0,
                    "isLinked": true
                },
                "padding": {
                    "unit": "px",
                    "top": "0",
                    "right": "0",
                    "bottom": "0",
                    "left": "0",
                    "isLinked": true
                },
                "margin_mobile": {
                    "unit": "px",
                    "top": "-209",
                    "right": 0,
                    "bottom": "0",
                    "left": 0,
                    "isLinked": false
                }
            },
            "elements": [
                {
                    "id": "deaa6",
                    "settings": {
                        "_column_size": 100,
                        "_inline_size": null
                    },
                    "elements": [],
                    "isInner": false,
                    "elType": "column"
                }
            ],
            "isInner": false,
            "elType": "section"
        },
        {
            "id": "6e97b236",
            "settings": {
                "margin": {
                    "unit": "px",
                    "top": "-477",
                    "right": 0,
                    "bottom": "0",
                    "left": 0,
                    "isLinked": false
                },
                "background_background": "classic",
                "background_overlay_background": "classic",
                "margin_mobile": {
                    "unit": "px",
                    "top": "-447",
                    "right": 0,
                    "bottom": "0",
                    "left": 0,
                    "isLinked": false
                },
                "margin_tablet": {
                    "unit": "px",
                    "top": "-488",
                    "right": 0,
                    "bottom": "0",
                    "left": 0,
                    "isLinked": false
                }
            },
            "elements": [
                {
                    "id": "42e602b7",
                    "settings": {
                        "_column_size": 100,
                        "_inline_size": null
                    },
                    "elements": [
                        {
                            "id": "37b1b688",
                            "settings": {
                                "title": "Our Events",
                                "align": "center",
                                "title_color": "#676483",
                                "typography_typography": "custom",
                                "typography_font_family": "Times New Roman",
                                "typography_font_size": {
                                    "unit": "px",
                                    "size": 75,
                                    "sizes": []
                                },
                                "typography_font_weight": "300",
                                "typography_font_size_mobile": {
                                    "unit": "px",
                                    "size": 60,
                                    "sizes": []
                                }
                            },
                            "elements": [],
                            "isInner": false,
                            "widgetType": "heading",
                            "elType": "widget"
                        },
                        {
                            "id": "40bd5fe8",
                            "settings": {
                                "title": "________________________",
                                "align": "center",
                                "title_color": "#7A7A7A",
                                "typography_typography": "custom",
                                "typography_font_family": "Roboto",
                                "typography_font_size": {
                                    "unit": "px",
                                    "size": 15,
                                    "sizes": []
                                },
                                "typography_font_weight": "900",
                                "typography_line_height": {
                                    "unit": "px",
                                    "size": "",
                                    "sizes": []
                                },
                                "_margin": {
                                    "unit": "px",
                                    "top": "-20",
                                    "right": "0",
                                    "bottom": "0",
                                    "left": "0",
                                    "isLinked": false
                                },
                                "_margin_tablet": {
                                    "unit": "px",
                                    "top": "0",
                                    "right": "0",
                                    "bottom": "0",
                                    "left": "0",
                                    "isLinked": false
                                }
                            },
                            "elements": [],
                            "isInner": false,
                            "widgetType": "heading",
                            "elType": "widget"
                        }
                    ],
                    "isInner": false,
                    "elType": "column"
                }
            ],
            "isInner": false,
            "elType": "section"
        },
        {
            "id": "155eafeb",
            "settings": {
                "margin": {
                    "unit": "px",
                    "top": "-50",
                    "right": 0,
                    "bottom": "46",
                    "left": 0,
                    "isLinked": false
                },
                "content_width": {
                    "unit": "px",
                    "size": 500,
                    "sizes": []
                },
                "margin_mobile": {
                    "unit": "px",
                    "top": "-112",
                    "right": 0,
                    "bottom": "0",
                    "left": 0,
                    "isLinked": false
                },
                "padding": {
                    "unit": "px",
                    "top": "0",
                    "right": "0",
                    "bottom": "20",
                    "left": "0",
                    "isLinked": false
                }
            },
            "elements": [
                {
                    "id": "30e8fe14",
                    "settings": {
                        "_column_size": 100,
                        "_inline_size": null
                    },
                    "elements": [
                        {
                            "id": "7632afc",
                            "settings": {
                                "image": {
                                    "url": "https:\/\/templatekit.hellokuro.com\/kunikaa\/wp-content\/uploads\/2020\/10\/wedding-flower-unity.png",
                                    "id": 78
                                },
                                "_margin_mobile": {
                                    "unit": "px",
                                    "top": "85",
                                    "right": "0",
                                    "bottom": "0",
                                    "left": "0",
                                    "isLinked": false
                                },
                                "image_size": "full",
                                "width_tablet": {
                                    "unit": "%",
                                    "size": 79,
                                    "sizes": []
                                },
                                "width_mobile": {
                                    "unit": "%",
                                    "size": 100,
                                    "sizes": []
                                }
                            },
                            "elements": [],
                            "isInner": false,
                            "widgetType": "image",
                            "elType": "widget"
                        }
                    ],
                    "isInner": false,
                    "elType": "column"
                }
            ],
            "isInner": false,
            "elType": "section"
        },
        {
            "id": "5903708c",
            "settings": {
                "z_index": 10,
                "z_index_tablet": 10
            },
            "elements": [
                {
                    "id": "8d1b620",
                    "settings": {
                        "_column_size": 100,
                        "_inline_size": null
                    },
                    "elements": [
                        {
                            "id": "4d1d1bc4",
                            "settings": {
                                "selected_icon": {
                                    "value": "icon icon-up-arrow1",
                                    "library": "ekiticons"
                                },
                                "view": "stacked",
                                "link": {
                                    "url": "#top",
                                    "is_external": "",
                                    "nofollow": "",
                                    "custom_attributes": ""
                                },
                                "primary_color": "#67648387",
                                "size": {
                                    "unit": "px",
                                    "size": 20,
                                    "sizes": []
                                },
                                "size_tablet": {
                                    "unit": "px",
                                    "size": 16,
                                    "sizes": []
                                },
                                "size_mobile": {
                                    "unit": "px",
                                    "size": 15,
                                    "sizes": []
                                },
                                "motion_fx_motion_fx_scrolling": "yes",
                                "motion_fx_translateY_effect": "yes",
                                "motion_fx_translateY_speed": {
                                    "unit": "px",
                                    "size": 2,
                                    "sizes": []
                                },
                                "_element_width": "auto",
                                "_element_vertical_align": "flex-end",
                                "_position": "fixed",
                                "_offset_orientation_h": "end",
                                "_offset_x_end": {
                                    "unit": "px",
                                    "size": 11.4,
                                    "sizes": []
                                },
                                "_offset_orientation_v": "end",
                                "_offset_y_end": {
                                    "unit": "px",
                                    "size": 47,
                                    "sizes": []
                                },
                                "_offset_y_end_mobile": {
                                    "unit": "px",
                                    "size": 23,
                                    "sizes": []
                                }
                            },
                            "elements": [],
                            "isInner": false,
                            "widgetType": "icon",
                            "elType": "widget"
                        }
                    ],
                    "isInner": false,
                    "elType": "column"
                }
            ],
            "isInner": false,
            "elType": "section"
        },
        {
            "id": "1e04d3d4",
            "settings": {
                "margin": {
                    "unit": "px",
                    "top": "343",
                    "right": 0,
                    "bottom": "0",
                    "left": 0,
                    "isLinked": false
                },
                "margin_tablet": {
                    "unit": "px",
                    "top": "295",
                    "right": 0,
                    "bottom": "0",
                    "left": 0,
                    "isLinked": false
                },
                "margin_mobile": {
                    "unit": "px",
                    "top": "295",
                    "right": 0,
                    "bottom": "0",
                    "left": 0,
                    "isLinked": false
                }
            },
            "elements": [
                {
                    "id": "1afbc927",
                    "settings": {
                        "_column_size": 100,
                        "_inline_size": null
                    },
                    "elements": [
                        {
                            "id": "27e60e11",
                            "settings": {
                                "structure": "30",
                                "background_background": "classic",
                                "background_color": "#F3F1FA",
                                "box_shadow_box_shadow_type": "yes",
                                "box_shadow_box_shadow": {
                                    "horizontal": 0,
                                    "vertical": 0,
                                    "blur": 44,
                                    "spread": -14,
                                    "color": "rgba(0,0,0,0.5)"
                                },
                                "margin_mobile": {
                                    "unit": "px",
                                    "top": "49",
                                    "right": 0,
                                    "bottom": "0",
                                    "left": 0,
                                    "isLinked": false
                                },
                                "padding": {
                                    "unit": "px",
                                    "top": "93",
                                    "right": "0",
                                    "bottom": "93",
                                    "left": "0",
                                    "isLinked": false
                                }
                            },
                            "elements": [
                                {
                                    "id": "38e73c41",
                                    "settings": {
                                        "_column_size": 33,
                                        "_inline_size": 45
                                    },
                                    "elements": [
                                        {
                                            "id": "6fdcffb7",
                                            "settings": {
                                                "title": "The Ceremony",
                                                "align": "center",
                                                "title_color": "#676483",
                                                "typography_typography": "custom",
                                                "typography_font_family": "Satisfy",
                                                "typography_font_size": {
                                                    "unit": "px",
                                                    "size": 45,
                                                    "sizes": []
                                                },
                                                "typography_font_weight": "400",
                                                "typography_letter_spacing": {
                                                    "unit": "px",
                                                    "size": -0.3,
                                                    "sizes": []
                                                }
                                            },
                                            "elements": [],
                                            "isInner": false,
                                            "widgetType": "heading",
                                            "elType": "widget"
                                        },
                                        {
                                            "id": "12f55f9",
                                            "settings": {
                                                "title": "30 Sept 2021 | 10 AM - 12 PM",
                                                "align": "center",
                                                "title_color": "#7A7A7A",
                                                "typography_typography": "custom",
                                                "typography_font_family": "Times New Roman",
                                                "typography_font_size": {
                                                    "unit": "px",
                                                    "size": 16,
                                                    "sizes": []
                                                },
                                                "typography_font_weight": "400",
                                                "typography_letter_spacing": {
                                                    "unit": "px",
                                                    "size": 0.1,
                                                    "sizes": []
                                                },
                                                "_margin": {
                                                    "unit": "px",
                                                    "top": "-10",
                                                    "right": "0",
                                                    "bottom": "0",
                                                    "left": "0",
                                                    "isLinked": false
                                                }
                                            },
                                            "elements": [],
                                            "isInner": false,
                                            "widgetType": "heading",
                                            "elType": "widget"
                                        },
                                        {
                                            "id": "24124e04",
                                            "settings": {
                                                "title": "ADDRESS",
                                                "align": "center",
                                                "title_color": "#676483",
                                                "typography_typography": "custom",
                                                "typography_font_family": "Times New Roman",
                                                "typography_font_size": {
                                                    "unit": "px",
                                                    "size": 20,
                                                    "sizes": []
                                                },
                                                "typography_font_weight": "700",
                                                "typography_letter_spacing": {
                                                    "unit": "px",
                                                    "size": 0.1,
                                                    "sizes": []
                                                },
                                                "_margin": {
                                                    "unit": "px",
                                                    "top": "20",
                                                    "right": "0",
                                                    "bottom": "0",
                                                    "left": "0",
                                                    "isLinked": false
                                                }
                                            },
                                            "elements": [],
                                            "isInner": false,
                                            "widgetType": "heading",
                                            "elType": "widget"
                                        },
                                        {
                                            "id": "4e3d800e",
                                            "settings": {
                                                "editor": "<p>Jl. Cempaka 2882, Tegalsari<br \/>Surabaya, Jawa Timur<\/p>",
                                                "align": "center",
                                                "typography_typography": "custom",
                                                "typography_font_family": "Times New Roman",
                                                "typography_font_size": {
                                                    "unit": "px",
                                                    "size": 20,
                                                    "sizes": []
                                                },
                                                "typography_font_weight": "400",
                                                "_margin": {
                                                    "unit": "px",
                                                    "top": "-10",
                                                    "right": "0",
                                                    "bottom": "0",
                                                    "left": "0",
                                                    "isLinked": false
                                                }
                                            },
                                            "elements": [],
                                            "isInner": false,
                                            "widgetType": "text-editor",
                                            "elType": "widget"
                                        }
                                    ],
                                    "isInner": true,
                                    "elType": "column"
                                },
                                {
                                    "id": "4caa7e6e",
                                    "settings": {
                                        "_column_size": 33,
                                        "_inline_size": 9.332
                                    },
                                    "elements": [
                                        {
                                            "id": "472b848d",
                                            "settings": {
                                                "selected_icon": {
                                                    "value": "fas fa-dove",
                                                    "library": "fa-solid"
                                                },
                                                "view": "framed",
                                                "primary_color": "#676483",
                                                "size": {
                                                    "unit": "px",
                                                    "size": 30,
                                                    "sizes": []
                                                },
                                                "_margin": {
                                                    "unit": "px",
                                                    "top": "70",
                                                    "right": "0",
                                                    "bottom": "70",
                                                    "left": "0",
                                                    "isLinked": false
                                                }
                                            },
                                            "elements": [],
                                            "isInner": false,
                                            "widgetType": "icon",
                                            "elType": "widget"
                                        }
                                    ],
                                    "isInner": true,
                                    "elType": "column"
                                },
                                {
                                    "id": "5bc90f8a",
                                    "settings": {
                                        "_column_size": 33,
                                        "_inline_size": 45
                                    },
                                    "elements": [
                                        {
                                            "id": "677785de",
                                            "settings": {
                                                "title": "The Reception",
                                                "align": "center",
                                                "title_color": "#676483",
                                                "typography_typography": "custom",
                                                "typography_font_family": "Satisfy",
                                                "typography_font_size": {
                                                    "unit": "px",
                                                    "size": 45,
                                                    "sizes": []
                                                },
                                                "typography_font_weight": "400",
                                                "typography_letter_spacing": {
                                                    "unit": "px",
                                                    "size": -0.3,
                                                    "sizes": []
                                                }
                                            },
                                            "elements": [],
                                            "isInner": false,
                                            "widgetType": "heading",
                                            "elType": "widget"
                                        },
                                        {
                                            "id": "772604a",
                                            "settings": {
                                                "title": "30 Sept 2021 | 06 PM - 09 PM",
                                                "align": "center",
                                                "title_color": "#7A7A7A",
                                                "typography_typography": "custom",
                                                "typography_font_family": "Times New Roman",
                                                "typography_font_size": {
                                                    "unit": "px",
                                                    "size": 16,
                                                    "sizes": []
                                                },
                                                "typography_font_weight": "400",
                                                "typography_letter_spacing": {
                                                    "unit": "px",
                                                    "size": 0.1,
                                                    "sizes": []
                                                },
                                                "_margin": {
                                                    "unit": "px",
                                                    "top": "-10",
                                                    "right": "0",
                                                    "bottom": "0",
                                                    "left": "0",
                                                    "isLinked": false
                                                }
                                            },
                                            "elements": [],
                                            "isInner": false,
                                            "widgetType": "heading",
                                            "elType": "widget"
                                        },
                                        {
                                            "id": "90675d7",
                                            "settings": {
                                                "title": "ADDRESS",
                                                "align": "center",
                                                "title_color": "#676483",
                                                "typography_typography": "custom",
                                                "typography_font_family": "Times New Roman",
                                                "typography_font_size": {
                                                    "unit": "px",
                                                    "size": 20,
                                                    "sizes": []
                                                },
                                                "typography_font_weight": "700",
                                                "typography_letter_spacing": {
                                                    "unit": "px",
                                                    "size": 0.1,
                                                    "sizes": []
                                                },
                                                "_margin": {
                                                    "unit": "px",
                                                    "top": "20",
                                                    "right": "0",
                                                    "bottom": "0",
                                                    "left": "0",
                                                    "isLinked": false
                                                }
                                            },
                                            "elements": [],
                                            "isInner": false,
                                            "widgetType": "heading",
                                            "elType": "widget"
                                        },
                                        {
                                            "id": "42d27f78",
                                            "settings": {
                                                "editor": "<p>Jl. Mayjend Sungkono 212,<br \/>Surabaya, Jawa Timur<\/p>",
                                                "align": "center",
                                                "typography_typography": "custom",
                                                "typography_font_family": "Times New Roman",
                                                "typography_font_size": {
                                                    "unit": "px",
                                                    "size": 20,
                                                    "sizes": []
                                                },
                                                "typography_font_weight": "400",
                                                "_margin": {
                                                    "unit": "px",
                                                    "top": "-10",
                                                    "right": "0",
                                                    "bottom": "0",
                                                    "left": "0",
                                                    "isLinked": false
                                                }
                                            },
                                            "elements": [],
                                            "isInner": false,
                                            "widgetType": "text-editor",
                                            "elType": "widget"
                                        }
                                    ],
                                    "isInner": true,
                                    "elType": "column"
                                }
                            ],
                            "isInner": true,
                            "elType": "section"
                        }
                    ],
                    "isInner": false,
                    "elType": "column"
                }
            ],
            "isInner": false,
            "elType": "section"
        },
        {
            "id": "2272fa85",
            "settings": {
                "margin": {
                    "unit": "px",
                    "top": "109",
                    "right": 0,
                    "bottom": "0",
                    "left": 0,
                    "isLinked": false
                },
                "margin_tablet": {
                    "unit": "px",
                    "top": "82",
                    "right": 0,
                    "bottom": "0",
                    "left": 0,
                    "isLinked": false
                },
                "padding_mobile": {
                    "unit": "px",
                    "top": "32",
                    "right": "0",
                    "bottom": "0",
                    "left": "0",
                    "isLinked": false
                },
                "background_background": "classic"
            },
            "elements": [
                {
                    "id": "22b78607",
                    "settings": {
                        "_column_size": 100,
                        "_inline_size": null
                    },
                    "elements": [
                        {
                            "id": "66482a50",
                            "settings": {
                                "image": {
                                    "url": "https:\/\/templatekit.hellokuro.com\/kunikaa\/wp-content\/uploads\/2020\/10\/divider.png",
                                    "id": 84
                                },
                                "image_size": "custom",
                                "image_custom_dimension": {
                                    "width": "158",
                                    "height": "15"
                                }
                            },
                            "elements": [],
                            "isInner": false,
                            "widgetType": "image",
                            "elType": "widget"
                        },
                        {
                            "id": "18b6c1c3",
                            "settings": {
                                "structure": "20",
                                "margin": {
                                    "unit": "px",
                                    "top": "121",
                                    "right": 0,
                                    "bottom": "0",
                                    "left": 0,
                                    "isLinked": false
                                },
                                "margin_mobile": {
                                    "unit": "px",
                                    "top": "102",
                                    "right": 0,
                                    "bottom": "0",
                                    "left": 0,
                                    "isLinked": false
                                },
                                "z_index": 1
                            },
                            "elements": [
                                {
                                    "id": "6220ba48",
                                    "settings": {
                                        "_column_size": 50,
                                        "_inline_size": null
                                    },
                                    "elements": [
                                        {
                                            "id": "51a5dcc5",
                                            "settings": {
                                                "image": {
                                                    "url": "https:\/\/templatekit.hellokuro.com\/kunikaa\/wp-content\/uploads\/2020\/10\/events-photo-1-new.jpg",
                                                    "id": 1432
                                                },
                                                "image_size": "full",
                                                "image_custom_dimension": {
                                                    "width": "440",
                                                    "height": "535"
                                                }
                                            },
                                            "elements": [],
                                            "isInner": false,
                                            "widgetType": "image",
                                            "elType": "widget"
                                        },
                                        {
                                            "id": "448b490d",
                                            "settings": {
                                                "image": {
                                                    "url": "https:\/\/templatekit.hellokuro.com\/kunikaa\/wp-content\/uploads\/2020\/10\/events-frame.png",
                                                    "id": 560
                                                },
                                                "image_size": "medium_large",
                                                "image_custom_dimension": {
                                                    "width": "400",
                                                    "height": "399"
                                                },
                                                "_margin": {
                                                    "unit": "px",
                                                    "top": "-392",
                                                    "right": "0",
                                                    "bottom": "0",
                                                    "left": "0",
                                                    "isLinked": false
                                                },
                                                "_margin_tablet": {
                                                    "unit": "px",
                                                    "top": "-390",
                                                    "right": "0",
                                                    "bottom": "0",
                                                    "left": "0",
                                                    "isLinked": false
                                                },
                                                "_margin_mobile": {
                                                    "unit": "px",
                                                    "top": "-364",
                                                    "right": "0",
                                                    "bottom": "0",
                                                    "left": "0",
                                                    "isLinked": false
                                                },
                                                "hide_tablet": "hidden-tablet",
                                                "hide_mobile": "hidden-phone"
                                            },
                                            "elements": [],
                                            "isInner": false,
                                            "widgetType": "image",
                                            "elType": "widget"
                                        }
                                    ],
                                    "isInner": true,
                                    "elType": "column"
                                },
                                {
                                    "id": "75ad503f",
                                    "settings": {
                                        "_column_size": 50,
                                        "_inline_size": null,
                                        "content_position": "center",
                                        "align": "center",
                                        "padding": {
                                            "unit": "px",
                                            "top": "53",
                                            "right": "0",
                                            "bottom": "0",
                                            "left": "0",
                                            "isLinked": false
                                        },
                                        "padding_tablet": {
                                            "unit": "px",
                                            "top": "42",
                                            "right": "0",
                                            "bottom": "0",
                                            "left": "7",
                                            "isLinked": false
                                        }
                                    },
                                    "elements": [
                                        {
                                            "id": "7d51bdfc",
                                            "settings": {
                                                "title": "The Ceremony",
                                                "align": "left",
                                                "title_color": "#676483",
                                                "typography_typography": "custom",
                                                "typography_font_family": "Satisfy",
                                                "typography_font_size": {
                                                    "unit": "px",
                                                    "size": 59,
                                                    "sizes": []
                                                },
                                                "typography_font_weight": "400",
                                                "typography_letter_spacing": {
                                                    "unit": "px",
                                                    "size": -0.3,
                                                    "sizes": []
                                                },
                                                "typography_font_size_mobile": {
                                                    "unit": "px",
                                                    "size": 47,
                                                    "sizes": []
                                                },
                                                "align_mobile": "center"
                                            },
                                            "elements": [],
                                            "isInner": false,
                                            "widgetType": "heading",
                                            "elType": "widget"
                                        },
                                        {
                                            "id": "109d59d8",
                                            "settings": {
                                                "title": "30 Sept 2021 | 10 AM - 12 PM",
                                                "align": "left",
                                                "title_color": "#7A7A7A",
                                                "typography_typography": "custom",
                                                "typography_font_family": "Times New Roman",
                                                "typography_font_size": {
                                                    "unit": "px",
                                                    "size": 19,
                                                    "sizes": []
                                                },
                                                "typography_font_weight": "400",
                                                "typography_letter_spacing": {
                                                    "unit": "px",
                                                    "size": 0.9,
                                                    "sizes": []
                                                },
                                                "_margin": {
                                                    "unit": "px",
                                                    "top": "-10",
                                                    "right": "0",
                                                    "bottom": "0",
                                                    "left": "0",
                                                    "isLinked": false
                                                },
                                                "typography_font_size_mobile": {
                                                    "unit": "px",
                                                    "size": 12,
                                                    "sizes": []
                                                },
                                                "typography_font_size_tablet": {
                                                    "unit": "px",
                                                    "size": 12,
                                                    "sizes": []
                                                },
                                                "_margin_mobile": {
                                                    "unit": "px",
                                                    "top": "0",
                                                    "right": "0",
                                                    "bottom": "0",
                                                    "left": "0",
                                                    "isLinked": false
                                                },
                                                "align_mobile": "center"
                                            },
                                            "elements": [],
                                            "isInner": false,
                                            "widgetType": "heading",
                                            "elType": "widget"
                                        },
                                        {
                                            "id": "625f4ed0",
                                            "settings": {
                                                "editor": "<p>Lorem ipsum dolor sit amet, consectetur adipiscing elit, sed<br \/>eiusmod tempor incididunt ut labore et dolore magna alua. <br \/>Ut enim ad minim veniam, quis nostrud exercitation <br \/>ullamco laboris nisi ut aliquip ex eamco<br \/>commodo consequat.<\/p>",
                                                "align": "left",
                                                "typography_typography": "custom",
                                                "typography_font_family": "Times New Roman",
                                                "typography_font_size": {
                                                    "unit": "px",
                                                    "size": 20,
                                                    "sizes": []
                                                },
                                                "typography_font_weight": "400",
                                                "_margin": {
                                                    "unit": "px",
                                                    "top": "44",
                                                    "right": "0",
                                                    "bottom": "0",
                                                    "left": "0",
                                                    "isLinked": false
                                                },
                                                "typography_font_size_mobile": {
                                                    "unit": "px",
                                                    "size": 12,
                                                    "sizes": []
                                                },
                                                "typography_font_size_tablet": {
                                                    "unit": "px",
                                                    "size": 13,
                                                    "sizes": []
                                                },
                                                "align_mobile": "center",
                                                "typography_line_height": {
                                                    "unit": "px",
                                                    "size": "",
                                                    "sizes": []
                                                },
                                                "_margin_mobile": {
                                                    "unit": "px",
                                                    "top": "0",
                                                    "right": "0",
                                                    "bottom": "0",
                                                    "left": "0",
                                                    "isLinked": false
                                                },
                                                "_padding": {
                                                    "unit": "px",
                                                    "top": "64",
                                                    "right": "0",
                                                    "bottom": "0",
                                                    "left": "0",
                                                    "isLinked": false
                                                },
                                                "_padding_tablet": {
                                                    "unit": "px",
                                                    "top": "53",
                                                    "right": "0",
                                                    "bottom": "0",
                                                    "left": "0",
                                                    "isLinked": false
                                                }
                                            },
                                            "elements": [],
                                            "isInner": false,
                                            "widgetType": "text-editor",
                                            "elType": "widget"
                                        }
                                    ],
                                    "isInner": true,
                                    "elType": "column"
                                }
                            ],
                            "isInner": true,
                            "elType": "section"
                        }
                    ],
                    "isInner": false,
                    "elType": "column"
                }
            ],
            "isInner": false,
            "elType": "section"
        },
        {
            "id": "3363a1c7",
            "settings": {
                "background_background": "classic",
                "background_color": "#F3F1FA",
                "background_overlay_background": "classic",
                "background_overlay_color": "#F3F1FA",
                "margin": {
                    "unit": "px",
                    "top": "-246",
                    "right": 0,
                    "bottom": "0",
                    "left": 0,
                    "isLinked": false
                },
                "margin_tablet": {
                    "unit": "px",
                    "top": "-205",
                    "right": 0,
                    "bottom": "0",
                    "left": 0,
                    "isLinked": false
                },
                "margin_mobile": {
                    "unit": "px",
                    "top": "-500",
                    "right": 0,
                    "bottom": "0",
                    "left": 0,
                    "isLinked": false
                },
                "padding": {
                    "unit": "px",
                    "top": "0",
                    "right": "0",
                    "bottom": "308",
                    "left": "0",
                    "isLinked": false
                },
                "padding_tablet": {
                    "unit": "px",
                    "top": "0",
                    "right": "0",
                    "bottom": "225",
                    "left": "0",
                    "isLinked": false
                },
                "padding_mobile": {
                    "unit": "px",
                    "top": "0",
                    "right": "0",
                    "bottom": "560",
                    "left": "0",
                    "isLinked": false
                }
            },
            "elements": [
                {
                    "id": "636740ef",
                    "settings": {
                        "_column_size": 100,
                        "_inline_size": null,
                        "padding": {
                            "unit": "px",
                            "top": "0",
                            "right": "0",
                            "bottom": "0",
                            "left": "0",
                            "isLinked": false
                        }
                    },
                    "elements": [
                        {
                            "id": "4a8d66d8",
                            "settings": {
                                "structure": "20",
                                "margin": {
                                    "unit": "px",
                                    "top": "0",
                                    "right": 0,
                                    "bottom": "0",
                                    "left": 0,
                                    "isLinked": false
                                },
                                "padding": {
                                    "unit": "px",
                                    "top": "0",
                                    "right": "0",
                                    "bottom": "0",
                                    "left": "0",
                                    "isLinked": false
                                }
                            },
                            "elements": [
                                {
                                    "id": "c8e945b",
                                    "settings": {
                                        "_column_size": 50,
                                        "_inline_size": 20
                                    },
                                    "elements": [],
                                    "isInner": true,
                                    "elType": "column"
                                },
                                {
                                    "id": "43cd6d02",
                                    "settings": {
                                        "_column_size": 50,
                                        "_inline_size": 80,
                                        "background_background": "classic",
                                        "background_overlay_background": "classic",
                                        "background_overlay_color": "#F3F1FA",
                                        "margin": {
                                            "unit": "px",
                                            "top": "0",
                                            "right": "0",
                                            "bottom": "74",
                                            "left": "0",
                                            "isLinked": false
                                        },
                                        "padding": {
                                            "unit": "px",
                                            "top": "0",
                                            "right": "0",
                                            "bottom": "454",
                                            "left": "0",
                                            "isLinked": false
                                        }
                                    },
                                    "elements": [],
                                    "isInner": true,
                                    "elType": "column"
                                }
                            ],
                            "isInner": true,
                            "elType": "section"
                        }
                    ],
                    "isInner": false,
                    "elType": "column"
                }
            ],
            "isInner": false,
            "elType": "section"
        },
        {
            "id": "656945be",
            "settings": {
                "margin": {
                    "unit": "px",
                    "top": "85",
                    "right": 0,
                    "bottom": "0",
                    "left": 0,
                    "isLinked": false
                },
                "margin_tablet": {
                    "unit": "px",
                    "top": "63",
                    "right": 0,
                    "bottom": "0",
                    "left": 0,
                    "isLinked": false
                },
                "padding_mobile": {
                    "unit": "px",
                    "top": "65",
                    "right": "0",
                    "bottom": "0",
                    "left": "0",
                    "isLinked": false
                },
                "background_background": "classic"
            },
            "elements": [
                {
                    "id": "61167e76",
                    "settings": {
                        "_column_size": 100,
                        "_inline_size": null
                    },
                    "elements": [
                        {
                            "id": "6398276a",
                            "settings": {
                                "structure": "20",
                                "margin": {
                                    "unit": "px",
                                    "top": "0",
                                    "right": 0,
                                    "bottom": "0",
                                    "left": 0,
                                    "isLinked": false
                                },
                                "margin_mobile": {
                                    "unit": "px",
                                    "top": "24",
                                    "right": 0,
                                    "bottom": "0",
                                    "left": 0,
                                    "isLinked": false
                                },
                                "z_index": 1
                            },
                            "elements": [
                                {
                                    "id": "2b341af1",
                                    "settings": {
                                        "_column_size": 50,
                                        "_inline_size": null
                                    },
                                    "elements": [
                                        {
                                            "id": "23f8f436",
                                            "settings": {
                                                "image": {
                                                    "url": "https:\/\/templatekit.hellokuro.com\/kunikaa\/wp-content\/uploads\/2020\/10\/events-photo-2-new.jpg",
                                                    "id": 1434
                                                },
                                                "image_size": "full",
                                                "image_custom_dimension": {
                                                    "width": "440",
                                                    "height": "535"
                                                }
                                            },
                                            "elements": [],
                                            "isInner": false,
                                            "widgetType": "image",
                                            "elType": "widget"
                                        },
                                        {
                                            "id": "5475d2f5",
                                            "settings": {
                                                "image": {
                                                    "url": "https:\/\/templatekit.hellokuro.com\/kunikaa\/wp-content\/uploads\/2020\/10\/events-frame.png",
                                                    "id": 560
                                                },
                                                "image_size": "medium_large",
                                                "image_custom_dimension": {
                                                    "width": "400",
                                                    "height": "399"
                                                },
                                                "_margin": {
                                                    "unit": "px",
                                                    "top": "-392",
                                                    "right": "0",
                                                    "bottom": "0",
                                                    "left": "0",
                                                    "isLinked": false
                                                },
                                                "_margin_tablet": {
                                                    "unit": "px",
                                                    "top": "-390",
                                                    "right": "0",
                                                    "bottom": "0",
                                                    "left": "0",
                                                    "isLinked": false
                                                },
                                                "_margin_mobile": {
                                                    "unit": "px",
                                                    "top": "-364",
                                                    "right": "0",
                                                    "bottom": "0",
                                                    "left": "0",
                                                    "isLinked": false
                                                },
                                                "hide_tablet": "hidden-tablet",
                                                "hide_mobile": "hidden-phone"
                                            },
                                            "elements": [],
                                            "isInner": false,
                                            "widgetType": "image",
                                            "elType": "widget"
                                        }
                                    ],
                                    "isInner": true,
                                    "elType": "column"
                                },
                                {
                                    "id": "7608954d",
                                    "settings": {
                                        "_column_size": 50,
                                        "_inline_size": null,
                                        "content_position": "center",
                                        "align": "center",
                                        "padding": {
                                            "unit": "px",
                                            "top": "53",
                                            "right": "0",
                                            "bottom": "0",
                                            "left": "0",
                                            "isLinked": false
                                        },
                                        "padding_tablet": {
                                            "unit": "px",
                                            "top": "42",
                                            "right": "0",
                                            "bottom": "0",
                                            "left": "7",
                                            "isLinked": false
                                        }
                                    },
                                    "elements": [
                                        {
                                            "id": "2f8d7c24",
                                            "settings": {
                                                "title": "The Reception",
                                                "align": "left",
                                                "title_color": "#676483",
                                                "typography_typography": "custom",
                                                "typography_font_family": "Satisfy",
                                                "typography_font_size": {
                                                    "unit": "px",
                                                    "size": 59,
                                                    "sizes": []
                                                },
                                                "typography_font_weight": "400",
                                                "typography_letter_spacing": {
                                                    "unit": "px",
                                                    "size": -0.3,
                                                    "sizes": []
                                                },
                                                "typography_font_size_mobile": {
                                                    "unit": "px",
                                                    "size": 47,
                                                    "sizes": []
                                                },
                                                "align_mobile": "center"
                                            },
                                            "elements": [],
                                            "isInner": false,
                                            "widgetType": "heading",
                                            "elType": "widget"
                                        },
                                        {
                                            "id": "5af34fce",
                                            "settings": {
                                                "title": "30 Sept 2021 | 06 PM - 09 PM",
                                                "align": "left",
                                                "title_color": "#7A7A7A",
                                                "typography_typography": "custom",
                                                "typography_font_family": "Times New Roman",
                                                "typography_font_size": {
                                                    "unit": "px",
                                                    "size": 19,
                                                    "sizes": []
                                                },
                                                "typography_font_weight": "400",
                                                "typography_letter_spacing": {
                                                    "unit": "px",
                                                    "size": 0.9,
                                                    "sizes": []
                                                },
                                                "_margin": {
                                                    "unit": "px",
                                                    "top": "-10",
                                                    "right": "0",
                                                    "bottom": "0",
                                                    "left": "0",
                                                    "isLinked": false
                                                },
                                                "typography_font_size_mobile": {
                                                    "unit": "px",
                                                    "size": 12,
                                                    "sizes": []
                                                },
                                                "typography_font_size_tablet": {
                                                    "unit": "px",
                                                    "size": 12,
                                                    "sizes": []
                                                },
                                                "_margin_mobile": {
                                                    "unit": "px",
                                                    "top": "0",
                                                    "right": "0",
                                                    "bottom": "0",
                                                    "left": "0",
                                                    "isLinked": false
                                                },
                                                "align_mobile": "center"
                                            },
                                            "elements": [],
                                            "isInner": false,
                                            "widgetType": "heading",
                                            "elType": "widget"
                                        },
                                        {
                                            "id": "16980ac0",
                                            "settings": {
                                                "editor": "<p>Lorem ipsum dolor sit amet, consectetur adipiscing elit, sed<br \/>eiusmod tempor incididunt ut labore et dolore magna alua. <br \/>Ut enim ad minim veniam, quis nostrud exercitation <br \/>ullamco laboris nisi ut aliquip ex eamco<br \/>commodo consequat.<\/p>",
                                                "align": "left",
                                                "typography_typography": "custom",
                                                "typography_font_family": "Times New Roman",
                                                "typography_font_size": {
                                                    "unit": "px",
                                                    "size": 20,
                                                    "sizes": []
                                                },
                                                "typography_font_weight": "400",
                                                "_margin": {
                                                    "unit": "px",
                                                    "top": "44",
                                                    "right": "0",
                                                    "bottom": "0",
                                                    "left": "0",
                                                    "isLinked": false
                                                },
                                                "typography_font_size_mobile": {
                                                    "unit": "px",
                                                    "size": 12,
                                                    "sizes": []
                                                },
                                                "typography_font_size_tablet": {
                                                    "unit": "px",
                                                    "size": 13,
                                                    "sizes": []
                                                },
                                                "align_mobile": "center",
                                                "typography_line_height": {
                                                    "unit": "px",
                                                    "size": "",
                                                    "sizes": []
                                                },
                                                "_margin_mobile": {
                                                    "unit": "px",
                                                    "top": "0",
                                                    "right": "0",
                                                    "bottom": "0",
                                                    "left": "0",
                                                    "isLinked": false
                                                },
                                                "_padding": {
                                                    "unit": "px",
                                                    "top": "64",
                                                    "right": "0",
                                                    "bottom": "0",
                                                    "left": "0",
                                                    "isLinked": false
                                                },
                                                "_padding_tablet": {
                                                    "unit": "px",
                                                    "top": "53",
                                                    "right": "0",
                                                    "bottom": "0",
                                                    "left": "0",
                                                    "isLinked": false
                                                }
                                            },
                                            "elements": [],
                                            "isInner": false,
                                            "widgetType": "text-editor",
                                            "elType": "widget"
                                        }
                                    ],
                                    "isInner": true,
                                    "elType": "column"
                                }
                            ],
                            "isInner": true,
                            "elType": "section"
                        }
                    ],
                    "isInner": false,
                    "elType": "column"
                }
            ],
            "isInner": false,
            "elType": "section"
        },
        {
            "id": "5b69bd2d",
            "settings": {
                "background_background": "classic",
                "background_color": "#F3F1FA",
                "background_overlay_background": "classic",
                "background_overlay_color": "#F3F1FA",
                "margin": {
                    "unit": "px",
                    "top": "-250",
                    "right": 0,
                    "bottom": "0",
                    "left": 0,
                    "isLinked": false
                },
                "margin_tablet": {
                    "unit": "px",
                    "top": "-202",
                    "right": 0,
                    "bottom": "0",
                    "left": 0,
                    "isLinked": false
                },
                "margin_mobile": {
                    "unit": "px",
                    "top": "-500",
                    "right": 0,
                    "bottom": "0",
                    "left": 0,
                    "isLinked": false
                },
                "padding": {
                    "unit": "px",
                    "top": "0",
                    "right": "0",
                    "bottom": "308",
                    "left": "0",
                    "isLinked": false
                },
                "padding_tablet": {
                    "unit": "px",
                    "top": "0",
                    "right": "0",
                    "bottom": "225",
                    "left": "0",
                    "isLinked": false
                },
                "padding_mobile": {
                    "unit": "px",
                    "top": "0",
                    "right": "0",
                    "bottom": "560",
                    "left": "0",
                    "isLinked": false
                }
            },
            "elements": [
                {
                    "id": "4c8d9c55",
                    "settings": {
                        "_column_size": 100,
                        "_inline_size": null,
                        "padding": {
                            "unit": "px",
                            "top": "0",
                            "right": "0",
                            "bottom": "0",
                            "left": "0",
                            "isLinked": false
                        }
                    },
                    "elements": [
                        {
                            "id": "25ffae94",
                            "settings": {
                                "structure": "20",
                                "margin": {
                                    "unit": "px",
                                    "top": "0",
                                    "right": 0,
                                    "bottom": "0",
                                    "left": 0,
                                    "isLinked": false
                                },
                                "padding": {
                                    "unit": "px",
                                    "top": "0",
                                    "right": "0",
                                    "bottom": "0",
                                    "left": "0",
                                    "isLinked": false
                                }
                            },
                            "elements": [
                                {
                                    "id": "266db7da",
                                    "settings": {
                                        "_column_size": 50,
                                        "_inline_size": 20
                                    },
                                    "elements": [],
                                    "isInner": true,
                                    "elType": "column"
                                },
                                {
                                    "id": "67b6899c",
                                    "settings": {
                                        "_column_size": 50,
                                        "_inline_size": 80,
                                        "background_background": "classic",
                                        "background_overlay_background": "classic",
                                        "background_overlay_color": "#F3F1FA",
                                        "margin": {
                                            "unit": "px",
                                            "top": "0",
                                            "right": "0",
                                            "bottom": "74",
                                            "left": "0",
                                            "isLinked": false
                                        },
                                        "padding": {
                                            "unit": "px",
                                            "top": "0",
                                            "right": "0",
                                            "bottom": "454",
                                            "left": "0",
                                            "isLinked": false
                                        }
                                    },
                                    "elements": [],
                                    "isInner": true,
                                    "elType": "column"
                                }
                            ],
                            "isInner": true,
                            "elType": "section"
                        }
                    ],
                    "isInner": false,
                    "elType": "column"
                }
            ],
            "isInner": false,
            "elType": "section"
        },
        {
            "id": "29682b57",
            "settings": {
                "margin": {
                    "unit": "px",
                    "top": "142",
                    "right": 0,
                    "bottom": "0",
                    "left": 0,
                    "isLinked": false
                },
                "margin_mobile": {
                    "unit": "px",
                    "top": "80",
                    "right": 0,
                    "bottom": "0",
                    "left": 0,
                    "isLinked": false
                }
            },
            "elements": [
                {
                    "id": "107bccd7",
                    "settings": {
                        "_column_size": 100,
                        "_inline_size": null
                    },
                    "elements": [
                        {
                            "id": "52f710c3",
                            "settings": {
                                "text": "RSVP",
                                "align": "center",
                                "typography_typography": "custom",
                                "typography_font_family": "Roboto",
                                "typography_font_size": {
                                    "unit": "px",
                                    "size": 20,
                                    "sizes": []
                                },
                                "typography_font_size_tablet": {
                                    "unit": "px",
                                    "size": 18,
                                    "sizes": []
                                },
                                "typography_font_size_mobile": {
                                    "unit": "px",
                                    "size": 10,
                                    "sizes": []
                                },
                                "typography_font_weight": "300",
                                "typography_letter_spacing": {
                                    "unit": "px",
                                    "size": 3.7,
                                    "sizes": []
                                },
                                "background_color": "#676483",
                                "button_background_hover_color": "#8B88A8",
                                "text_padding": {
                                    "unit": "px",
                                    "top": "37",
                                    "right": "150",
                                    "bottom": "37",
                                    "left": "150",
                                    "isLinked": false
                                },
                                "size": "lg",
                                "link": {
                                    "url": "https:\/\/templatekit.hellokuro.com\/kunikaa\/rsvp\/",
                                    "is_external": "",
                                    "nofollow": "",
                                    "custom_attributes": ""
                                }
                            },
                            "elements": [],
                            "isInner": false,
                            "widgetType": "button",
                            "elType": "widget"
                        }
                    ],
                    "isInner": false,
                    "elType": "column"
                }
            ],
            "isInner": false,
            "elType": "section"
        }
    ],
    "page_settings": {
        "hide_title": "yes",
        "background_background": "classic",
        "background_color": "#EBE9F4"
    }
}