{
    "version": "0.4",
    "title": "Footer &#8211; Kunikaa Kit",
    "type": "footer",
    "metadata": {
        "template_type": "section-footer",
        "include_in_zip": "1",
        "elementor_pro_required": "1",
        "elementor_library_type": "footer",
        "elementor_pro_conditions": [
            "include\/general"
        ],
        "additional_template_information": [
            "This is a \"Footer\" template for Elementor Pro.",
            "This template will display on: Entire Site."
        ],
        "wp_page_template": "default"
    },
    "content": [
        {
            "id": "26396d5",
            "settings": {
                "margin": {
                    "unit": "px",
                    "top": "120",
                    "right": 0,
                    "bottom": "0",
                    "left": 0,
                    "isLinked": false
                },
                "margin_tablet": {
                    "unit": "px",
                    "top": "95",
                    "right": 0,
                    "bottom": "0",
                    "left": 0,
                    "isLinked": false
                },
                "margin_mobile": {
                    "unit": "px",
                    "top": "75",
                    "right": 0,
                    "bottom": "0",
                    "left": 0,
                    "isLinked": false
                },
                "padding": {
                    "unit": "px",
                    "top": "90",
                    "right": "0",
                    "bottom": "47",
                    "left": "0",
                    "isLinked": false
                },
                "content_position": "bottom",
                "background_background": "classic",
                "background_color": "#EBE9F4"
            },
            "elements": [
                {
                    "id": "5e319406",
                    "settings": {
                        "_column_size": 100,
                        "_inline_size": null
                    },
                    "elements": [
                        {
                            "id": "336435f5",
                            "settings": {
                                "social_icon_list": [
                                    {
                                        "social_icon": {
                                            "value": "fab fa-instagram",
                                            "library": "fa-brands"
                                        },
                                        "_id": "359cd84",
                                        "item_icon_color": "custom",
                                        "item_icon_primary_color": "#FFFFFF00",
                                        "item_icon_secondary_color": "#676483",
                                        "link": {
                                            "url": "https:\/\/www.instagram.com\/",
                                            "is_external": "true",
                                            "nofollow": "",
                                            "custom_attributes": ""
                                        }
                                    },
                                    {
                                        "social_icon": {
                                            "value": "fab fa-facebook",
                                            "library": "fa-brands"
                                        },
                                        "_id": "700dae4",
                                        "item_icon_color": "custom",
                                        "item_icon_primary_color": "#FFFFFF00",
                                        "item_icon_secondary_color": "#676483",
                                        "link": {
                                            "url": "https:\/\/www.facebook.com\/",
                                            "is_external": "true",
                                            "nofollow": "",
                                            "custom_attributes": ""
                                        }
                                    },
                                    {
                                        "social_icon": {
                                            "value": "fab fa-twitter",
                                            "library": "fa-brands"
                                        },
                                        "_id": "65ad0ae",
                                        "item_icon_color": "custom",
                                        "item_icon_primary_color": "#02010100",
                                        "item_icon_secondary_color": "#676483",
                                        "link": {
                                            "url": "https:\/\/www.twitter.com\/",
                                            "is_external": "true",
                                            "nofollow": "",
                                            "custom_attributes": ""
                                        }
                                    }
                                ],
                                "shape": "circle",
                                "icon_size_mobile": {
                                    "unit": "px",
                                    "size": 19,
                                    "sizes": []
                                },
                                "hover_animation": "push",
                                "_z_index": 2
                            },
                            "elements": [],
                            "isInner": false,
                            "widgetType": "social-icons",
                            "elType": "widget"
                        },
                        {
                            "id": "ec4f7e1",
                            "settings": {
                                "title": "Anthony &amp;Annita",
                                "align": "center",
                                "title_color": "#676483",
                                "typography_typography": "custom",
                                "typography_font_family": "Alex Brush",
                                "typography_font_size": {
                                    "unit": "px",
                                    "size": 57,
                                    "sizes": []
                                },
                                "typography_font_weight": "400",
                                "typography_font_size_mobile": {
                                    "unit": "px",
                                    "size": 41,
                                    "sizes": []
                                },
                                "_margin": {
                                    "unit": "px",
                                    "top": "-9",
                                    "right": "0",
                                    "bottom": "0",
                                    "left": "0",
                                    "isLinked": false
                                }
                            },
                            "elements": [],
                            "isInner": false,
                            "widgetType": "heading",
                            "elType": "widget"
                        },
                        {
                            "id": "74e059bd",
                            "settings": {
                                "title": "THE WEDDING DAY",
                                "align": "center",
                                "title_color": "#7A7A7A",
                                "typography_typography": "custom",
                                "typography_font_family": "Roboto",
                                "typography_font_size": {
                                    "unit": "px",
                                    "size": 15,
                                    "sizes": []
                                },
                                "typography_font_weight": "400",
                                "typography_letter_spacing": {
                                    "unit": "px",
                                    "size": 6.2,
                                    "sizes": []
                                },
                                "typography_font_size_tablet": {
                                    "unit": "px",
                                    "size": 11,
                                    "sizes": []
                                },
                                "typography_font_size_mobile": {
                                    "unit": "px",
                                    "size": 10,
                                    "sizes": []
                                },
                                "_margin": {
                                    "unit": "px",
                                    "top": "-16",
                                    "right": "0",
                                    "bottom": "0",
                                    "left": "0",
                                    "isLinked": false
                                }
                            },
                            "elements": [],
                            "isInner": false,
                            "widgetType": "heading",
                            "elType": "widget"
                        },
                        {
                            "id": "7b6e361b",
                            "settings": {
                                "image": {
                                    "url": "https:\/\/templatekit.hellokuro.com\/kunikaa\/wp-content\/uploads\/2020\/10\/footer-flower-1.png",
                                    "id": 182
                                },
                                "image_size": "medium_large",
                                "_margin": {
                                    "unit": "px",
                                    "top": "-149",
                                    "right": "0",
                                    "bottom": "0",
                                    "left": "0",
                                    "isLinked": false
                                },
                                "_margin_mobile": {
                                    "unit": "px",
                                    "top": "-82",
                                    "right": "0",
                                    "bottom": "0",
                                    "left": "0",
                                    "isLinked": false
                                }
                            },
                            "elements": [],
                            "isInner": false,
                            "widgetType": "image",
                            "elType": "widget"
                        }
                    ],
                    "isInner": false,
                    "elType": "column"
                }
            ],
            "isInner": false,
            "elType": "section"
        },
        {
            "id": "3e6382a9",
            "settings": {
                "background_background": "classic",
                "background_color": "#676483",
                "margin": {
                    "unit": "px",
                    "top": "-13",
                    "right": 0,
                    "bottom": "0",
                    "left": 0,
                    "isLinked": false
                },
                "margin_mobile": {
                    "unit": "px",
                    "top": "54",
                    "right": 0,
                    "bottom": "0",
                    "left": 0,
                    "isLinked": false
                },
                "padding": {
                    "unit": "px",
                    "top": "46",
                    "right": "0",
                    "bottom": "18",
                    "left": "0",
                    "isLinked": false
                }
            },
            "elements": [
                {
                    "id": "52bf61ba",
                    "settings": {
                        "_column_size": 100,
                        "_inline_size": null
                    },
                    "elements": [
                        {
                            "id": "6a3595f7",
                            "settings": {
                                "editor": "<p>\u00a92020, <strong>Kunikaa<\/strong> Kit. Made with Love by <strong>Hellokuro<\/strong><\/p>",
                                "align": "center",
                                "align_tablet": "center",
                                "text_color": "#EBE9F4",
                                "typography_typography": "custom",
                                "typography_font_family": "Roboto",
                                "typography_font_size": {
                                    "unit": "px",
                                    "size": 16,
                                    "sizes": []
                                },
                                "typography_font_size_mobile": {
                                    "unit": "px",
                                    "size": 12,
                                    "sizes": []
                                },
                                "typography_font_weight": "300",
                                "typography_line_height": {
                                    "unit": "px",
                                    "size": "",
                                    "sizes": []
                                },
                                "typography_letter_spacing": {
                                    "unit": "px",
                                    "size": 0.4,
                                    "sizes": []
                                },
                                "_margin": {
                                    "unit": "px",
                                    "top": "0",
                                    "right": "0",
                                    "bottom": "0",
                                    "left": "0",
                                    "isLinked": false
                                }
                            },
                            "elements": [],
                            "isInner": false,
                            "widgetType": "text-editor",
                            "elType": "widget"
                        }
                    ],
                    "isInner": false,
                    "elType": "column"
                }
            ],
            "isInner": false,
            "elType": "section"
        }
    ],
    "page_settings": {
        "background_background": "classic",
        "background_color": "#EBE9F4"
    }
}