{
    "version": "0.4",
    "title": "Gallery &#8211; Kunikaa Kit",
    "type": "page",
    "metadata": {
        "template_type": "single-page",
        "include_in_zip": "1",
        "elementor_pro_required": null,
        "wp_page_template": "default"
    },
    "content": [
        {
            "id": "77791cd",
            "settings": {
                "layout": "full_width",
                "height": "min-height",
                "custom_height": {
                    "unit": "px",
                    "size": 800,
                    "sizes": []
                },
                "column_position": "top",
                "stretch_section": "section-stretched",
                "background_background": "slideshow",
                "background_color": "#EBE9F45C",
                "background_color_b": "",
                "background_slideshow_gallery": [
                    {
                        "id": 1133,
                        "url": "https:\/\/templatekit.hellokuro.com\/kunikaa\/wp-content\/uploads\/2020\/10\/bg-header-1-happy-newly-married-couple-with-boho-style-bouquet-N26JKP7.jpg"
                    },
                    {
                        "id": 1134,
                        "url": "https:\/\/templatekit.hellokuro.com\/kunikaa\/wp-content\/uploads\/2020\/10\/bg-header-2-wedding-rings-PKSEZUT.jpg"
                    },
                    {
                        "id": 1136,
                        "url": "https:\/\/templatekit.hellokuro.com\/kunikaa\/wp-content\/uploads\/2020\/10\/bg-header-3-wedding-couple-at-destination-wedding-ceremony-BKX4KXJ.jpg"
                    }
                ],
                "background_slideshow_background_size": "cover",
                "background_slideshow_background_position": "top center",
                "background_slideshow_ken_burns": "yes",
                "background_overlay_background": "classic",
                "background_overlay_color": "#EBE9F4",
                "background_overlay_opacity": {
                    "unit": "px",
                    "size": 0.73,
                    "sizes": []
                },
                "margin": {
                    "unit": "px",
                    "top": "-185",
                    "right": 0,
                    "bottom": "-185",
                    "left": 0,
                    "isLinked": true
                },
                "padding": {
                    "unit": "px",
                    "top": "0",
                    "right": "0",
                    "bottom": "0",
                    "left": "0",
                    "isLinked": true
                },
                "margin_mobile": {
                    "unit": "px",
                    "top": "-209",
                    "right": 0,
                    "bottom": "0",
                    "left": 0,
                    "isLinked": false
                }
            },
            "elements": [
                {
                    "id": "a48ec88",
                    "settings": {
                        "_column_size": 100,
                        "_inline_size": null
                    },
                    "elements": [],
                    "isInner": false,
                    "elType": "column"
                }
            ],
            "isInner": false,
            "elType": "section"
        },
        {
            "id": "4b72ecca",
            "settings": {
                "margin": {
                    "unit": "px",
                    "top": "-477",
                    "right": 0,
                    "bottom": "0",
                    "left": 0,
                    "isLinked": false
                },
                "background_background": "classic",
                "background_overlay_background": "classic",
                "margin_mobile": {
                    "unit": "px",
                    "top": "-447",
                    "right": 0,
                    "bottom": "0",
                    "left": 0,
                    "isLinked": false
                },
                "margin_tablet": {
                    "unit": "px",
                    "top": "-465",
                    "right": 0,
                    "bottom": "0",
                    "left": 0,
                    "isLinked": false
                }
            },
            "elements": [
                {
                    "id": "784a6b24",
                    "settings": {
                        "_column_size": 100,
                        "_inline_size": null
                    },
                    "elements": [
                        {
                            "id": "66b0368b",
                            "settings": {
                                "title": "Our Gallery",
                                "align": "center",
                                "title_color": "#676483",
                                "typography_typography": "custom",
                                "typography_font_family": "Times New Roman",
                                "typography_font_size": {
                                    "unit": "px",
                                    "size": 75,
                                    "sizes": []
                                },
                                "typography_font_weight": "300",
                                "typography_font_size_mobile": {
                                    "unit": "px",
                                    "size": 47,
                                    "sizes": []
                                }
                            },
                            "elements": [],
                            "isInner": false,
                            "widgetType": "heading",
                            "elType": "widget"
                        },
                        {
                            "id": "fe461e7",
                            "settings": {
                                "title": "________________________",
                                "align": "center",
                                "title_color": "#7A7A7A",
                                "typography_typography": "custom",
                                "typography_font_family": "Roboto",
                                "typography_font_size": {
                                    "unit": "px",
                                    "size": 15,
                                    "sizes": []
                                },
                                "typography_font_weight": "900",
                                "typography_line_height": {
                                    "unit": "px",
                                    "size": "",
                                    "sizes": []
                                },
                                "_margin": {
                                    "unit": "px",
                                    "top": "-20",
                                    "right": "0",
                                    "bottom": "0",
                                    "left": "0",
                                    "isLinked": false
                                },
                                "_margin_tablet": {
                                    "unit": "px",
                                    "top": "0",
                                    "right": "0",
                                    "bottom": "0",
                                    "left": "0",
                                    "isLinked": false
                                }
                            },
                            "elements": [],
                            "isInner": false,
                            "widgetType": "heading",
                            "elType": "widget"
                        }
                    ],
                    "isInner": false,
                    "elType": "column"
                }
            ],
            "isInner": false,
            "elType": "section"
        },
        {
            "id": "3d131b8b",
            "settings": {
                "margin": {
                    "unit": "px",
                    "top": "-50",
                    "right": 0,
                    "bottom": "46",
                    "left": 0,
                    "isLinked": false
                },
                "content_width": {
                    "unit": "px",
                    "size": 500,
                    "sizes": []
                },
                "margin_mobile": {
                    "unit": "px",
                    "top": "-112",
                    "right": 0,
                    "bottom": "0",
                    "left": 0,
                    "isLinked": false
                },
                "margin_tablet": {
                    "unit": "px",
                    "top": "-30",
                    "right": 0,
                    "bottom": "0",
                    "left": 0,
                    "isLinked": false
                },
                "padding": {
                    "unit": "px",
                    "top": "0",
                    "right": "0",
                    "bottom": "20",
                    "left": "0",
                    "isLinked": false
                }
            },
            "elements": [
                {
                    "id": "6e16be29",
                    "settings": {
                        "_column_size": 100,
                        "_inline_size": null
                    },
                    "elements": [
                        {
                            "id": "46d078e7",
                            "settings": {
                                "image": {
                                    "url": "https:\/\/templatekit.hellokuro.com\/kunikaa\/wp-content\/uploads\/2020\/10\/wedding-flower-unity.png",
                                    "id": 78
                                },
                                "_margin_mobile": {
                                    "unit": "px",
                                    "top": "85",
                                    "right": "0",
                                    "bottom": "0",
                                    "left": "0",
                                    "isLinked": false
                                },
                                "image_size": "full",
                                "width_tablet": {
                                    "unit": "%",
                                    "size": 79,
                                    "sizes": []
                                },
                                "width_mobile": {
                                    "unit": "%",
                                    "size": 100,
                                    "sizes": []
                                }
                            },
                            "elements": [],
                            "isInner": false,
                            "widgetType": "image",
                            "elType": "widget"
                        }
                    ],
                    "isInner": false,
                    "elType": "column"
                }
            ],
            "isInner": false,
            "elType": "section"
        },
        {
            "id": "73d0ee93",
            "settings": {
                "z_index": 10,
                "z_index_tablet": 10
            },
            "elements": [
                {
                    "id": "44d1507a",
                    "settings": {
                        "_column_size": 100,
                        "_inline_size": null
                    },
                    "elements": [
                        {
                            "id": "30e1dcb9",
                            "settings": {
                                "selected_icon": {
                                    "value": "icon icon-up-arrow1",
                                    "library": "ekiticons"
                                },
                                "view": "stacked",
                                "link": {
                                    "url": "#top",
                                    "is_external": "",
                                    "nofollow": "",
                                    "custom_attributes": ""
                                },
                                "primary_color": "#67648387",
                                "size": {
                                    "unit": "px",
                                    "size": 20,
                                    "sizes": []
                                },
                                "size_tablet": {
                                    "unit": "px",
                                    "size": 16,
                                    "sizes": []
                                },
                                "size_mobile": {
                                    "unit": "px",
                                    "size": 15,
                                    "sizes": []
                                },
                                "motion_fx_motion_fx_scrolling": "yes",
                                "motion_fx_translateY_effect": "yes",
                                "motion_fx_translateY_speed": {
                                    "unit": "px",
                                    "size": 2,
                                    "sizes": []
                                },
                                "_element_width": "auto",
                                "_element_vertical_align": "flex-end",
                                "_position": "fixed",
                                "_offset_orientation_h": "end",
                                "_offset_x_end": {
                                    "unit": "px",
                                    "size": 11.4,
                                    "sizes": []
                                },
                                "_offset_orientation_v": "end",
                                "_offset_y_end": {
                                    "unit": "px",
                                    "size": 47,
                                    "sizes": []
                                },
                                "_offset_y_end_mobile": {
                                    "unit": "px",
                                    "size": 23,
                                    "sizes": []
                                }
                            },
                            "elements": [],
                            "isInner": false,
                            "widgetType": "icon",
                            "elType": "widget"
                        }
                    ],
                    "isInner": false,
                    "elType": "column"
                }
            ],
            "isInner": false,
            "elType": "section"
        },
        {
            "id": "64cdfd5a",
            "settings": {
                "background_background": "classic",
                "margin": {
                    "unit": "px",
                    "top": "242",
                    "right": 0,
                    "bottom": "0",
                    "left": 0,
                    "isLinked": false
                },
                "margin_tablet": {
                    "unit": "px",
                    "top": "246",
                    "right": 0,
                    "bottom": "0",
                    "left": 0,
                    "isLinked": false
                },
                "margin_mobile": {
                    "unit": "px",
                    "top": "270",
                    "right": 0,
                    "bottom": "0",
                    "left": 0,
                    "isLinked": false
                }
            },
            "elements": [
                {
                    "id": "5377828c",
                    "settings": {
                        "_column_size": 100,
                        "_inline_size": null,
                        "margin": {
                            "unit": "px",
                            "top": "68",
                            "right": "0",
                            "bottom": "0",
                            "left": "0",
                            "isLinked": false
                        }
                    },
                    "elements": [
                        {
                            "id": "16885236",
                            "settings": {
                                "image": {
                                    "url": "https:\/\/templatekit.hellokuro.com\/kunikaa\/wp-content\/uploads\/2020\/10\/divider.png",
                                    "id": 84
                                },
                                "image_size": "custom",
                                "image_custom_dimension": {
                                    "width": "158",
                                    "height": "15"
                                },
                                "align": "center"
                            },
                            "elements": [],
                            "isInner": false,
                            "widgetType": "image",
                            "elType": "widget"
                        }
                    ],
                    "isInner": false,
                    "elType": "column"
                }
            ],
            "isInner": false,
            "elType": "section"
        },
        {
            "id": "40dae5b9",
            "settings": {
                "margin": {
                    "unit": "px",
                    "top": "52",
                    "right": 0,
                    "bottom": "0",
                    "left": 0,
                    "isLinked": false
                },
                "margin_tablet": {
                    "unit": "px",
                    "top": "31",
                    "right": 0,
                    "bottom": "0",
                    "left": 0,
                    "isLinked": false
                },
                "margin_mobile": {
                    "unit": "px",
                    "top": "21",
                    "right": 0,
                    "bottom": "0",
                    "left": 0,
                    "isLinked": false
                }
            },
            "elements": [
                {
                    "id": "1809bbb5",
                    "settings": {
                        "_column_size": 100,
                        "_inline_size": null
                    },
                    "elements": [
                        {
                            "id": "35b329cb",
                            "settings": {
                                "gallery": [
                                    {
                                        "id": 1513,
                                        "url": "https:\/\/templatekit.hellokuro.com\/kunikaa\/wp-content\/uploads\/2020\/10\/gallery-photo-1-happy-newly-married-couple-near-lake-S9CHVC8.jpg"
                                    },
                                    {
                                        "id": 1514,
                                        "url": "https:\/\/templatekit.hellokuro.com\/kunikaa\/wp-content\/uploads\/2020\/10\/gallery-photo-2-happy-newly-married-couple-smiling-bride-brunette-WFWSTSH.jpg"
                                    },
                                    {
                                        "id": 1273,
                                        "url": "https:\/\/templatekit.hellokuro.com\/kunikaa\/wp-content\/uploads\/2020\/10\/our-story-photo-2-happy-newly-married-couple-smiling-bride-brunette-XCG2QSC.jpg"
                                    },
                                    {
                                        "id": 1516,
                                        "url": "https:\/\/templatekit.hellokuro.com\/kunikaa\/wp-content\/uploads\/2020\/10\/gallery-photo-4-happy-newly-married-couple-smiling-bride-brunette-9XAT8AS.jpg"
                                    },
                                    {
                                        "id": 1271,
                                        "url": "https:\/\/templatekit.hellokuro.com\/kunikaa\/wp-content\/uploads\/2020\/10\/our-story-photo-1-happy-newly-married-couple-8RV6PMP.jpg"
                                    },
                                    {
                                        "id": 1517,
                                        "url": "https:\/\/templatekit.hellokuro.com\/kunikaa\/wp-content\/uploads\/2020\/10\/gallery-photo-6-happy-newly-married-couple-FWHVTK8.jpg"
                                    },
                                    {
                                        "id": 1518,
                                        "url": "https:\/\/templatekit.hellokuro.com\/kunikaa\/wp-content\/uploads\/2020\/10\/gallery-photo-7-happy-newly-married-kissing-couple-smiling-bride-b-ZC33727.jpg"
                                    },
                                    {
                                        "id": 1519,
                                        "url": "https:\/\/templatekit.hellokuro.com\/kunikaa\/wp-content\/uploads\/2020\/10\/gallery-photo-8-happy-newly-married-couple-PBBW7ZV.jpg"
                                    },
                                    {
                                        "id": 1275,
                                        "url": "https:\/\/templatekit.hellokuro.com\/kunikaa\/wp-content\/uploads\/2020\/10\/our-story-photo-3-happy-newly-married-couple-E3K77L8.jpg"
                                    },
                                    {
                                        "id": 1520,
                                        "url": "https:\/\/templatekit.hellokuro.com\/kunikaa\/wp-content\/uploads\/2020\/10\/gallery-photo-10-happy-newly-married-couple-5HFJJUM.jpg"
                                    },
                                    {
                                        "id": 1521,
                                        "url": "https:\/\/templatekit.hellokuro.com\/kunikaa\/wp-content\/uploads\/2020\/10\/gallery-photo-11-happy-newly-married-couple-near-lake-NP8VCJD.jpg"
                                    },
                                    {
                                        "id": 1133,
                                        "url": "https:\/\/templatekit.hellokuro.com\/kunikaa\/wp-content\/uploads\/2020\/10\/bg-header-1-happy-newly-married-couple-with-boho-style-bouquet-N26JKP7.jpg"
                                    }
                                ],
                                "galleries": [
                                    {
                                        "gallery_title": "New Gallery",
                                        "_id": "43ef419"
                                    }
                                ],
                                "columns": 3,
                                "gap": {
                                    "unit": "px",
                                    "size": 31,
                                    "sizes": []
                                },
                                "aspect_ratio": "4:3",
                                "show_all_galleries_label": "All"
                            },
                            "elements": [],
                            "isInner": false,
                            "widgetType": "gallery",
                            "elType": "widget"
                        }
                    ],
                    "isInner": false,
                    "elType": "column"
                }
            ],
            "isInner": false,
            "elType": "section"
        },
        {
            "id": "dbbda5a",
            "settings": {
                "background_background": "classic",
                "margin": {
                    "unit": "px",
                    "top": "-3",
                    "right": 0,
                    "bottom": "0",
                    "left": 0,
                    "isLinked": false
                },
                "margin_tablet": {
                    "unit": "px",
                    "top": "-16",
                    "right": 0,
                    "bottom": "0",
                    "left": 0,
                    "isLinked": false
                },
                "margin_mobile": {
                    "unit": "px",
                    "top": "-31",
                    "right": 0,
                    "bottom": "0",
                    "left": 0,
                    "isLinked": false
                }
            },
            "elements": [
                {
                    "id": "17e639fa",
                    "settings": {
                        "_column_size": 100,
                        "_inline_size": null,
                        "margin": {
                            "unit": "px",
                            "top": "68",
                            "right": "0",
                            "bottom": "0",
                            "left": "0",
                            "isLinked": false
                        }
                    },
                    "elements": [
                        {
                            "id": "21c9f094",
                            "settings": {
                                "image": {
                                    "url": "https:\/\/templatekit.hellokuro.com\/kunikaa\/wp-content\/uploads\/2020\/10\/divider.png",
                                    "id": 84
                                },
                                "image_size": "custom",
                                "image_custom_dimension": {
                                    "width": "158",
                                    "height": "15"
                                },
                                "align": "center"
                            },
                            "elements": [],
                            "isInner": false,
                            "widgetType": "image",
                            "elType": "widget"
                        }
                    ],
                    "isInner": false,
                    "elType": "column"
                }
            ],
            "isInner": false,
            "elType": "section"
        }
    ],
    "page_settings": {
        "hide_title": "yes",
        "background_background": "classic",
        "background_color": "#EBE9F4"
    }
}