{
    "version": "0.4",
    "title": "Contact Us",
    "type": "section",
    "metadata": {
        "template_type": "section-contact",
        "include_in_zip": "1",
        "elementor_pro_required": null,
        "wp_page_template": "elementor_header_footer"
    },
    "content": [
        {
            "id": "1f25426a",
            "settings": {
                "padding": {
                    "unit": "em",
                    "top": "5",
                    "right": "01",
                    "bottom": "5",
                    "left": "1",
                    "isLinked": false
                },
                "background_background": "classic",
                "background_image": {
                    "url": "http:\/\/theme.attype.com\/wp-content\/uploads\/2020\/07\/Headline.jpg",
                    "id": 737
                },
                "background_position": "initial",
                "background_repeat": "repeat-y",
                "background_size": "auto",
                "background_overlay_background": "gradient",
                "background_overlay_color": "#FFFFFF",
                "background_overlay_color_stop": {
                    "unit": "%",
                    "size": 15,
                    "sizes": []
                },
                "background_overlay_color_b": "rgba(242, 41, 91, 0)",
                "background_overlay_color_b_stop": {
                    "unit": "%",
                    "size": 90,
                    "sizes": []
                },
                "background_overlay_opacity": {
                    "unit": "px",
                    "size": 1,
                    "sizes": []
                },
                "background_xpos": {
                    "unit": "em",
                    "size": -20.5,
                    "sizes": []
                },
                "background_ypos": {
                    "unit": "em",
                    "size": -42,
                    "sizes": []
                },
                "background_position_mobile": "initial",
                "background_xpos_mobile": {
                    "unit": "%",
                    "size": 19,
                    "sizes": []
                },
                "background_ypos_mobile": {
                    "unit": "%",
                    "size": 51,
                    "sizes": []
                },
                "background_size_mobile": "cover",
                "background_overlay_gradient_angle": {
                    "unit": "deg",
                    "size": 90,
                    "sizes": []
                }
            },
            "elements": [
                {
                    "id": "50ee2b56",
                    "settings": {
                        "_column_size": 100,
                        "_inline_size": null,
                        "padding_mobile": {
                            "unit": "px",
                            "top": "0",
                            "right": "0",
                            "bottom": "0",
                            "left": "0",
                            "isLinked": false
                        }
                    },
                    "elements": [
                        {
                            "id": "1e586e09",
                            "settings": [],
                            "elements": [
                                {
                                    "id": "4ba1e32d",
                                    "settings": {
                                        "_column_size": 100,
                                        "_inline_size": null,
                                        "content_position": "center",
                                        "align": "center",
                                        "margin_mobile": {
                                            "unit": "px",
                                            "top": "0",
                                            "right": "0",
                                            "bottom": "0",
                                            "left": "0",
                                            "isLinked": true
                                        },
                                        "padding_mobile": {
                                            "unit": "px",
                                            "top": "0",
                                            "right": "0",
                                            "bottom": "0",
                                            "left": "0",
                                            "isLinked": true
                                        }
                                    },
                                    "elements": [
                                        {
                                            "id": "843b618",
                                            "settings": {
                                                "title": "Contact Us",
                                                "align": "left",
                                                "typography_font_size": {
                                                    "unit": "px",
                                                    "size": 50,
                                                    "sizes": []
                                                },
                                                "typography_letter_spacing": {
                                                    "unit": "px",
                                                    "size": 1.5,
                                                    "sizes": []
                                                },
                                                "_margin": {
                                                    "unit": "px",
                                                    "top": "0",
                                                    "right": "0",
                                                    "bottom": "0",
                                                    "left": "0",
                                                    "isLinked": true
                                                },
                                                "_padding": {
                                                    "unit": "px",
                                                    "top": "0",
                                                    "right": "0",
                                                    "bottom": "0",
                                                    "left": "0",
                                                    "isLinked": true
                                                },
                                                "title_color": "#333333",
                                                "header_size": "h1",
                                                "typography_font_size_mobile": {
                                                    "unit": "em",
                                                    "size": 4,
                                                    "sizes": []
                                                },
                                                "typography_letter_spacing_mobile": {
                                                    "unit": "px",
                                                    "size": 0,
                                                    "sizes": []
                                                }
                                            },
                                            "elements": [],
                                            "isInner": false,
                                            "widgetType": "heading",
                                            "elType": "widget"
                                        }
                                    ],
                                    "isInner": true,
                                    "elType": "column"
                                }
                            ],
                            "isInner": true,
                            "elType": "section"
                        }
                    ],
                    "isInner": false,
                    "elType": "column"
                }
            ],
            "isInner": false,
            "elType": "section"
        },
        {
            "id": "5b698b1a",
            "settings": {
                "layout": "full_width",
                "height": "min-height",
                "padding": {
                    "unit": "em",
                    "top": "5",
                    "right": "1",
                    "bottom": "0",
                    "left": "1",
                    "isLinked": false
                }
            },
            "elements": [
                {
                    "id": "5fd3b23b",
                    "settings": {
                        "_column_size": 100,
                        "_inline_size": null,
                        "padding": {
                            "unit": "px",
                            "top": "0",
                            "right": "0",
                            "bottom": "0",
                            "left": "0",
                            "isLinked": false
                        }
                    },
                    "elements": [
                        {
                            "id": "586ecf53",
                            "settings": {
                                "address": "London Eye, London, United Kingdom",
                                "height": {
                                    "unit": "px",
                                    "size": 600,
                                    "sizes": []
                                },
                                "_margin": {
                                    "unit": "px",
                                    "top": "0",
                                    "right": "0",
                                    "bottom": "0",
                                    "left": "0",
                                    "isLinked": false
                                },
                                "_padding": {
                                    "unit": "px",
                                    "top": "0",
                                    "right": "0",
                                    "bottom": "0",
                                    "left": "0",
                                    "isLinked": false
                                },
                                "height_mobile": {
                                    "unit": "px",
                                    "size": 400,
                                    "sizes": []
                                }
                            },
                            "elements": [],
                            "isInner": false,
                            "widgetType": "google_maps",
                            "elType": "widget"
                        }
                    ],
                    "isInner": false,
                    "elType": "column"
                }
            ],
            "isInner": false,
            "elType": "section"
        },
        {
            "id": "67927bd8",
            "settings": {
                "padding_mobile": {
                    "unit": "em",
                    "top": "0",
                    "right": "0",
                    "bottom": "0",
                    "left": "0",
                    "isLinked": true
                },
                "padding": {
                    "unit": "em",
                    "top": "0",
                    "right": "0",
                    "bottom": "2.5",
                    "left": "0",
                    "isLinked": false
                }
            },
            "elements": [
                {
                    "id": "5ceaa1d0",
                    "settings": {
                        "_column_size": 100,
                        "_inline_size": null,
                        "margin": {
                            "unit": "px",
                            "top": "0",
                            "right": "50",
                            "bottom": "0",
                            "left": "50",
                            "isLinked": false
                        }
                    },
                    "elements": [
                        {
                            "id": "7f630f77",
                            "settings": {
                                "content_width": {
                                    "unit": "px",
                                    "size": 900,
                                    "sizes": []
                                },
                                "structure": "30",
                                "background_background": "classic",
                                "background_color": "#F2D6C7",
                                "background_position": "center center",
                                "background_repeat": "no-repeat",
                                "background_size": "cover",
                                "background_overlay_background": "classic",
                                "background_overlay_color": "#F2D6C7",
                                "background_overlay_opacity": {
                                    "unit": "px",
                                    "size": 0.8,
                                    "sizes": []
                                },
                                "margin": {
                                    "unit": "px",
                                    "top": "-60",
                                    "right": 0,
                                    "bottom": "0",
                                    "left": 0,
                                    "isLinked": false
                                },
                                "padding": {
                                    "unit": "px",
                                    "top": "30",
                                    "right": "15",
                                    "bottom": "20",
                                    "left": "15",
                                    "isLinked": false
                                },
                                "z_index": 1,
                                "animation": "slideInUp",
                                "border_radius": {
                                    "unit": "px",
                                    "top": "30",
                                    "right": "30",
                                    "bottom": "30",
                                    "left": "30",
                                    "isLinked": true
                                }
                            },
                            "elements": [
                                {
                                    "id": "514a3464",
                                    "settings": {
                                        "_column_size": 33,
                                        "_inline_size": null
                                    },
                                    "elements": [
                                        {
                                            "id": "3be7f341",
                                            "settings": {
                                                "selected_icon": {
                                                    "value": "fas fa-mail-bulk",
                                                    "library": "fa-solid"
                                                },
                                                "title_text": "E-Mail",
                                                "description_text": "hello@weddingtemplate.com\n",
                                                "primary_color": "#FFFFFF",
                                                "icon_size": {
                                                    "unit": "px",
                                                    "size": 40,
                                                    "sizes": []
                                                },
                                                "title_typography_font_family": "Lora",
                                                "title_typography_font_size": {
                                                    "unit": "em",
                                                    "size": "",
                                                    "sizes": []
                                                },
                                                "description_color": "#FFFFFF",
                                                "_margin": {
                                                    "unit": "px",
                                                    "top": "-10",
                                                    "right": "-10",
                                                    "bottom": "-10",
                                                    "left": "-10",
                                                    "isLinked": true
                                                },
                                                "title_size": "h4",
                                                "title_color": "#FFFFFF",
                                                "description_typography_font_family": "Lora",
                                                "description_typography_font_size": {
                                                    "unit": "em",
                                                    "size": 1,
                                                    "sizes": []
                                                },
                                                "description_typography_font_weight": "500",
                                                "_padding": {
                                                    "unit": "px",
                                                    "top": "0",
                                                    "right": "0",
                                                    "bottom": "0",
                                                    "left": "0",
                                                    "isLinked": true
                                                },
                                                "title_bottom_space": {
                                                    "unit": "px",
                                                    "size": 0,
                                                    "sizes": []
                                                },
                                                "_padding_mobile": {
                                                    "unit": "em",
                                                    "top": "0",
                                                    "right": "0",
                                                    "bottom": "1",
                                                    "left": "0",
                                                    "isLinked": false
                                                },
                                                "title_typography_text_transform": "capitalize",
                                                "title_typography_font_size_mobile": {
                                                    "unit": "em",
                                                    "size": 1.5,
                                                    "sizes": []
                                                }
                                            },
                                            "elements": [],
                                            "isInner": false,
                                            "widgetType": "icon-box",
                                            "elType": "widget"
                                        }
                                    ],
                                    "isInner": true,
                                    "elType": "column"
                                },
                                {
                                    "id": "38e27356",
                                    "settings": {
                                        "_column_size": 33,
                                        "_inline_size": null
                                    },
                                    "elements": [
                                        {
                                            "id": "473ff95a",
                                            "settings": {
                                                "selected_icon": {
                                                    "value": "fas fa-phone",
                                                    "library": "fa-solid"
                                                },
                                                "title_text": "Phone Number",
                                                "description_text": "(021) 14054\n",
                                                "primary_color": "#FFFFFF",
                                                "icon_size": {
                                                    "unit": "px",
                                                    "size": 40,
                                                    "sizes": []
                                                },
                                                "title_typography_font_family": "Lora",
                                                "title_typography_font_size": {
                                                    "unit": "px",
                                                    "size": 20,
                                                    "sizes": []
                                                },
                                                "description_color": "#FFFFFF",
                                                "_margin": {
                                                    "unit": "px",
                                                    "top": "-10",
                                                    "right": "-10",
                                                    "bottom": "-10",
                                                    "left": "-10",
                                                    "isLinked": true
                                                },
                                                "_padding": {
                                                    "unit": "px",
                                                    "top": "0",
                                                    "right": "0",
                                                    "bottom": "0",
                                                    "left": "0",
                                                    "isLinked": true
                                                },
                                                "title_color": "#FFFFFF",
                                                "description_typography_font_family": "Lora",
                                                "description_typography_font_size": {
                                                    "unit": "em",
                                                    "size": 1,
                                                    "sizes": []
                                                },
                                                "description_typography_font_weight": "500",
                                                "title_bottom_space": {
                                                    "unit": "px",
                                                    "size": 0,
                                                    "sizes": []
                                                },
                                                "_padding_mobile": {
                                                    "unit": "em",
                                                    "top": "0",
                                                    "right": "0",
                                                    "bottom": "1",
                                                    "left": "0",
                                                    "isLinked": false
                                                },
                                                "title_typography_text_transform": "capitalize",
                                                "title_size": "h4",
                                                "title_typography_font_size_mobile": {
                                                    "unit": "em",
                                                    "size": 1.5,
                                                    "sizes": []
                                                }
                                            },
                                            "elements": [],
                                            "isInner": false,
                                            "widgetType": "icon-box",
                                            "elType": "widget"
                                        }
                                    ],
                                    "isInner": true,
                                    "elType": "column"
                                },
                                {
                                    "id": "74fa8457",
                                    "settings": {
                                        "_column_size": 33,
                                        "_inline_size": null
                                    },
                                    "elements": [
                                        {
                                            "id": "6948f53d",
                                            "settings": {
                                                "selected_icon": {
                                                    "value": "fas fa-map-marker-alt",
                                                    "library": "fa-solid"
                                                },
                                                "title_text": "Office Address",
                                                "description_text": "London SE1 7PB, \nUnited Kingdom",
                                                "primary_color": "#FFFFFF",
                                                "icon_size": {
                                                    "unit": "px",
                                                    "size": 40,
                                                    "sizes": []
                                                },
                                                "title_typography_font_size": {
                                                    "unit": "px",
                                                    "size": 20,
                                                    "sizes": []
                                                },
                                                "description_color": "#FFFFFF",
                                                "_margin": {
                                                    "unit": "px",
                                                    "top": "-10",
                                                    "right": "-10",
                                                    "bottom": "-10",
                                                    "left": "-10",
                                                    "isLinked": true
                                                },
                                                "_padding": {
                                                    "unit": "px",
                                                    "top": "0",
                                                    "right": "0",
                                                    "bottom": "0",
                                                    "left": "0",
                                                    "isLinked": true
                                                },
                                                "title_color": "#FFFFFF",
                                                "description_typography_font_family": "Lora",
                                                "description_typography_font_size": {
                                                    "unit": "em",
                                                    "size": 1,
                                                    "sizes": []
                                                },
                                                "description_typography_font_weight": "500",
                                                "title_bottom_space": {
                                                    "unit": "px",
                                                    "size": 0,
                                                    "sizes": []
                                                },
                                                "title_typography_text_transform": "capitalize",
                                                "_padding_mobile": {
                                                    "unit": "em",
                                                    "top": "0",
                                                    "right": "0",
                                                    "bottom": "1",
                                                    "left": "0",
                                                    "isLinked": false
                                                },
                                                "title_size": "h4",
                                                "title_typography_font_size_mobile": {
                                                    "unit": "em",
                                                    "size": 1.5,
                                                    "sizes": []
                                                }
                                            },
                                            "elements": [],
                                            "isInner": false,
                                            "widgetType": "icon-box",
                                            "elType": "widget"
                                        }
                                    ],
                                    "isInner": true,
                                    "elType": "column"
                                }
                            ],
                            "isInner": true,
                            "elType": "section"
                        }
                    ],
                    "isInner": false,
                    "elType": "column"
                }
            ],
            "isInner": false,
            "elType": "section"
        },
        {
            "id": "663bbb6b",
            "settings": {
                "gap": "no",
                "custom_height": {
                    "unit": "px",
                    "size": 701
                },
                "content_position": "middle",
                "padding": {
                    "unit": "em",
                    "top": "5",
                    "right": "0",
                    "bottom": "5",
                    "left": "0",
                    "isLinked": false
                },
                "padding_tablet": {
                    "unit": "px",
                    "top": "100",
                    "right": "25",
                    "bottom": "100",
                    "left": "25",
                    "isLinked": false
                },
                "padding_mobile": {
                    "unit": "px",
                    "top": "50",
                    "right": "20",
                    "bottom": "50",
                    "left": "20",
                    "isLinked": false
                },
                "_timestamp_": "v1Snl2Lzg0UWsrMElyL3BlWW5EazZOUT09",
                "content_width": {
                    "unit": "px",
                    "size": 800,
                    "sizes": []
                }
            },
            "elements": [
                {
                    "id": "2eff925d",
                    "settings": {
                        "_column_size": 100
                    },
                    "elements": [
                        {
                            "id": "978d1c",
                            "settings": {
                                "gap": "no",
                                "content_position": "middle",
                                "padding": {
                                    "unit": "em",
                                    "top": "",
                                    "right": "",
                                    "bottom": "",
                                    "left": "",
                                    "isLinked": false
                                },
                                "animation": "slideInUp",
                                "animation_delay": 300,
                                "padding_mobile": {
                                    "unit": "em",
                                    "top": "0",
                                    "right": "0",
                                    "bottom": "0",
                                    "left": "0",
                                    "isLinked": true
                                }
                            },
                            "elements": [
                                {
                                    "id": "572389ab",
                                    "settings": {
                                        "_column_size": 100,
                                        "_inline_size": null,
                                        "padding": {
                                            "unit": "em",
                                            "top": "2",
                                            "right": "2",
                                            "bottom": "2",
                                            "left": "2",
                                            "isLinked": true
                                        }
                                    },
                                    "elements": [
                                        {
                                            "id": "179d7492",
                                            "settings": {
                                                "form_name": "New Form",
                                                "form_fields": [
                                                    {
                                                        "_id": "name",
                                                        "field_type": "text",
                                                        "field_label": "Your Name",
                                                        "placeholder": "",
                                                        "width": "100",
                                                        "field_value": "",
                                                        "required": "",
                                                        "file_sizes": "",
                                                        "file_types": "",
                                                        "allow_multiple_upload": "",
                                                        "max_files": "",
                                                        "acceptance_text": "",
                                                        "checked_by_default": "",
                                                        "field_min": "",
                                                        "field_max": "",
                                                        "min_date": "",
                                                        "max_date": "",
                                                        "use_native_date": "",
                                                        "use_native_time": "",
                                                        "field_options": "",
                                                        "allow_multiple": "",
                                                        "select_size": "",
                                                        "inline_list": "",
                                                        "field_html": "",
                                                        "width_tablet": "",
                                                        "width_mobile": "",
                                                        "rows": 4,
                                                        "recaptcha_size": "normal",
                                                        "recaptcha_style": "light",
                                                        "css_classes": "",
                                                        "custom_id": "name",
                                                        "previous_button": "",
                                                        "next_button": "",
                                                        "selected_icon": {
                                                            "value": "fas fa-star",
                                                            "library": "fa-solid"
                                                        },
                                                        "recaptcha_badge": "bottomright"
                                                    },
                                                    {
                                                        "_id": "email",
                                                        "field_type": "email",
                                                        "required": "true",
                                                        "field_label": "Your E-mail",
                                                        "placeholder": "",
                                                        "width": "100",
                                                        "field_value": "",
                                                        "file_sizes": "",
                                                        "file_types": "",
                                                        "allow_multiple_upload": "",
                                                        "max_files": "",
                                                        "acceptance_text": "",
                                                        "checked_by_default": "",
                                                        "field_min": "",
                                                        "field_max": "",
                                                        "min_date": "",
                                                        "max_date": "",
                                                        "use_native_date": "",
                                                        "use_native_time": "",
                                                        "field_options": "",
                                                        "allow_multiple": "",
                                                        "select_size": "",
                                                        "inline_list": "",
                                                        "field_html": "",
                                                        "width_tablet": "",
                                                        "width_mobile": "",
                                                        "rows": 4,
                                                        "recaptcha_size": "normal",
                                                        "recaptcha_style": "light",
                                                        "css_classes": "",
                                                        "custom_id": "email",
                                                        "previous_button": "",
                                                        "next_button": "",
                                                        "selected_icon": {
                                                            "value": "fas fa-star",
                                                            "library": "fa-solid"
                                                        },
                                                        "recaptcha_badge": "bottomright"
                                                    },
                                                    {
                                                        "_id": "message",
                                                        "field_type": "textarea",
                                                        "field_label": "Your Message",
                                                        "placeholder": "",
                                                        "width": "100",
                                                        "field_value": "",
                                                        "required": "",
                                                        "file_sizes": "",
                                                        "file_types": "",
                                                        "allow_multiple_upload": "",
                                                        "max_files": "",
                                                        "acceptance_text": "",
                                                        "checked_by_default": "",
                                                        "field_min": "",
                                                        "field_max": "",
                                                        "min_date": "",
                                                        "max_date": "",
                                                        "use_native_date": "",
                                                        "use_native_time": "",
                                                        "field_options": "",
                                                        "allow_multiple": "",
                                                        "select_size": "",
                                                        "inline_list": "",
                                                        "field_html": "",
                                                        "width_tablet": "",
                                                        "width_mobile": "",
                                                        "rows": 4,
                                                        "recaptcha_size": "normal",
                                                        "recaptcha_style": "light",
                                                        "css_classes": "",
                                                        "custom_id": "message",
                                                        "previous_button": "",
                                                        "next_button": "",
                                                        "selected_icon": {
                                                            "value": "fas fa-star",
                                                            "library": "fa-solid"
                                                        },
                                                        "recaptcha_badge": "bottomright"
                                                    }
                                                ],
                                                "button_text": "Send Message",
                                                "button_align": "center",
                                                "email_content": "[all-fields]",
                                                "email_content_2": "[all-fields]",
                                                "success_message": "The form was sent successfully!",
                                                "error_message": "Please fill in the required fields.",
                                                "required_field_message": "Required",
                                                "invalid_message": "There's something wrong. The form is invalid.",
                                                "column_gap": {
                                                    "unit": "px",
                                                    "size": 15
                                                },
                                                "row_gap": {
                                                    "unit": "px",
                                                    "size": 15
                                                },
                                                "field_text_color": "#666666",
                                                "field_typography_typography": "custom",
                                                "field_typography_font_size": {
                                                    "unit": "px",
                                                    "size": 15
                                                },
                                                "field_typography_font_weight": "400",
                                                "field_border_color": "#F2D6C7",
                                                "field_border_radius": {
                                                    "unit": "px",
                                                    "top": "0",
                                                    "right": "0",
                                                    "bottom": "0",
                                                    "left": "0",
                                                    "isLinked": true
                                                },
                                                "button_typography_typography": "custom",
                                                "button_typography_font_size": {
                                                    "unit": "em",
                                                    "size": 1
                                                },
                                                "button_typography_font_weight": "600",
                                                "button_background_color": "#F2D6C7",
                                                "button_border_radius": {
                                                    "unit": "px",
                                                    "top": "5",
                                                    "right": "5",
                                                    "bottom": "5",
                                                    "left": "5",
                                                    "isLinked": true
                                                },
                                                "button_text_padding": {
                                                    "unit": "px",
                                                    "top": "15",
                                                    "right": "35",
                                                    "bottom": "15",
                                                    "left": "35",
                                                    "isLinked": false
                                                },
                                                "button_background_hover_color": "#F2D6C7",
                                                "button_hover_animation": "shrink",
                                                "step_next_label": "Next",
                                                "step_previous_label": "Previous",
                                                "label_spacing": {
                                                    "unit": "px",
                                                    "size": 5,
                                                    "sizes": []
                                                },
                                                "label_typography_font_family": "Josefin Sans",
                                                "label_typography_font_size": {
                                                    "unit": "px",
                                                    "size": 15,
                                                    "sizes": []
                                                },
                                                "label_typography_font_weight": "500",
                                                "field_typography_font_family": "Josefin Sans",
                                                "field_border_width": {
                                                    "unit": "px",
                                                    "top": "1",
                                                    "right": "1",
                                                    "bottom": "1",
                                                    "left": "1",
                                                    "isLinked": true
                                                },
                                                "button_typography_font_family": "Lora",
                                                "step_divider_width": {
                                                    "unit": "px",
                                                    "size": "",
                                                    "sizes": []
                                                },
                                                "field_background_color": "#FFFFFF",
                                                "message_typography_typography": "custom",
                                                "label_color": "#666666"
                                            },
                                            "elements": [],
                                            "isInner": false,
                                            "widgetType": "form",
                                            "elType": "widget"
                                        }
                                    ],
                                    "isInner": true,
                                    "elType": "column"
                                }
                            ],
                            "isInner": true,
                            "elType": "section"
                        }
                    ],
                    "isInner": false,
                    "elType": "column"
                }
            ],
            "isInner": false,
            "elType": "section"
        }
    ]
}