{
    "version": "0.4",
    "title": "Footer",
    "type": "footer",
    "metadata": {
        "template_type": "section-footer",
        "include_in_zip": "1",
        "elementor_pro_required": "1",
        "elementor_library_type": "footer",
        "elementor_pro_conditions": [
            "include\/general"
        ],
        "additional_template_information": [
            "This is a \"Footer\" template for Elementor Pro.",
            "This template will display on: Entire Site."
        ],
        "wp_page_template": "default"
    },
    "content": [
        {
            "id": "689de8fa",
            "settings": {
                "padding": {
                    "unit": "px",
                    "top": "5",
                    "right": "1",
                    "bottom": "5",
                    "left": "1",
                    "isLinked": false
                }
            },
            "elements": [
                {
                    "id": "4625f73a",
                    "settings": {
                        "_column_size": 100,
                        "_inline_size": null,
                        "margin_mobile": {
                            "unit": "px",
                            "top": "0",
                            "right": "0",
                            "bottom": "0",
                            "left": "0",
                            "isLinked": true
                        },
                        "padding_mobile": {
                            "unit": "px",
                            "top": "0",
                            "right": "0",
                            "bottom": "0",
                            "left": "0",
                            "isLinked": true
                        }
                    },
                    "elements": [
                        {
                            "id": "25e0d3",
                            "settings": {
                                "content_width": {
                                    "unit": "px",
                                    "size": 200,
                                    "sizes": []
                                },
                                "margin_mobile": {
                                    "unit": "px",
                                    "top": "0",
                                    "right": 0,
                                    "bottom": "0",
                                    "left": 0,
                                    "isLinked": true
                                },
                                "padding_mobile": {
                                    "unit": "px",
                                    "top": "0",
                                    "right": "0",
                                    "bottom": "0",
                                    "left": "0",
                                    "isLinked": true
                                }
                            },
                            "elements": [
                                {
                                    "id": "10994f10",
                                    "settings": {
                                        "_column_size": 100,
                                        "_inline_size": null,
                                        "content_position": "center",
                                        "align": "center"
                                    },
                                    "elements": [
                                        {
                                            "id": "650b0cd6",
                                            "settings": {
                                                "image": {
                                                    "url": "http:\/\/theme.attype.com\/wp-content\/uploads\/2020\/07\/logo-2-1.png",
                                                    "id": 182
                                                },
                                                "image_size": "medium",
                                                "align": "center",
                                                "align_mobile": "center"
                                            },
                                            "elements": [],
                                            "isInner": false,
                                            "widgetType": "image",
                                            "elType": "widget"
                                        }
                                    ],
                                    "isInner": true,
                                    "elType": "column"
                                }
                            ],
                            "isInner": true,
                            "elType": "section"
                        },
                        {
                            "id": "7f88f04a",
                            "settings": [],
                            "elements": [
                                {
                                    "id": "593d368",
                                    "settings": {
                                        "_column_size": 100,
                                        "_inline_size": null,
                                        "align_mobile": "center"
                                    },
                                    "elements": [
                                        {
                                            "id": "4e540214",
                                            "settings": {
                                                "align_items": "center",
                                                "animation_line": "drop-in",
                                                "indicator": "angle",
                                                "menu_typography_typography": "custom",
                                                "menu_typography_font_family": "Lora",
                                                "menu_typography_font_size": {
                                                    "unit": "em",
                                                    "size": 1,
                                                    "sizes": []
                                                },
                                                "menu_typography_font_weight": "500",
                                                "menu_typography_letter_spacing": {
                                                    "unit": "px",
                                                    "size": 1,
                                                    "sizes": []
                                                },
                                                "color_menu_item": "#54595F",
                                                "color_menu_item_hover": "#F2D6C7",
                                                "pointer_color_menu_item_hover": "#F2D6C7",
                                                "pointer_width": {
                                                    "unit": "px",
                                                    "size": 2,
                                                    "sizes": []
                                                },
                                                "padding_horizontal_menu_item": {
                                                    "unit": "px",
                                                    "size": 26,
                                                    "sizes": []
                                                },
                                                "menu_space_between": {
                                                    "unit": "px",
                                                    "size": 2,
                                                    "sizes": []
                                                },
                                                "color_dropdown_item": "#F2D6C7",
                                                "background_color_dropdown_item": "#FFFFFF",
                                                "color_dropdown_item_hover": "#FFFFFF",
                                                "background_color_dropdown_item_hover": "#F2D6C7",
                                                "dropdown_typography_typography": "custom",
                                                "dropdown_typography_font_family": "Lora",
                                                "dropdown_typography_font_size": {
                                                    "unit": "em",
                                                    "size": 1,
                                                    "sizes": []
                                                },
                                                "dropdown_typography_font_weight": "500",
                                                "dropdown_divider_border": "solid",
                                                "toggle_color": "#666666",
                                                "toggle_background_color": "#FFFFFF",
                                                "toggle_color_hover": "#F2D6C7",
                                                "text_align": "center"
                                            },
                                            "elements": [],
                                            "isInner": false,
                                            "widgetType": "nav-menu",
                                            "elType": "widget"
                                        }
                                    ],
                                    "isInner": true,
                                    "elType": "column"
                                }
                            ],
                            "isInner": true,
                            "elType": "section"
                        },
                        {
                            "id": "172664dc",
                            "settings": {
                                "background_hover_background": "classic"
                            },
                            "elements": [
                                {
                                    "id": "6d264f40",
                                    "settings": {
                                        "_column_size": 100,
                                        "_inline_size": null
                                    },
                                    "elements": [
                                        {
                                            "id": "2b3ea3e4",
                                            "settings": {
                                                "social_icon_list": [
                                                    {
                                                        "social_icon": {
                                                            "value": "fab fa-twitter",
                                                            "library": "fa-brands"
                                                        },
                                                        "_id": "51a78a3",
                                                        "link": {
                                                            "url": "",
                                                            "is_external": "true",
                                                            "nofollow": "",
                                                            "custom_attributes": ""
                                                        },
                                                        "item_icon_color": "default",
                                                        "item_icon_primary_color": "",
                                                        "item_icon_secondary_color": ""
                                                    },
                                                    {
                                                        "social_icon": {
                                                            "value": "fab fa-facebook",
                                                            "library": "fa-brands"
                                                        },
                                                        "_id": "2186e0d",
                                                        "link": {
                                                            "url": "",
                                                            "is_external": "true",
                                                            "nofollow": "",
                                                            "custom_attributes": ""
                                                        },
                                                        "item_icon_color": "default",
                                                        "item_icon_primary_color": "",
                                                        "item_icon_secondary_color": ""
                                                    },
                                                    {
                                                        "social_icon": {
                                                            "value": "fab fa-instagram",
                                                            "library": "fa-brands"
                                                        },
                                                        "link": {
                                                            "url": "",
                                                            "is_external": "true",
                                                            "nofollow": "",
                                                            "custom_attributes": ""
                                                        },
                                                        "item_icon_color": "default",
                                                        "item_icon_primary_color": "",
                                                        "item_icon_secondary_color": "",
                                                        "_id": "a04f3de"
                                                    },
                                                    {
                                                        "social_icon": {
                                                            "value": "fab fa-linkedin",
                                                            "library": "fa-brands"
                                                        },
                                                        "link": {
                                                            "url": "",
                                                            "is_external": "true",
                                                            "nofollow": "",
                                                            "custom_attributes": ""
                                                        },
                                                        "item_icon_color": "default",
                                                        "item_icon_primary_color": "",
                                                        "item_icon_secondary_color": "",
                                                        "_id": "f491195"
                                                    }
                                                ],
                                                "icon_color": "custom",
                                                "icon_primary_color": "rgba(255, 255, 255, 0)",
                                                "icon_secondary_color": "#F2D6C7",
                                                "icon_padding": {
                                                    "unit": "em",
                                                    "size": 0.7,
                                                    "sizes": []
                                                },
                                                "hover_secondary_color": "#C3AA9C",
                                                "hover_animation": "grow",
                                                "align_mobile": "center"
                                            },
                                            "elements": [],
                                            "isInner": false,
                                            "widgetType": "social-icons",
                                            "elType": "widget"
                                        }
                                    ],
                                    "isInner": true,
                                    "elType": "column"
                                }
                            ],
                            "isInner": true,
                            "elType": "section"
                        },
                        {
                            "id": "6dbddc5d",
                            "settings": {
                                "text_align": "center"
                            },
                            "elements": [
                                {
                                    "id": "2622d8f",
                                    "settings": {
                                        "_column_size": 100,
                                        "_inline_size": null
                                    },
                                    "elements": [],
                                    "isInner": true,
                                    "elType": "column"
                                }
                            ],
                            "isInner": true,
                            "elType": "section"
                        }
                    ],
                    "isInner": false,
                    "elType": "column"
                }
            ],
            "isInner": false,
            "elType": "section"
        }
    ]
}