{
    "version": "0.4",
    "title": "Gallery",
    "type": "section",
    "metadata": {
        "template_type": "section-gallery",
        "include_in_zip": "1",
        "elementor_pro_required": "1",
        "wp_page_template": "elementor_header_footer"
    },
    "content": [
        {
            "id": "2761a38c",
            "settings": {
                "padding": {
                    "unit": "em",
                    "top": "5",
                    "right": "01",
                    "bottom": "5",
                    "left": "1",
                    "isLinked": false
                },
                "background_background": "classic",
                "background_image": {
                    "url": "http:\/\/theme.attype.com\/wp-content\/uploads\/2020\/07\/Headline.jpg",
                    "id": 737
                },
                "background_position": "initial",
                "background_repeat": "repeat-y",
                "background_size": "auto",
                "background_overlay_background": "gradient",
                "background_overlay_color": "#FFFFFF",
                "background_overlay_color_stop": {
                    "unit": "%",
                    "size": 15,
                    "sizes": []
                },
                "background_overlay_color_b": "rgba(242, 41, 91, 0)",
                "background_overlay_color_b_stop": {
                    "unit": "%",
                    "size": 90,
                    "sizes": []
                },
                "background_overlay_opacity": {
                    "unit": "px",
                    "size": 1,
                    "sizes": []
                },
                "background_xpos": {
                    "unit": "em",
                    "size": -20.5,
                    "sizes": []
                },
                "background_ypos": {
                    "unit": "em",
                    "size": -42,
                    "sizes": []
                },
                "background_position_mobile": "initial",
                "background_xpos_mobile": {
                    "unit": "%",
                    "size": 19,
                    "sizes": []
                },
                "background_ypos_mobile": {
                    "unit": "%",
                    "size": 51,
                    "sizes": []
                },
                "background_size_mobile": "cover",
                "background_overlay_gradient_angle": {
                    "unit": "deg",
                    "size": 90,
                    "sizes": []
                }
            },
            "elements": [
                {
                    "id": "1f99e971",
                    "settings": {
                        "_column_size": 100,
                        "_inline_size": null
                    },
                    "elements": [
                        {
                            "id": "4dd98182",
                            "settings": [],
                            "elements": [
                                {
                                    "id": "6e172ecb",
                                    "settings": {
                                        "_column_size": 100,
                                        "_inline_size": null,
                                        "content_position": "center",
                                        "align": "center"
                                    },
                                    "elements": [
                                        {
                                            "id": "6c84afaa",
                                            "settings": {
                                                "title": "Gallery",
                                                "align": "left",
                                                "typography_font_size": {
                                                    "unit": "px",
                                                    "size": 50,
                                                    "sizes": []
                                                },
                                                "typography_text_transform": "capitalize",
                                                "typography_letter_spacing": {
                                                    "unit": "px",
                                                    "size": 1.5,
                                                    "sizes": []
                                                },
                                                "_margin": {
                                                    "unit": "px",
                                                    "top": "0",
                                                    "right": "0",
                                                    "bottom": "0",
                                                    "left": "0",
                                                    "isLinked": true
                                                },
                                                "_padding": {
                                                    "unit": "px",
                                                    "top": "0",
                                                    "right": "0",
                                                    "bottom": "0",
                                                    "left": "0",
                                                    "isLinked": true
                                                },
                                                "title_color": "#333333",
                                                "header_size": "h1",
                                                "typography_font_size_mobile": {
                                                    "unit": "em",
                                                    "size": 4,
                                                    "sizes": []
                                                },
                                                "typography_letter_spacing_mobile": {
                                                    "unit": "px",
                                                    "size": 0,
                                                    "sizes": []
                                                }
                                            },
                                            "elements": [],
                                            "isInner": false,
                                            "widgetType": "heading",
                                            "elType": "widget"
                                        }
                                    ],
                                    "isInner": true,
                                    "elType": "column"
                                }
                            ],
                            "isInner": true,
                            "elType": "section"
                        }
                    ],
                    "isInner": false,
                    "elType": "column"
                }
            ],
            "isInner": false,
            "elType": "section"
        },
        {
            "id": "51ff2ec6",
            "settings": {
                "padding": {
                    "unit": "em",
                    "top": "5",
                    "right": "1",
                    "bottom": "0",
                    "left": "1",
                    "isLinked": false
                },
                "padding_mobile": {
                    "unit": "em",
                    "top": "1",
                    "right": "1",
                    "bottom": "1",
                    "left": "1",
                    "isLinked": true
                }
            },
            "elements": [
                {
                    "id": "392e52de",
                    "settings": {
                        "_column_size": 100,
                        "_inline_size": null
                    },
                    "elements": [
                        {
                            "id": "6c010676",
                            "settings": [],
                            "elements": [
                                {
                                    "id": "981f9aa",
                                    "settings": {
                                        "_column_size": 100,
                                        "_inline_size": null
                                    },
                                    "elements": [
                                        {
                                            "id": "6b52c901",
                                            "settings": {
                                                "title": "We Capture the Moment",
                                                "align": "center",
                                                "title_color": "#333333",
                                                "typography_font_size": {
                                                    "unit": "px",
                                                    "size": 55,
                                                    "sizes": []
                                                },
                                                "typography_font_size_mobile": {
                                                    "unit": "em",
                                                    "size": 2.5,
                                                    "sizes": []
                                                }
                                            },
                                            "elements": [],
                                            "isInner": false,
                                            "widgetType": "heading",
                                            "elType": "widget"
                                        },
                                        {
                                            "id": "67b3ba54",
                                            "settings": {
                                                "image": {
                                                    "url": "http:\/\/theme.attype.com\/wp-content\/uploads\/2020\/07\/divider.png",
                                                    "id": 235
                                                },
                                                "image_size": "medium",
                                                "align": "center",
                                                "width": {
                                                    "unit": "px",
                                                    "size": 200,
                                                    "sizes": []
                                                },
                                                "_margin": {
                                                    "unit": "%",
                                                    "top": "-2",
                                                    "right": "0",
                                                    "bottom": "0",
                                                    "left": "0",
                                                    "isLinked": false
                                                },
                                                "_padding": {
                                                    "unit": "%",
                                                    "top": "0",
                                                    "right": "0",
                                                    "bottom": "0",
                                                    "left": "0",
                                                    "isLinked": false
                                                },
                                                "width_mobile": {
                                                    "unit": "vw",
                                                    "size": 40,
                                                    "sizes": []
                                                },
                                                "space_mobile": {
                                                    "unit": "vw",
                                                    "size": 40,
                                                    "sizes": []
                                                },
                                                "space": {
                                                    "unit": "px",
                                                    "size": 150,
                                                    "sizes": []
                                                },
                                                "_padding_mobile": {
                                                    "unit": "em",
                                                    "top": "",
                                                    "right": "",
                                                    "bottom": "",
                                                    "left": "",
                                                    "isLinked": true
                                                },
                                                "align_mobile": "center"
                                            },
                                            "elements": [],
                                            "isInner": false,
                                            "widgetType": "image",
                                            "elType": "widget"
                                        }
                                    ],
                                    "isInner": true,
                                    "elType": "column"
                                }
                            ],
                            "isInner": true,
                            "elType": "section"
                        },
                        {
                            "id": "43583154",
                            "settings": [],
                            "elements": [
                                {
                                    "id": "5c4ab272",
                                    "settings": {
                                        "_column_size": 100,
                                        "_inline_size": null,
                                        "margin_mobile": {
                                            "unit": "%",
                                            "top": "0",
                                            "right": "0",
                                            "bottom": "0",
                                            "left": "0",
                                            "isLinked": true
                                        },
                                        "padding_mobile": {
                                            "unit": "%",
                                            "top": "0",
                                            "right": "0",
                                            "bottom": "0",
                                            "left": "0",
                                            "isLinked": true
                                        }
                                    },
                                    "elements": [
                                        {
                                            "id": "2da98f67",
                                            "settings": {
                                                "editor": "Lorem ipsum dolor sit amet, consectetur adipiscing elit. Donec lobortis, ligula sit amet vulputate mollis, metus massa maximus nisl, vitae fermentum dui mi vitae sem. Proin eleifend sollicitudin nunc, a venenatis nibh ultricies in",
                                                "align": "center",
                                                "_margin": {
                                                    "unit": "px",
                                                    "top": "0",
                                                    "right": "100",
                                                    "bottom": "0",
                                                    "left": "100",
                                                    "isLinked": false
                                                },
                                                "align_mobile": "left",
                                                "_margin_mobile": {
                                                    "unit": "%",
                                                    "top": "0",
                                                    "right": "0",
                                                    "bottom": "0",
                                                    "left": "0",
                                                    "isLinked": true
                                                },
                                                "_padding_mobile": {
                                                    "unit": "%",
                                                    "top": "0",
                                                    "right": "0",
                                                    "bottom": "0",
                                                    "left": "0",
                                                    "isLinked": true
                                                },
                                                "text_color": "#666666",
                                                "typography_typography": "custom"
                                            },
                                            "elements": [],
                                            "isInner": false,
                                            "widgetType": "text-editor",
                                            "elType": "widget"
                                        }
                                    ],
                                    "isInner": true,
                                    "elType": "column"
                                }
                            ],
                            "isInner": true,
                            "elType": "section"
                        },
                        {
                            "id": "3c9b1151",
                            "settings": {
                                "structure": "30",
                                "padding": {
                                    "unit": "em",
                                    "top": "2.5",
                                    "right": "0",
                                    "bottom": "1",
                                    "left": "0",
                                    "isLinked": false
                                }
                            },
                            "elements": [
                                {
                                    "id": "1ca2b962",
                                    "settings": {
                                        "_column_size": 33,
                                        "_inline_size": null
                                    },
                                    "elements": [
                                        {
                                            "id": "11c3ba4",
                                            "settings": {
                                                "graphic_element": "image",
                                                "title_text_a": "",
                                                "description_text_a": "",
                                                "title_text_b": "Johnathan & Dionna",
                                                "description_text_b": "Wedding Party",
                                                "button_text": "",
                                                "height": {
                                                    "unit": "px",
                                                    "size": 300,
                                                    "sizes": []
                                                },
                                                "border_radius": {
                                                    "unit": "px",
                                                    "size": 0,
                                                    "sizes": []
                                                },
                                                "flip_effect": "fade",
                                                "image": {
                                                    "url": "",
                                                    "id": ""
                                                },
                                                "image_size": "full",
                                                "background_a_background": "classic",
                                                "background_a_image": {
                                                    "url": "http:\/\/theme.attype.com\/wp-content\/uploads\/2020\/07\/Gallery-1.jpg",
                                                    "id": 879
                                                },
                                                "background_a_position": "center center",
                                                "background_a_repeat": "no-repeat",
                                                "background_a_size": "cover",
                                                "background_overlay_a": "rgba(209, 193, 193, 0.19)",
                                                "background_b_background": "gradient",
                                                "background_b_color": "rgba(242, 214, 199, 0.25098039215686274)",
                                                "background_b_color_stop": {
                                                    "unit": "%",
                                                    "size": 10,
                                                    "sizes": []
                                                },
                                                "background_b_color_b": "rgba(242, 214, 199, 0.8)",
                                                "background_b_color_b_stop": {
                                                    "unit": "%",
                                                    "size": 80,
                                                    "sizes": []
                                                },
                                                "vertical_position_b": "bottom",
                                                "title_spacing_b": {
                                                    "unit": "px",
                                                    "size": 5,
                                                    "sizes": []
                                                },
                                                "button_size": "xs",
                                                "button_border_width": {
                                                    "unit": "px",
                                                    "size": 0,
                                                    "sizes": []
                                                },
                                                "button_border_radius": {
                                                    "unit": "px",
                                                    "size": 0,
                                                    "sizes": []
                                                },
                                                "_animation": "slideInUp",
                                                "_animation_delay": 0,
                                                "background_a_color": "#FFFFFF"
                                            },
                                            "elements": [],
                                            "isInner": false,
                                            "widgetType": "flip-box",
                                            "elType": "widget"
                                        }
                                    ],
                                    "isInner": true,
                                    "elType": "column"
                                },
                                {
                                    "id": "3d9c5ca1",
                                    "settings": {
                                        "_column_size": 33,
                                        "_inline_size": null
                                    },
                                    "elements": [
                                        {
                                            "id": "4c5ad48f",
                                            "settings": {
                                                "graphic_element": "",
                                                "title_text_a": "",
                                                "description_text_a": "",
                                                "title_text_b": "Rio & Purbana",
                                                "description_text_b": "Engagement Party",
                                                "button_text": "",
                                                "height": {
                                                    "unit": "px",
                                                    "size": 300,
                                                    "sizes": []
                                                },
                                                "border_radius": {
                                                    "unit": "px",
                                                    "size": 0,
                                                    "sizes": []
                                                },
                                                "flip_effect": "fade",
                                                "image": {
                                                    "url": "",
                                                    "id": ""
                                                },
                                                "image_size": "full",
                                                "background_a_background": "classic",
                                                "background_a_image": {
                                                    "url": "http:\/\/theme.attype.com\/wp-content\/uploads\/2020\/07\/Gallery-5.jpg",
                                                    "id": 883
                                                },
                                                "background_a_position": "center center",
                                                "background_a_repeat": "no-repeat",
                                                "background_a_size": "cover",
                                                "background_overlay_a": "rgba(209, 193, 193, 0.19)",
                                                "background_b_background": "gradient",
                                                "background_b_color": "rgba(242, 214, 199, 0.25098039215686274)",
                                                "background_b_color_stop": {
                                                    "unit": "%",
                                                    "size": 10,
                                                    "sizes": []
                                                },
                                                "background_b_color_b": "rgba(242, 214, 199, 0.8)",
                                                "background_b_color_b_stop": {
                                                    "unit": "%",
                                                    "size": 80,
                                                    "sizes": []
                                                },
                                                "vertical_position_b": "bottom",
                                                "title_spacing_b": {
                                                    "unit": "px",
                                                    "size": 5,
                                                    "sizes": []
                                                },
                                                "button_size": "xs",
                                                "button_border_width": {
                                                    "unit": "px",
                                                    "size": 0,
                                                    "sizes": []
                                                },
                                                "button_border_radius": {
                                                    "unit": "px",
                                                    "size": 0,
                                                    "sizes": []
                                                },
                                                "_animation": "slideInUp",
                                                "_animation_delay": 200,
                                                "background_a_color": "#FFFFFF"
                                            },
                                            "elements": [],
                                            "isInner": false,
                                            "widgetType": "flip-box",
                                            "elType": "widget"
                                        }
                                    ],
                                    "isInner": true,
                                    "elType": "column"
                                },
                                {
                                    "id": "2d71cc18",
                                    "settings": {
                                        "_column_size": 33,
                                        "_inline_size": null
                                    },
                                    "elements": [
                                        {
                                            "id": "4edc5493",
                                            "settings": {
                                                "graphic_element": "",
                                                "title_text_a": "",
                                                "description_text_a": "",
                                                "title_text_b": "Galih & Ratna",
                                                "description_text_b": "Wedding Party",
                                                "button_text": "",
                                                "height": {
                                                    "unit": "px",
                                                    "size": 300,
                                                    "sizes": []
                                                },
                                                "border_radius": {
                                                    "unit": "px",
                                                    "size": 0,
                                                    "sizes": []
                                                },
                                                "flip_effect": "fade",
                                                "image": {
                                                    "url": "",
                                                    "id": ""
                                                },
                                                "image_size": "full",
                                                "background_a_background": "classic",
                                                "background_a_image": {
                                                    "url": "http:\/\/theme.attype.com\/wp-content\/uploads\/2020\/07\/Gallery-3.jpg",
                                                    "id": 881
                                                },
                                                "background_a_position": "center center",
                                                "background_a_repeat": "no-repeat",
                                                "background_a_size": "cover",
                                                "background_overlay_a": "rgba(209, 193, 193, 0.19)",
                                                "background_b_background": "gradient",
                                                "background_b_color": "rgba(242, 214, 199, 0.25098039215686274)",
                                                "background_b_color_stop": {
                                                    "unit": "%",
                                                    "size": 10,
                                                    "sizes": []
                                                },
                                                "background_b_color_b": "rgba(242, 214, 199, 0.8)",
                                                "background_b_color_b_stop": {
                                                    "unit": "%",
                                                    "size": 80,
                                                    "sizes": []
                                                },
                                                "vertical_position_b": "bottom",
                                                "title_spacing_b": {
                                                    "unit": "px",
                                                    "size": 5,
                                                    "sizes": []
                                                },
                                                "button_size": "xs",
                                                "button_border_width": {
                                                    "unit": "px",
                                                    "size": 0,
                                                    "sizes": []
                                                },
                                                "button_border_radius": {
                                                    "unit": "px",
                                                    "size": 0,
                                                    "sizes": []
                                                },
                                                "_animation": "slideInUp",
                                                "_animation_delay": 400,
                                                "background_a_color": "#FFFFFF"
                                            },
                                            "elements": [],
                                            "isInner": false,
                                            "widgetType": "flip-box",
                                            "elType": "widget"
                                        }
                                    ],
                                    "isInner": true,
                                    "elType": "column"
                                }
                            ],
                            "isInner": true,
                            "elType": "section"
                        },
                        {
                            "id": "779c2f68",
                            "settings": {
                                "structure": "30",
                                "border_radius": {
                                    "unit": "px",
                                    "top": "0",
                                    "right": "0",
                                    "bottom": "0",
                                    "left": "0",
                                    "isLinked": true
                                },
                                "margin": {
                                    "unit": "px",
                                    "top": "-17",
                                    "right": 0,
                                    "bottom": "-17",
                                    "left": 0,
                                    "isLinked": true
                                },
                                "padding": {
                                    "unit": "em",
                                    "top": "0",
                                    "right": "0",
                                    "bottom": "2.5",
                                    "left": "0",
                                    "isLinked": false
                                }
                            },
                            "elements": [
                                {
                                    "id": "31d6d85d",
                                    "settings": {
                                        "_column_size": 33,
                                        "_inline_size": null,
                                        "border_radius": {
                                            "unit": "px",
                                            "top": "0",
                                            "right": "0",
                                            "bottom": "0",
                                            "left": "0",
                                            "isLinked": true
                                        }
                                    },
                                    "elements": [
                                        {
                                            "id": "6516362",
                                            "settings": {
                                                "graphic_element": "",
                                                "title_text_a": "",
                                                "description_text_a": "",
                                                "title_text_b": "Ryan & Lucy",
                                                "description_text_b": "Wedding Party",
                                                "button_text": "",
                                                "height": {
                                                    "unit": "px",
                                                    "size": 300,
                                                    "sizes": []
                                                },
                                                "border_radius": {
                                                    "unit": "px",
                                                    "size": 0,
                                                    "sizes": []
                                                },
                                                "flip_effect": "fade",
                                                "image": {
                                                    "url": "",
                                                    "id": ""
                                                },
                                                "image_size": "full",
                                                "background_a_background": "classic",
                                                "background_a_image": {
                                                    "url": "http:\/\/theme.attype.com\/wp-content\/uploads\/2020\/07\/Gallery-2.jpg",
                                                    "id": 880
                                                },
                                                "background_a_position": "center center",
                                                "background_a_repeat": "no-repeat",
                                                "background_a_size": "cover",
                                                "background_overlay_a": "rgba(209, 193, 193, 0.19)",
                                                "background_b_background": "gradient",
                                                "background_b_color": "rgba(242, 214, 199, 0.25098039215686274)",
                                                "background_b_color_stop": {
                                                    "unit": "%",
                                                    "size": 10,
                                                    "sizes": []
                                                },
                                                "background_b_color_b": "rgba(242, 214, 199, 0.8)",
                                                "background_b_color_b_stop": {
                                                    "unit": "%",
                                                    "size": 80,
                                                    "sizes": []
                                                },
                                                "vertical_position_b": "bottom",
                                                "title_spacing_b": {
                                                    "unit": "px",
                                                    "size": 5,
                                                    "sizes": []
                                                },
                                                "button_size": "xs",
                                                "button_border_width": {
                                                    "unit": "px",
                                                    "size": 0,
                                                    "sizes": []
                                                },
                                                "button_border_radius": {
                                                    "unit": "px",
                                                    "size": 0,
                                                    "sizes": []
                                                },
                                                "_animation": "slideInUp",
                                                "_animation_delay": 0,
                                                "background_a_color": "#FFFFFF"
                                            },
                                            "elements": [],
                                            "isInner": false,
                                            "widgetType": "flip-box",
                                            "elType": "widget"
                                        }
                                    ],
                                    "isInner": true,
                                    "elType": "column"
                                },
                                {
                                    "id": "5adc22c1",
                                    "settings": {
                                        "_column_size": 33,
                                        "_inline_size": null
                                    },
                                    "elements": [
                                        {
                                            "id": "6b5fa0a5",
                                            "settings": {
                                                "graphic_element": "",
                                                "title_text_a": "",
                                                "description_text_a": "",
                                                "title_text_b": "Giovano & Vella",
                                                "description_text_b": "Wedding Party",
                                                "button_text": "",
                                                "height": {
                                                    "unit": "px",
                                                    "size": 300,
                                                    "sizes": []
                                                },
                                                "border_radius": {
                                                    "unit": "px",
                                                    "size": 0,
                                                    "sizes": []
                                                },
                                                "flip_effect": "fade",
                                                "image": {
                                                    "url": "",
                                                    "id": ""
                                                },
                                                "image_size": "full",
                                                "background_a_background": "classic",
                                                "background_a_image": {
                                                    "url": "http:\/\/theme.attype.com\/wp-content\/uploads\/2020\/07\/Gallery-4.jpg",
                                                    "id": 882
                                                },
                                                "background_a_position": "center center",
                                                "background_a_repeat": "no-repeat",
                                                "background_a_size": "cover",
                                                "background_overlay_a": "rgba(209, 193, 193, 0.19)",
                                                "background_b_background": "gradient",
                                                "background_b_color": "rgba(242, 214, 199, 0.25098039215686274)",
                                                "background_b_color_stop": {
                                                    "unit": "%",
                                                    "size": 10,
                                                    "sizes": []
                                                },
                                                "background_b_color_b": "rgba(242, 214, 199, 0.8)",
                                                "background_b_color_b_stop": {
                                                    "unit": "%",
                                                    "size": 80,
                                                    "sizes": []
                                                },
                                                "vertical_position_b": "bottom",
                                                "title_spacing_b": {
                                                    "unit": "px",
                                                    "size": 5,
                                                    "sizes": []
                                                },
                                                "button_size": "xs",
                                                "button_border_width": {
                                                    "unit": "px",
                                                    "size": 0,
                                                    "sizes": []
                                                },
                                                "button_border_radius": {
                                                    "unit": "px",
                                                    "size": 0,
                                                    "sizes": []
                                                },
                                                "_animation": "slideInUp",
                                                "_animation_delay": 200,
                                                "background_a_color": "#FFFFFF"
                                            },
                                            "elements": [],
                                            "isInner": false,
                                            "widgetType": "flip-box",
                                            "elType": "widget"
                                        }
                                    ],
                                    "isInner": true,
                                    "elType": "column"
                                },
                                {
                                    "id": "e82510f",
                                    "settings": {
                                        "_column_size": 33,
                                        "_inline_size": null
                                    },
                                    "elements": [
                                        {
                                            "id": "288e36ca",
                                            "settings": {
                                                "graphic_element": "image",
                                                "title_text_a": "",
                                                "description_text_a": "",
                                                "title_text_b": "Joel & Stephany",
                                                "description_text_b": "Engagement Party",
                                                "button_text": "",
                                                "height": {
                                                    "unit": "px",
                                                    "size": 300,
                                                    "sizes": []
                                                },
                                                "border_radius": {
                                                    "unit": "px",
                                                    "size": 0,
                                                    "sizes": []
                                                },
                                                "flip_effect": "fade",
                                                "image": {
                                                    "url": "",
                                                    "id": ""
                                                },
                                                "image_size": "full",
                                                "background_a_background": "classic",
                                                "background_a_image": {
                                                    "url": "http:\/\/theme.attype.com\/wp-content\/uploads\/2020\/07\/Gallery-6.jpg",
                                                    "id": 878
                                                },
                                                "background_a_position": "center center",
                                                "background_a_repeat": "no-repeat",
                                                "background_a_size": "cover",
                                                "background_overlay_a": "rgba(209, 193, 193, 0.19)",
                                                "background_b_background": "gradient",
                                                "background_b_color": "rgba(242, 214, 199, 0.25098039215686274)",
                                                "background_b_color_stop": {
                                                    "unit": "%",
                                                    "size": 10,
                                                    "sizes": []
                                                },
                                                "background_b_color_b": "rgba(242, 214, 199, 0.8)",
                                                "background_b_color_b_stop": {
                                                    "unit": "%",
                                                    "size": 80,
                                                    "sizes": []
                                                },
                                                "vertical_position_b": "bottom",
                                                "title_spacing_b": {
                                                    "unit": "px",
                                                    "size": 5,
                                                    "sizes": []
                                                },
                                                "button_size": "xs",
                                                "button_border_width": {
                                                    "unit": "px",
                                                    "size": 0,
                                                    "sizes": []
                                                },
                                                "button_border_radius": {
                                                    "unit": "px",
                                                    "size": 0,
                                                    "sizes": []
                                                },
                                                "_animation": "slideInUp",
                                                "_animation_delay": 400,
                                                "background_a_color": "#FFFFFF"
                                            },
                                            "elements": [],
                                            "isInner": false,
                                            "widgetType": "flip-box",
                                            "elType": "widget"
                                        }
                                    ],
                                    "isInner": true,
                                    "elType": "column"
                                }
                            ],
                            "isInner": true,
                            "elType": "section"
                        }
                    ],
                    "isInner": false,
                    "elType": "column"
                }
            ],
            "isInner": false,
            "elType": "section"
        },
        {
            "id": "244f9257",
            "settings": {
                "background_background": "classic",
                "padding": {
                    "unit": "em",
                    "top": "2.5",
                    "right": "1",
                    "bottom": "5",
                    "left": "1",
                    "isLinked": false
                }
            },
            "elements": [
                {
                    "id": "78141865",
                    "settings": {
                        "_column_size": 100,
                        "_inline_size": null,
                        "background_color": "#FFFFFF"
                    },
                    "elements": [
                        {
                            "id": "1a38d96c",
                            "settings": {
                                "title": "Book an Appointment",
                                "description": "Get an advice for your wedding",
                                "button": "Book Now",
                                "skin": "cover",
                                "layout": "above",
                                "bg_image": {
                                    "url": "http:\/\/theme.attype.com\/wp-content\/uploads\/2020\/07\/Book-appointment-2.jpg",
                                    "id": 798
                                },
                                "bg_image_size": "medium_large",
                                "graphic_element": "",
                                "min-height": {
                                    "unit": "px",
                                    "size": 400,
                                    "sizes": []
                                },
                                "alignment": "",
                                "vertical_position": "middle",
                                "title_typography_typography": "custom",
                                "title_typography_font_size_mobile": {
                                    "unit": "em",
                                    "size": 2,
                                    "sizes": []
                                },
                                "description_typography_font_family": "Lora",
                                "description_typography_font_size": {
                                    "unit": "em",
                                    "size": 1,
                                    "sizes": []
                                },
                                "description_typography_font_weight": "600",
                                "title_color": "#333333",
                                "description_color": "#666666",
                                "title_color_hover": "#333333",
                                "description_color_hover": "#000000",
                                "button_typography_typography": "custom",
                                "button_typography_font_family": "Lora",
                                "button_typography_font_size": {
                                    "unit": "em",
                                    "size": 1,
                                    "sizes": []
                                },
                                "button_typography_font_weight": "600",
                                "button_text_color": "#FFFFFF",
                                "button_background_color": "#F2D6C7",
                                "button_border_color": "rgba(2, 1, 1, 0)",
                                "button_hover_text_color": "#FFFFFF",
                                "button_hover_background_color": "#F2D6C7",
                                "button_border_radius": {
                                    "unit": "px",
                                    "size": 5,
                                    "sizes": []
                                },
                                "content_animation": "move-up",
                                "content_animation_duration": {
                                    "unit": "px",
                                    "size": 900,
                                    "sizes": []
                                },
                                "overlay_color_hover": "rgba(255, 255, 255, 0.3)"
                            },
                            "elements": [],
                            "isInner": false,
                            "widgetType": "call-to-action",
                            "elType": "widget"
                        }
                    ],
                    "isInner": false,
                    "elType": "column"
                }
            ],
            "isInner": false,
            "elType": "section"
        }
    ]
}