{
    "version": "0.4",
    "title": "Global Kit Styles",
    "type": "section",
    "metadata": {
        "template_type": "global-styles",
        "include_in_zip": "1",
        "elementor_pro_required": null,
        "additional_template_information": [
            "These are the global theme styles configured through the Elementor Theme Styles area."
        ],
        "wp_page_template": "default"
    },
    "content": [],
    "page_settings": {
        "h1_typography_typography": "custom",
        "h1_typography_font_family": "Dancing Script",
        "h1_typography_font_size": {
            "unit": "px",
            "size": "80",
            "sizes": []
        },
        "h1_typography_font_weight": "300",
        "h6_typography_font_family": "Cormorant Garamond",
        "h6_typography_font_size": {
            "unit": "px",
            "size": "25",
            "sizes": []
        },
        "h6_typography_font_weight": "700",
        "body_typography_typography": "custom",
        "body_typography_font_family": "Lora",
        "body_typography_font_size": {
            "unit": "em",
            "size": "1",
            "sizes": []
        },
        "body_typography_font_weight": "300",
        "h2_typography_typography": "custom",
        "h2_typography_font_family": "Lora",
        "h2_typography_font_size": {
            "unit": "px",
            "size": "55",
            "sizes": []
        },
        "h2_typography_font_weight": "300",
        "h3_typography_typography": "custom",
        "h3_typography_font_family": "Dancing Script",
        "h3_typography_font_size": {
            "unit": "px",
            "size": "45",
            "sizes": []
        },
        "h3_typography_font_weight": "300",
        "h2_typography_letter_spacing": {
            "unit": "px",
            "size": "1.5",
            "sizes": []
        },
        "button_typography_font_family": "Josefin Sans",
        "button_typography_font_size": {
            "unit": "px",
            "size": "15",
            "sizes": []
        },
        "button_typography_font_weight": "400",
        "h1_typography_text_transform": "capitalize",
        "h2_typography_text_transform": "capitalize",
        "h3_typography_text_transform": "capitalize",
        "h4_typography_typography": "custom",
        "h4_typography_font_family": "Lora",
        "h4_typography_font_size": {
            "unit": "em",
            "size": "2",
            "sizes": []
        },
        "h4_typography_font_weight": "400",
        "h4_typography_font_size_mobile": {
            "unit": "em",
            "size": "1.5",
            "sizes": []
        },
        "h1_typography_font_size_mobile": {
            "unit": "em",
            "size": "4",
            "sizes": []
        },
        "h2_typography_font_size_mobile": {
            "unit": "em",
            "size": "2.5",
            "sizes": []
        }
    }
}