{
    "version": "0.4",
    "title": "Header",
    "type": "header",
    "metadata": {
        "template_type": "section-header",
        "include_in_zip": "1",
        "elementor_pro_required": "1",
        "elementor_library_type": "header",
        "elementor_pro_conditions": [
            "include\/general"
        ],
        "additional_template_information": [
            "This is a \"Header\" template for Elementor Pro.",
            "This template will display on: Entire Site."
        ],
        "wp_page_template": "default"
    },
    "content": [
        {
            "id": "1ce9f26d",
            "settings": {
                "structure": "20",
                "background_background": "classic",
                "background_color": "#FFFFFF"
            },
            "elements": [
                {
                    "id": "3d5bef9",
                    "settings": {
                        "_column_size": 50,
                        "_inline_size": 20
                    },
                    "elements": [
                        {
                            "id": "6959c634",
                            "settings": {
                                "image": {
                                    "url": "http:\/\/theme.attype.com\/wp-content\/uploads\/2020\/07\/logo-2-1.png",
                                    "id": 182
                                },
                                "image_size": "medium"
                            },
                            "elements": [],
                            "isInner": false,
                            "widgetType": "image",
                            "elType": "widget"
                        }
                    ],
                    "isInner": false,
                    "elType": "column"
                },
                {
                    "id": "303eb5f6",
                    "settings": {
                        "_column_size": 50,
                        "_inline_size": 80,
                        "content_position": "center"
                    },
                    "elements": [
                        {
                            "id": "b37b61b",
                            "settings": {
                                "align_items": "center",
                                "animation_line": "slide",
                                "indicator": "plus",
                                "menu_typography_typography": "custom",
                                "menu_typography_font_family": "Lora",
                                "menu_typography_font_size": {
                                    "unit": "em",
                                    "size": 1,
                                    "sizes": []
                                },
                                "menu_typography_font_weight": "500",
                                "color_menu_item": "#54595F",
                                "color_menu_item_hover": "#F2D6C7",
                                "pointer_color_menu_item_hover": "#F2D6C7",
                                "pointer_width": {
                                    "unit": "px",
                                    "size": 2,
                                    "sizes": []
                                },
                                "padding_horizontal_menu_item": {
                                    "unit": "px",
                                    "size": 26,
                                    "sizes": []
                                },
                                "menu_space_between": {
                                    "unit": "px",
                                    "size": 2,
                                    "sizes": []
                                },
                                "color_dropdown_item": "#F2D6C7",
                                "background_color_dropdown_item": "#FFFFFF",
                                "color_dropdown_item_hover": "#FFFFFF",
                                "background_color_dropdown_item_hover": "#F2D6C7",
                                "dropdown_typography_typography": "custom",
                                "dropdown_typography_font_family": "Lora",
                                "dropdown_typography_font_size": {
                                    "unit": "em",
                                    "size": 1,
                                    "sizes": []
                                },
                                "dropdown_typography_font_weight": "500",
                                "dropdown_divider_border": "solid",
                                "menu_typography_letter_spacing": {
                                    "unit": "px",
                                    "size": 1,
                                    "sizes": []
                                },
                                "toggle_color": "#666666",
                                "toggle_background_color": "#FFFFFF",
                                "toggle_color_hover": "#F2D6C7",
                                "text_align": "center"
                            },
                            "elements": [],
                            "isInner": false,
                            "widgetType": "nav-menu",
                            "elType": "widget"
                        }
                    ],
                    "isInner": false,
                    "elType": "column"
                }
            ],
            "isInner": false,
            "elType": "section"
        }
    ]
}