{
    "version": "0.4",
    "title": "Single Venue",
    "type": "section",
    "metadata": {
        "template_type": "single-product",
        "include_in_zip": "1",
        "elementor_pro_required": null,
        "wp_page_template": "elementor_header_footer"
    },
    "content": [
        {
            "id": "14964d7b",
            "settings": {
                "padding": {
                    "unit": "em",
                    "top": "5",
                    "right": "01",
                    "bottom": "5",
                    "left": "1",
                    "isLinked": false
                },
                "background_background": "classic",
                "background_image": {
                    "url": "http:\/\/theme.attype.com\/wp-content\/uploads\/2020\/07\/Headline.jpg",
                    "id": 737
                },
                "background_position": "initial",
                "background_repeat": "repeat-y",
                "background_size": "auto",
                "background_overlay_background": "gradient",
                "background_overlay_color": "#FFFFFF",
                "background_overlay_color_stop": {
                    "unit": "%",
                    "size": 15,
                    "sizes": []
                },
                "background_overlay_color_b": "rgba(242, 41, 91, 0)",
                "background_overlay_color_b_stop": {
                    "unit": "%",
                    "size": 90,
                    "sizes": []
                },
                "background_overlay_opacity": {
                    "unit": "px",
                    "size": 1,
                    "sizes": []
                },
                "background_xpos": {
                    "unit": "em",
                    "size": -20.5,
                    "sizes": []
                },
                "background_ypos": {
                    "unit": "em",
                    "size": -42,
                    "sizes": []
                },
                "background_position_mobile": "initial",
                "background_xpos_mobile": {
                    "unit": "%",
                    "size": 19,
                    "sizes": []
                },
                "background_ypos_mobile": {
                    "unit": "%",
                    "size": 51,
                    "sizes": []
                },
                "background_size_mobile": "cover",
                "background_overlay_gradient_angle": {
                    "unit": "deg",
                    "size": 90,
                    "sizes": []
                }
            },
            "elements": [
                {
                    "id": "4fc75e73",
                    "settings": {
                        "_column_size": 100,
                        "_inline_size": null
                    },
                    "elements": [
                        {
                            "id": "508cc834",
                            "settings": [],
                            "elements": [
                                {
                                    "id": "23b047ae",
                                    "settings": {
                                        "_column_size": 100,
                                        "_inline_size": null,
                                        "content_position": "center",
                                        "align": "center"
                                    },
                                    "elements": [
                                        {
                                            "id": "44b4bac7",
                                            "settings": {
                                                "title": "Venue",
                                                "align": "left",
                                                "typography_font_size": {
                                                    "unit": "px",
                                                    "size": 50,
                                                    "sizes": []
                                                },
                                                "typography_letter_spacing": {
                                                    "unit": "px",
                                                    "size": 1.5,
                                                    "sizes": []
                                                },
                                                "_margin": {
                                                    "unit": "px",
                                                    "top": "0",
                                                    "right": "0",
                                                    "bottom": "0",
                                                    "left": "0",
                                                    "isLinked": true
                                                },
                                                "_padding": {
                                                    "unit": "px",
                                                    "top": "0",
                                                    "right": "0",
                                                    "bottom": "0",
                                                    "left": "0",
                                                    "isLinked": true
                                                },
                                                "title_color": "#333333",
                                                "header_size": "h1",
                                                "typography_font_size_mobile": {
                                                    "unit": "em",
                                                    "size": 4,
                                                    "sizes": []
                                                },
                                                "typography_letter_spacing_mobile": {
                                                    "unit": "px",
                                                    "size": 0,
                                                    "sizes": []
                                                }
                                            },
                                            "elements": [],
                                            "isInner": false,
                                            "widgetType": "heading",
                                            "elType": "widget"
                                        }
                                    ],
                                    "isInner": true,
                                    "elType": "column"
                                }
                            ],
                            "isInner": true,
                            "elType": "section"
                        }
                    ],
                    "isInner": false,
                    "elType": "column"
                }
            ],
            "isInner": false,
            "elType": "section"
        },
        {
            "id": "54f4ffd8",
            "settings": {
                "padding": {
                    "unit": "em",
                    "top": "5",
                    "right": "1",
                    "bottom": "4",
                    "left": "1",
                    "isLinked": false
                }
            },
            "elements": [
                {
                    "id": "78ed6ad4",
                    "settings": {
                        "_column_size": 100,
                        "_inline_size": null
                    },
                    "elements": [
                        {
                            "id": "3b764d1f",
                            "settings": [],
                            "elements": [
                                {
                                    "id": "fc57c29",
                                    "settings": {
                                        "_column_size": 100,
                                        "_inline_size": null
                                    },
                                    "elements": [
                                        {
                                            "id": "17f8daf4",
                                            "settings": {
                                                "title": "Sakura Hall",
                                                "align": "center",
                                                "title_color": "#333333",
                                                "typography_font_size": {
                                                    "unit": "px",
                                                    "size": 55,
                                                    "sizes": []
                                                },
                                                "typography_font_size_mobile": {
                                                    "unit": "em",
                                                    "size": 2.5,
                                                    "sizes": []
                                                }
                                            },
                                            "elements": [],
                                            "isInner": false,
                                            "widgetType": "heading",
                                            "elType": "widget"
                                        },
                                        {
                                            "id": "215af412",
                                            "settings": {
                                                "image": {
                                                    "url": "http:\/\/theme.attype.com\/wp-content\/uploads\/2020\/07\/divider.png",
                                                    "id": 235
                                                },
                                                "image_size": "medium",
                                                "align": "center",
                                                "width": {
                                                    "unit": "px",
                                                    "size": 200,
                                                    "sizes": []
                                                },
                                                "_margin": {
                                                    "unit": "%",
                                                    "top": "-2",
                                                    "right": "0",
                                                    "bottom": "0",
                                                    "left": "0",
                                                    "isLinked": false
                                                },
                                                "_padding": {
                                                    "unit": "%",
                                                    "top": "0",
                                                    "right": "0",
                                                    "bottom": "0",
                                                    "left": "0",
                                                    "isLinked": false
                                                },
                                                "width_mobile": {
                                                    "unit": "vw",
                                                    "size": 40,
                                                    "sizes": []
                                                },
                                                "space_mobile": {
                                                    "unit": "vw",
                                                    "size": 40,
                                                    "sizes": []
                                                },
                                                "space": {
                                                    "unit": "px",
                                                    "size": 150,
                                                    "sizes": []
                                                },
                                                "_padding_mobile": {
                                                    "unit": "em",
                                                    "top": "",
                                                    "right": "",
                                                    "bottom": "",
                                                    "left": "",
                                                    "isLinked": true
                                                }
                                            },
                                            "elements": [],
                                            "isInner": false,
                                            "widgetType": "image",
                                            "elType": "widget"
                                        }
                                    ],
                                    "isInner": true,
                                    "elType": "column"
                                }
                            ],
                            "isInner": true,
                            "elType": "section"
                        },
                        {
                            "id": "ce0527d",
                            "settings": [],
                            "elements": [
                                {
                                    "id": "18275a0f",
                                    "settings": {
                                        "_column_size": 100,
                                        "_inline_size": null
                                    },
                                    "elements": [
                                        {
                                            "id": "53a492f5",
                                            "settings": {
                                                "editor": "Lorem ipsum dolor sit amet, consectetur adipiscing elit. Donec lobortis, ligula sit amet vulputate mollis, metus massa maximus nisl, vitae fermentum dui mi vitae sem. Proin eleifend sollicitudin nunc, a venenatis nibh ultricies in",
                                                "align": "center",
                                                "_margin": {
                                                    "unit": "px",
                                                    "top": "0",
                                                    "right": "100",
                                                    "bottom": "0",
                                                    "left": "100",
                                                    "isLinked": false
                                                },
                                                "align_mobile": "left",
                                                "typography_typography": "custom",
                                                "_margin_mobile": {
                                                    "unit": "%",
                                                    "top": "0",
                                                    "right": "0",
                                                    "bottom": "0",
                                                    "left": "0",
                                                    "isLinked": true
                                                },
                                                "text_color": "#666666"
                                            },
                                            "elements": [],
                                            "isInner": false,
                                            "widgetType": "text-editor",
                                            "elType": "widget"
                                        }
                                    ],
                                    "isInner": true,
                                    "elType": "column"
                                }
                            ],
                            "isInner": true,
                            "elType": "section"
                        }
                    ],
                    "isInner": false,
                    "elType": "column"
                }
            ],
            "isInner": false,
            "elType": "section"
        },
        {
            "id": "29ac22bc",
            "settings": {
                "layout": "full_width",
                "background_background": "classic",
                "background_color": "#F2D6C7",
                "padding": {
                    "unit": "em",
                    "top": "5",
                    "right": "1",
                    "bottom": "5",
                    "left": "1",
                    "isLinked": false
                },
                "padding_mobile": {
                    "unit": "em",
                    "top": "",
                    "right": "",
                    "bottom": "",
                    "left": "",
                    "isLinked": true
                }
            },
            "elements": [
                {
                    "id": "4c38a221",
                    "settings": {
                        "_column_size": 100,
                        "_inline_size": null,
                        "margin": {
                            "unit": "%",
                            "top": "0",
                            "right": "10",
                            "bottom": "0",
                            "left": "10",
                            "isLinked": false
                        }
                    },
                    "elements": [
                        {
                            "id": "7d00d249",
                            "settings": {
                                "content_width": {
                                    "unit": "px",
                                    "size": 850,
                                    "sizes": []
                                },
                                "gap": "narrow",
                                "structure": "30",
                                "margin": {
                                    "unit": "px",
                                    "top": "0",
                                    "right": 0,
                                    "bottom": "0",
                                    "left": 0,
                                    "isLinked": false
                                }
                            },
                            "elements": [
                                {
                                    "id": "5f909a0a",
                                    "settings": {
                                        "_column_size": 33,
                                        "_inline_size": null,
                                        "content_position": "top",
                                        "margin": {
                                            "unit": "%",
                                            "top": "0",
                                            "right": "0",
                                            "bottom": "0",
                                            "left": "0",
                                            "isLinked": true
                                        }
                                    },
                                    "elements": [
                                        {
                                            "id": "64cfa7eb",
                                            "settings": {
                                                "title_text": "Location",
                                                "description_text": "",
                                                "selected_icon": {
                                                    "value": "fas fa-map-marker-alt",
                                                    "library": "fa-solid"
                                                },
                                                "primary_color": "#FFFFFF",
                                                "icon_space": {
                                                    "unit": "px",
                                                    "size": 10,
                                                    "sizes": []
                                                },
                                                "icon_size": {
                                                    "unit": "px",
                                                    "size": 60,
                                                    "sizes": []
                                                },
                                                "text_align": "center",
                                                "content_vertical_alignment": "middle",
                                                "title_bottom_space": {
                                                    "unit": "px",
                                                    "size": 0,
                                                    "sizes": []
                                                },
                                                "title_color": "#FFFFFF",
                                                "title_typography_font_family": "Lora",
                                                "title_typography_font_size": {
                                                    "unit": "em",
                                                    "size": 2,
                                                    "sizes": []
                                                },
                                                "title_typography_font_weight": "400",
                                                "title_typography_text_transform": "capitalize",
                                                "description_color": "#FFFFFF",
                                                "description_typography_font_family": "Open Sans",
                                                "description_typography_font_size": {
                                                    "unit": "px",
                                                    "size": 15,
                                                    "sizes": []
                                                },
                                                "description_typography_font_weight": "400",
                                                "_margin": {
                                                    "unit": "px",
                                                    "top": "",
                                                    "right": "",
                                                    "bottom": "",
                                                    "left": "",
                                                    "isLinked": false
                                                },
                                                "_padding": {
                                                    "unit": "em",
                                                    "top": "0",
                                                    "right": "0",
                                                    "bottom": "0",
                                                    "left": "0",
                                                    "isLinked": false
                                                },
                                                "title_size": "h4"
                                            },
                                            "elements": [],
                                            "isInner": false,
                                            "widgetType": "icon-box",
                                            "elType": "widget"
                                        },
                                        {
                                            "id": "9a9f297",
                                            "settings": {
                                                "editor": "<p>London SE1 7PB, United Kingdom\u200b<\/p>",
                                                "align": "center",
                                                "text_color": "#FFFFFF",
                                                "typography_typography": "custom",
                                                "typography_font_family": "Lora",
                                                "typography_font_size": {
                                                    "unit": "em",
                                                    "size": 1,
                                                    "sizes": []
                                                },
                                                "typography_font_weight": "500",
                                                "column_gap": {
                                                    "unit": "px",
                                                    "size": 0,
                                                    "sizes": []
                                                }
                                            },
                                            "elements": [],
                                            "isInner": false,
                                            "widgetType": "text-editor",
                                            "elType": "widget"
                                        }
                                    ],
                                    "isInner": true,
                                    "elType": "column"
                                },
                                {
                                    "id": "2ed83205",
                                    "settings": {
                                        "_column_size": 33,
                                        "_inline_size": null,
                                        "content_position": "top",
                                        "margin": {
                                            "unit": "%",
                                            "top": "0",
                                            "right": "0",
                                            "bottom": "0",
                                            "left": "0",
                                            "isLinked": true
                                        }
                                    },
                                    "elements": [
                                        {
                                            "id": "42347ccf",
                                            "settings": {
                                                "title_text": "Capacity",
                                                "description_text": "\n\n",
                                                "selected_icon": {
                                                    "value": "far fa-building",
                                                    "library": "fa-regular"
                                                },
                                                "primary_color": "#FFFFFF",
                                                "icon_space": {
                                                    "unit": "px",
                                                    "size": 10,
                                                    "sizes": []
                                                },
                                                "icon_size": {
                                                    "unit": "px",
                                                    "size": 60,
                                                    "sizes": []
                                                },
                                                "text_align": "center",
                                                "content_vertical_alignment": "middle",
                                                "title_bottom_space": {
                                                    "unit": "px",
                                                    "size": 0,
                                                    "sizes": []
                                                },
                                                "title_color": "#FFFFFF",
                                                "title_typography_font_family": "Lora",
                                                "title_typography_font_size": {
                                                    "unit": "em",
                                                    "size": 1.5,
                                                    "sizes": []
                                                },
                                                "title_typography_font_weight": "400",
                                                "title_typography_text_transform": "capitalize",
                                                "description_color": "#FFFFFF",
                                                "description_typography_font_family": "Open Sans",
                                                "description_typography_font_size": {
                                                    "unit": "px",
                                                    "size": 15,
                                                    "sizes": []
                                                },
                                                "description_typography_font_weight": "400",
                                                "_margin": {
                                                    "unit": "px",
                                                    "top": "",
                                                    "right": "",
                                                    "bottom": "",
                                                    "left": "",
                                                    "isLinked": false
                                                },
                                                "_padding": {
                                                    "unit": "em",
                                                    "top": "0",
                                                    "right": "0",
                                                    "bottom": "0",
                                                    "left": "0",
                                                    "isLinked": false
                                                },
                                                "title_size": "h4"
                                            },
                                            "elements": [],
                                            "isInner": false,
                                            "widgetType": "icon-box",
                                            "elType": "widget"
                                        },
                                        {
                                            "id": "bdb8be3",
                                            "settings": {
                                                "editor": "<p>2000 Person<br \/>Buffet : 100 - 150 pax<br \/>Plated : 100 - 150 pax<\/p>",
                                                "align": "center",
                                                "text_color": "#FFFFFF",
                                                "typography_typography": "custom",
                                                "typography_font_family": "Lora",
                                                "typography_font_size": {
                                                    "unit": "em",
                                                    "size": 1,
                                                    "sizes": []
                                                },
                                                "typography_font_weight": "500",
                                                "column_gap": {
                                                    "unit": "px",
                                                    "size": 0,
                                                    "sizes": []
                                                }
                                            },
                                            "elements": [],
                                            "isInner": false,
                                            "widgetType": "text-editor",
                                            "elType": "widget"
                                        }
                                    ],
                                    "isInner": true,
                                    "elType": "column"
                                },
                                {
                                    "id": "326b479",
                                    "settings": {
                                        "_column_size": 33,
                                        "_inline_size": null,
                                        "content_position": "top",
                                        "margin": {
                                            "unit": "%",
                                            "top": "0",
                                            "right": "0",
                                            "bottom": "0",
                                            "left": "0",
                                            "isLinked": true
                                        }
                                    },
                                    "elements": [
                                        {
                                            "id": "320a2d6c",
                                            "settings": {
                                                "title_text": "Price",
                                                "description_text": "",
                                                "selected_icon": {
                                                    "value": "fas fa-dollar-sign",
                                                    "library": "fa-solid"
                                                },
                                                "primary_color": "#FFFFFF",
                                                "icon_space": {
                                                    "unit": "px",
                                                    "size": 10,
                                                    "sizes": []
                                                },
                                                "icon_size": {
                                                    "unit": "px",
                                                    "size": 60,
                                                    "sizes": []
                                                },
                                                "title_bottom_space": {
                                                    "unit": "px",
                                                    "size": 0,
                                                    "sizes": []
                                                },
                                                "title_color": "#FFFFFF",
                                                "title_typography_font_family": "Lora",
                                                "title_typography_font_size": {
                                                    "unit": "em",
                                                    "size": 1.5,
                                                    "sizes": []
                                                },
                                                "title_typography_font_weight": "400",
                                                "title_typography_text_transform": "capitalize",
                                                "description_color": "#FFFFFF",
                                                "description_typography_font_family": "Open Sans",
                                                "description_typography_font_size": {
                                                    "unit": "px",
                                                    "size": 15,
                                                    "sizes": []
                                                },
                                                "description_typography_font_weight": "400",
                                                "_margin": {
                                                    "unit": "px",
                                                    "top": "",
                                                    "right": "",
                                                    "bottom": "",
                                                    "left": "",
                                                    "isLinked": false
                                                },
                                                "_padding": {
                                                    "unit": "em",
                                                    "top": "0",
                                                    "right": "0",
                                                    "bottom": "0",
                                                    "left": "0",
                                                    "isLinked": false
                                                },
                                                "text_align": "center",
                                                "content_vertical_alignment": "middle",
                                                "title_size": "h4"
                                            },
                                            "elements": [],
                                            "isInner": false,
                                            "widgetType": "icon-box",
                                            "elType": "widget"
                                        },
                                        {
                                            "id": "1c927cc4",
                                            "settings": {
                                                "editor": "<p>$ 1500 \/ day<br \/>$ 500 \/ hour<\/p>",
                                                "align": "center",
                                                "text_color": "#FFFFFF",
                                                "typography_typography": "custom",
                                                "typography_font_family": "Lora",
                                                "typography_font_size": {
                                                    "unit": "em",
                                                    "size": 1,
                                                    "sizes": []
                                                },
                                                "typography_font_weight": "500",
                                                "column_gap": {
                                                    "unit": "px",
                                                    "size": 0,
                                                    "sizes": []
                                                }
                                            },
                                            "elements": [],
                                            "isInner": false,
                                            "widgetType": "text-editor",
                                            "elType": "widget"
                                        }
                                    ],
                                    "isInner": true,
                                    "elType": "column"
                                }
                            ],
                            "isInner": true,
                            "elType": "section"
                        }
                    ],
                    "isInner": false,
                    "elType": "column"
                }
            ],
            "isInner": false,
            "elType": "section"
        },
        {
            "id": "48c86757",
            "settings": {
                "padding": {
                    "unit": "em",
                    "top": "5",
                    "right": "1",
                    "bottom": "2.5",
                    "left": "1",
                    "isLinked": false
                },
                "padding_mobile": {
                    "unit": "em",
                    "top": "1",
                    "right": "1",
                    "bottom": "1",
                    "left": "1",
                    "isLinked": true
                }
            },
            "elements": [
                {
                    "id": "3b34291b",
                    "settings": {
                        "_column_size": 100,
                        "_inline_size": null
                    },
                    "elements": [
                        {
                            "id": "28997bd5",
                            "settings": {
                                "carousel": [
                                    {
                                        "id": 687,
                                        "url": "http:\/\/theme.attype.com\/wp-content\/uploads\/2020\/07\/single-venue-4.jpg"
                                    },
                                    {
                                        "id": 688,
                                        "url": "http:\/\/theme.attype.com\/wp-content\/uploads\/2020\/07\/single-venue-1.jpg"
                                    },
                                    {
                                        "id": 689,
                                        "url": "http:\/\/theme.attype.com\/wp-content\/uploads\/2020\/07\/single-venue-2.jpg"
                                    },
                                    {
                                        "id": 690,
                                        "url": "http:\/\/theme.attype.com\/wp-content\/uploads\/2020\/07\/single-venue-3.jpg"
                                    }
                                ],
                                "thumbnail_size": "full",
                                "slides_to_show": "1",
                                "image_stretch": "yes",
                                "arrows_size": {
                                    "unit": "px",
                                    "size": 30,
                                    "sizes": []
                                },
                                "arrows_color": "#666666",
                                "dots_color": "#666666"
                            },
                            "elements": [],
                            "isInner": false,
                            "widgetType": "image-carousel",
                            "elType": "widget"
                        }
                    ],
                    "isInner": false,
                    "elType": "column"
                }
            ],
            "isInner": false,
            "elType": "section"
        },
        {
            "id": "6d092432",
            "settings": {
                "layout": "full_width",
                "padding": {
                    "unit": "em",
                    "top": "2.5",
                    "right": "1",
                    "bottom": "0",
                    "left": "1",
                    "isLinked": false
                }
            },
            "elements": [
                {
                    "id": "5d448092",
                    "settings": {
                        "_column_size": 100,
                        "_inline_size": null,
                        "padding": {
                            "unit": "px",
                            "top": "0",
                            "right": "0",
                            "bottom": "0",
                            "left": "0",
                            "isLinked": false
                        }
                    },
                    "elements": [
                        {
                            "id": "5872d6b7",
                            "settings": [],
                            "elements": [
                                {
                                    "id": "d7d221e",
                                    "settings": {
                                        "_column_size": 100,
                                        "_inline_size": null
                                    },
                                    "elements": [
                                        {
                                            "id": "34c28f09",
                                            "settings": {
                                                "title": "Location Map",
                                                "align": "center",
                                                "title_color": "#333333",
                                                "typography_font_size": {
                                                    "unit": "px",
                                                    "size": 55,
                                                    "sizes": []
                                                },
                                                "typography_font_size_mobile": {
                                                    "unit": "em",
                                                    "size": 2.5,
                                                    "sizes": []
                                                }
                                            },
                                            "elements": [],
                                            "isInner": false,
                                            "widgetType": "heading",
                                            "elType": "widget"
                                        },
                                        {
                                            "id": "68c3e3a2",
                                            "settings": {
                                                "image": {
                                                    "url": "http:\/\/theme.attype.com\/wp-content\/uploads\/2020\/07\/divider.png",
                                                    "id": 235
                                                },
                                                "image_size": "medium",
                                                "align": "center",
                                                "width": {
                                                    "unit": "px",
                                                    "size": 200,
                                                    "sizes": []
                                                },
                                                "_margin": {
                                                    "unit": "%",
                                                    "top": "-2",
                                                    "right": "0",
                                                    "bottom": "0",
                                                    "left": "0",
                                                    "isLinked": false
                                                },
                                                "_padding": {
                                                    "unit": "em",
                                                    "top": "0",
                                                    "right": "0",
                                                    "bottom": "0",
                                                    "left": "0",
                                                    "isLinked": false
                                                },
                                                "width_mobile": {
                                                    "unit": "vw",
                                                    "size": 40,
                                                    "sizes": []
                                                },
                                                "space_mobile": {
                                                    "unit": "vw",
                                                    "size": 40,
                                                    "sizes": []
                                                },
                                                "space": {
                                                    "unit": "px",
                                                    "size": 150,
                                                    "sizes": []
                                                },
                                                "_padding_mobile": {
                                                    "unit": "em",
                                                    "top": "",
                                                    "right": "",
                                                    "bottom": "",
                                                    "left": "",
                                                    "isLinked": true
                                                }
                                            },
                                            "elements": [],
                                            "isInner": false,
                                            "widgetType": "image",
                                            "elType": "widget"
                                        }
                                    ],
                                    "isInner": true,
                                    "elType": "column"
                                }
                            ],
                            "isInner": true,
                            "elType": "section"
                        },
                        {
                            "id": "3950abd7",
                            "settings": {
                                "address": "London Eye, London, United Kingdom",
                                "height": {
                                    "unit": "px",
                                    "size": 600,
                                    "sizes": []
                                },
                                "_margin": {
                                    "unit": "px",
                                    "top": "0",
                                    "right": "0",
                                    "bottom": "0",
                                    "left": "0",
                                    "isLinked": false
                                },
                                "_padding": {
                                    "unit": "px",
                                    "top": "0",
                                    "right": "0",
                                    "bottom": "0",
                                    "left": "0",
                                    "isLinked": false
                                },
                                "height_mobile": {
                                    "unit": "px",
                                    "size": 300,
                                    "sizes": []
                                }
                            },
                            "elements": [],
                            "isInner": false,
                            "widgetType": "google_maps",
                            "elType": "widget"
                        }
                    ],
                    "isInner": false,
                    "elType": "column"
                }
            ],
            "isInner": false,
            "elType": "section"
        },
        {
            "id": "52440799",
            "settings": {
                "margin_mobile": {
                    "unit": "px",
                    "top": "0",
                    "right": 0,
                    "bottom": "0",
                    "left": 0,
                    "isLinked": true
                },
                "padding_mobile": {
                    "unit": "em",
                    "top": "0",
                    "right": "0",
                    "bottom": "0",
                    "left": "0",
                    "isLinked": true
                },
                "padding": {
                    "unit": "em",
                    "top": "0",
                    "right": "0",
                    "bottom": "5",
                    "left": "0",
                    "isLinked": false
                }
            },
            "elements": [
                {
                    "id": "cbfd3ea",
                    "settings": {
                        "_column_size": 100,
                        "_inline_size": null,
                        "margin": {
                            "unit": "px",
                            "top": "0",
                            "right": "50",
                            "bottom": "0",
                            "left": "50",
                            "isLinked": false
                        },
                        "margin_mobile": {
                            "unit": "%",
                            "top": "1",
                            "right": "1",
                            "bottom": "1",
                            "left": "1",
                            "isLinked": true
                        }
                    },
                    "elements": [
                        {
                            "id": "7ccea05b",
                            "settings": {
                                "content_width": {
                                    "unit": "px",
                                    "size": 900,
                                    "sizes": []
                                },
                                "background_position": "center center",
                                "background_repeat": "no-repeat",
                                "background_size": "cover",
                                "background_overlay_background": "classic",
                                "background_overlay_opacity": {
                                    "unit": "px",
                                    "size": 0.8,
                                    "sizes": []
                                },
                                "margin": {
                                    "unit": "px",
                                    "top": "-90",
                                    "right": 0,
                                    "bottom": "0",
                                    "left": 0,
                                    "isLinked": false
                                },
                                "padding": {
                                    "unit": "px",
                                    "top": "30",
                                    "right": "15",
                                    "bottom": "10",
                                    "left": "15",
                                    "isLinked": false
                                },
                                "z_index": 1,
                                "animation": "slideInUp",
                                "background_background": "classic",
                                "padding_mobile": {
                                    "unit": "em",
                                    "top": "0",
                                    "right": "0",
                                    "bottom": "0",
                                    "left": "0",
                                    "isLinked": true
                                }
                            },
                            "elements": [
                                {
                                    "id": "7e9f74a4",
                                    "settings": {
                                        "_column_size": 100,
                                        "_inline_size": null,
                                        "background_background": "classic",
                                        "background_color": "#F2D6C7",
                                        "border_radius": {
                                            "unit": "px",
                                            "top": "30",
                                            "right": "30",
                                            "bottom": "30",
                                            "left": "30",
                                            "isLinked": true
                                        },
                                        "margin": {
                                            "unit": "px",
                                            "top": "10",
                                            "right": "10",
                                            "bottom": "10",
                                            "left": "10",
                                            "isLinked": true
                                        }
                                    },
                                    "elements": [
                                        {
                                            "id": "514986cb",
                                            "settings": {
                                                "testimonial_content": "\" Lorem ipsum dolor sit amet, consectetur adipiscing elit. Aliquam mi orci, vehicula a tellus ac, accumsan blandit eros. Fusce sit amet nibh pharetra, dignissim ex sed, placerat orci Nulla \"",
                                                "testimonial_image": {
                                                    "url": "http:\/\/theme.attype.com\/wp-content\/uploads\/2020\/07\/Single-Gallery-1.jpg",
                                                    "id": 885
                                                },
                                                "testimonial_name": "Dionna",
                                                "testimonial_job": "Client",
                                                "content_typography_typography": "custom",
                                                "content_typography_font_family": "Lora",
                                                "content_typography_font_size": {
                                                    "unit": "em",
                                                    "size": 1.1,
                                                    "sizes": []
                                                },
                                                "content_typography_font_weight": "300",
                                                "name_typography_typography": "custom",
                                                "name_typography_font_family": "Lora",
                                                "name_typography_font_size": {
                                                    "unit": "px",
                                                    "size": 20,
                                                    "sizes": []
                                                },
                                                "name_typography_font_weight": "600",
                                                "testimonial_image_size": "thumbnail",
                                                "_margin": {
                                                    "unit": "%",
                                                    "top": "0",
                                                    "right": "0",
                                                    "bottom": "0",
                                                    "left": "0",
                                                    "isLinked": false
                                                },
                                                "_padding": {
                                                    "unit": "em",
                                                    "top": "1",
                                                    "right": "2",
                                                    "bottom": "1",
                                                    "left": "2",
                                                    "isLinked": false
                                                },
                                                "content_content_color": "#FFFFFF",
                                                "content_typography_font_size_mobile": {
                                                    "unit": "em",
                                                    "size": 1,
                                                    "sizes": []
                                                },
                                                "name_text_color": "#FFFFFF",
                                                "job_text_color": "#FFFFFF",
                                                "job_typography_typography": "custom",
                                                "job_typography_font_family": "Lora",
                                                "job_typography_font_size_mobile": {
                                                    "unit": "em",
                                                    "size": 1,
                                                    "sizes": []
                                                },
                                                "job_typography_font_weight": "500",
                                                "_margin_mobile": {
                                                    "unit": "px",
                                                    "top": "0",
                                                    "right": "0",
                                                    "bottom": "0",
                                                    "left": "0",
                                                    "isLinked": true
                                                },
                                                "_padding_mobile": {
                                                    "unit": "em",
                                                    "top": "1",
                                                    "right": "1",
                                                    "bottom": "1",
                                                    "left": "1",
                                                    "isLinked": true
                                                },
                                                "content_typography_font_style": "italic"
                                            },
                                            "elements": [],
                                            "isInner": false,
                                            "widgetType": "testimonial",
                                            "elType": "widget"
                                        }
                                    ],
                                    "isInner": true,
                                    "elType": "column"
                                }
                            ],
                            "isInner": true,
                            "elType": "section"
                        }
                    ],
                    "isInner": false,
                    "elType": "column"
                }
            ],
            "isInner": false,
            "elType": "section"
        }
    ]
}