{
    "version": "0.4",
    "title": "Single Gallery",
    "type": "section",
    "metadata": {
        "template_type": "section-gallery",
        "include_in_zip": "1",
        "elementor_pro_required": "1",
        "wp_page_template": "elementor_header_footer"
    },
    "content": [
        {
            "id": "d8ceabd",
            "settings": {
                "padding": {
                    "unit": "em",
                    "top": "5",
                    "right": "01",
                    "bottom": "5",
                    "left": "1",
                    "isLinked": false
                },
                "background_background": "classic",
                "background_image": {
                    "url": "http:\/\/theme.attype.com\/wp-content\/uploads\/2020\/07\/Headline.jpg",
                    "id": 737
                },
                "background_position": "initial",
                "background_repeat": "repeat-y",
                "background_size": "auto",
                "background_overlay_background": "gradient",
                "background_overlay_color": "#FFFFFF",
                "background_overlay_color_stop": {
                    "unit": "%",
                    "size": 15,
                    "sizes": []
                },
                "background_overlay_color_b": "rgba(242, 41, 91, 0)",
                "background_overlay_color_b_stop": {
                    "unit": "%",
                    "size": 90,
                    "sizes": []
                },
                "background_overlay_opacity": {
                    "unit": "px",
                    "size": 1,
                    "sizes": []
                },
                "background_xpos": {
                    "unit": "em",
                    "size": -20.5,
                    "sizes": []
                },
                "background_ypos": {
                    "unit": "em",
                    "size": -42,
                    "sizes": []
                },
                "background_position_mobile": "initial",
                "background_xpos_mobile": {
                    "unit": "%",
                    "size": 19,
                    "sizes": []
                },
                "background_ypos_mobile": {
                    "unit": "%",
                    "size": 51,
                    "sizes": []
                },
                "background_size_mobile": "cover",
                "background_overlay_gradient_angle": {
                    "unit": "deg",
                    "size": 90,
                    "sizes": []
                }
            },
            "elements": [
                {
                    "id": "26577288",
                    "settings": {
                        "_column_size": 100,
                        "_inline_size": null
                    },
                    "elements": [
                        {
                            "id": "722913d9",
                            "settings": [],
                            "elements": [
                                {
                                    "id": "662b4730",
                                    "settings": {
                                        "_column_size": 100,
                                        "_inline_size": null,
                                        "content_position": "center",
                                        "align": "center"
                                    },
                                    "elements": [
                                        {
                                            "id": "6bd8917",
                                            "settings": {
                                                "title": "Gallery",
                                                "align": "left",
                                                "typography_font_size": {
                                                    "unit": "px",
                                                    "size": 50,
                                                    "sizes": []
                                                },
                                                "typography_text_transform": "uppercase",
                                                "typography_letter_spacing": {
                                                    "unit": "px",
                                                    "size": 1.5,
                                                    "sizes": []
                                                },
                                                "_margin": {
                                                    "unit": "px",
                                                    "top": "0",
                                                    "right": "0",
                                                    "bottom": "0",
                                                    "left": "0",
                                                    "isLinked": true
                                                },
                                                "_padding": {
                                                    "unit": "px",
                                                    "top": "0",
                                                    "right": "0",
                                                    "bottom": "0",
                                                    "left": "0",
                                                    "isLinked": true
                                                },
                                                "typography_font_family": "Josefin Sans",
                                                "typography_font_weight": "500",
                                                "title_color": "#333333",
                                                "header_size": "h1"
                                            },
                                            "elements": [],
                                            "isInner": false,
                                            "widgetType": "heading",
                                            "elType": "widget"
                                        }
                                    ],
                                    "isInner": true,
                                    "elType": "column"
                                }
                            ],
                            "isInner": true,
                            "elType": "section"
                        }
                    ],
                    "isInner": false,
                    "elType": "column"
                }
            ],
            "isInner": false,
            "elType": "section"
        },
        {
            "id": "51db33c6",
            "settings": {
                "structure": "20",
                "padding": {
                    "unit": "em",
                    "top": "5",
                    "right": "1",
                    "bottom": "5",
                    "left": "1",
                    "isLinked": false
                },
                "padding_mobile": {
                    "unit": "em",
                    "top": "1",
                    "right": "1",
                    "bottom": "1",
                    "left": "1",
                    "isLinked": true
                }
            },
            "elements": [
                {
                    "id": "cd514a4",
                    "settings": {
                        "_column_size": 50,
                        "_inline_size": null
                    },
                    "elements": [
                        {
                            "id": "170ee467",
                            "settings": [],
                            "elements": [
                                {
                                    "id": "e0b2cdd",
                                    "settings": {
                                        "_column_size": 100,
                                        "_inline_size": null
                                    },
                                    "elements": [
                                        {
                                            "id": "5d7bdcda",
                                            "settings": {
                                                "image": {
                                                    "url": "http:\/\/theme.attype.com\/wp-content\/uploads\/2020\/07\/Single-Gallery-1.jpg",
                                                    "id": 885
                                                },
                                                "image_border_radius": {
                                                    "unit": "px",
                                                    "top": "10",
                                                    "right": "10",
                                                    "bottom": "10",
                                                    "left": "10",
                                                    "isLinked": true
                                                },
                                                "_margin": {
                                                    "unit": "%",
                                                    "top": "0",
                                                    "right": "40",
                                                    "bottom": "0",
                                                    "left": "0",
                                                    "isLinked": false
                                                },
                                                "_animation": "slideInLeft",
                                                "image_size": "medium_large"
                                            },
                                            "elements": [],
                                            "isInner": false,
                                            "widgetType": "image",
                                            "elType": "widget"
                                        }
                                    ],
                                    "isInner": true,
                                    "elType": "column"
                                }
                            ],
                            "isInner": true,
                            "elType": "section"
                        },
                        {
                            "id": "735996d9",
                            "settings": [],
                            "elements": [
                                {
                                    "id": "3bb4bc44",
                                    "settings": {
                                        "_column_size": 100,
                                        "_inline_size": null
                                    },
                                    "elements": [
                                        {
                                            "id": "497ce350",
                                            "settings": {
                                                "image": {
                                                    "url": "http:\/\/theme.attype.com\/wp-content\/uploads\/2020\/07\/Single-Gallery-2.jpg",
                                                    "id": 884
                                                },
                                                "align": "right",
                                                "width": {
                                                    "unit": "px",
                                                    "size": "",
                                                    "sizes": []
                                                },
                                                "image_border_border": "solid",
                                                "image_border_width": {
                                                    "unit": "px",
                                                    "top": "5",
                                                    "right": "5",
                                                    "bottom": "5",
                                                    "left": "5",
                                                    "isLinked": true
                                                },
                                                "image_border_color": "#FFFFFF",
                                                "image_border_radius": {
                                                    "unit": "px",
                                                    "top": "10",
                                                    "right": "10",
                                                    "bottom": "10",
                                                    "left": "10",
                                                    "isLinked": true
                                                },
                                                "image_box_shadow_box_shadow": {
                                                    "horizontal": 0,
                                                    "vertical": 0,
                                                    "blur": 10,
                                                    "spread": -2,
                                                    "color": "rgba(102, 102, 102, 0.5)"
                                                },
                                                "_margin": {
                                                    "unit": "%",
                                                    "top": "-30",
                                                    "right": "0",
                                                    "bottom": "0",
                                                    "left": "40",
                                                    "isLinked": false
                                                },
                                                "_animation": "slideInUp",
                                                "image_size": "medium_large"
                                            },
                                            "elements": [],
                                            "isInner": false,
                                            "widgetType": "image",
                                            "elType": "widget"
                                        }
                                    ],
                                    "isInner": true,
                                    "elType": "column"
                                }
                            ],
                            "isInner": true,
                            "elType": "section"
                        }
                    ],
                    "isInner": false,
                    "elType": "column"
                },
                {
                    "id": "2e98655",
                    "settings": {
                        "_column_size": 50,
                        "_inline_size": null,
                        "content_position": "center"
                    },
                    "elements": [
                        {
                            "id": "592fe934",
                            "settings": {
                                "padding": {
                                    "unit": "em",
                                    "top": "0",
                                    "right": "0",
                                    "bottom": "0",
                                    "left": "0",
                                    "isLinked": false
                                }
                            },
                            "elements": [
                                {
                                    "id": "ffc503b",
                                    "settings": {
                                        "_column_size": 100,
                                        "_inline_size": null
                                    },
                                    "elements": [
                                        {
                                            "id": "3cd0f7e8",
                                            "settings": {
                                                "image": {
                                                    "url": "http:\/\/theme.attype.com\/wp-content\/uploads\/2020\/07\/divider.png",
                                                    "id": 235
                                                },
                                                "image_size": "medium",
                                                "align": "center",
                                                "width": {
                                                    "unit": "px",
                                                    "size": 200,
                                                    "sizes": []
                                                },
                                                "_margin": {
                                                    "unit": "%",
                                                    "top": "-6",
                                                    "right": "0",
                                                    "bottom": "0",
                                                    "left": "0",
                                                    "isLinked": false
                                                },
                                                "_padding": {
                                                    "unit": "%",
                                                    "top": "0",
                                                    "right": "0",
                                                    "bottom": "0",
                                                    "left": "0",
                                                    "isLinked": false
                                                },
                                                "space": {
                                                    "unit": "px",
                                                    "size": 150,
                                                    "sizes": []
                                                },
                                                "width_mobile": {
                                                    "unit": "vw",
                                                    "size": 40,
                                                    "sizes": []
                                                },
                                                "space_mobile": {
                                                    "unit": "vw",
                                                    "size": 40,
                                                    "sizes": []
                                                },
                                                "_padding_mobile": {
                                                    "unit": "em",
                                                    "top": "",
                                                    "right": "",
                                                    "bottom": "",
                                                    "left": "",
                                                    "isLinked": true
                                                }
                                            },
                                            "elements": [],
                                            "isInner": false,
                                            "widgetType": "image",
                                            "elType": "widget"
                                        }
                                    ],
                                    "isInner": true,
                                    "elType": "column"
                                }
                            ],
                            "isInner": true,
                            "elType": "section"
                        },
                        {
                            "id": "6a1b54c",
                            "settings": [],
                            "elements": [
                                {
                                    "id": "5ed8a4ce",
                                    "settings": {
                                        "_column_size": 100,
                                        "_inline_size": null,
                                        "margin": {
                                            "unit": "px",
                                            "top": "0",
                                            "right": "0",
                                            "bottom": "0",
                                            "left": "0",
                                            "isLinked": true
                                        }
                                    },
                                    "elements": [
                                        {
                                            "id": "7a6d5489",
                                            "settings": {
                                                "title": "Johnathan",
                                                "header_size": "h1",
                                                "align": "center",
                                                "typography_typography": "custom",
                                                "_margin": {
                                                    "unit": "%",
                                                    "top": "0",
                                                    "right": "30",
                                                    "bottom": "0",
                                                    "left": "0",
                                                    "isLinked": false
                                                },
                                                "_padding": {
                                                    "unit": "%",
                                                    "top": "0",
                                                    "right": "0",
                                                    "bottom": "0",
                                                    "left": "0",
                                                    "isLinked": true
                                                },
                                                "_z_index": 1
                                            },
                                            "elements": [],
                                            "isInner": false,
                                            "widgetType": "heading",
                                            "elType": "widget"
                                        }
                                    ],
                                    "isInner": true,
                                    "elType": "column"
                                }
                            ],
                            "isInner": true,
                            "elType": "section"
                        },
                        {
                            "id": "38788da9",
                            "settings": [],
                            "elements": [
                                {
                                    "id": "652a0830",
                                    "settings": {
                                        "_column_size": 100,
                                        "_inline_size": null
                                    },
                                    "elements": [
                                        {
                                            "id": "370865da",
                                            "settings": {
                                                "title": "&amp;",
                                                "header_size": "h1",
                                                "align": "center",
                                                "title_color": "rgba(242, 214, 199, 0.25)",
                                                "typography_typography": "custom",
                                                "typography_font_size": {
                                                    "unit": "px",
                                                    "size": 200,
                                                    "sizes": []
                                                },
                                                "_margin": {
                                                    "unit": "%",
                                                    "top": "-20",
                                                    "right": "0",
                                                    "bottom": "-20",
                                                    "left": "0",
                                                    "isLinked": false
                                                },
                                                "_margin_mobile": {
                                                    "unit": "px",
                                                    "top": "-100",
                                                    "right": "0",
                                                    "bottom": "-100",
                                                    "left": "0",
                                                    "isLinked": false
                                                }
                                            },
                                            "elements": [],
                                            "isInner": false,
                                            "widgetType": "heading",
                                            "elType": "widget"
                                        }
                                    ],
                                    "isInner": true,
                                    "elType": "column"
                                }
                            ],
                            "isInner": true,
                            "elType": "section"
                        },
                        {
                            "id": "6106c473",
                            "settings": [],
                            "elements": [
                                {
                                    "id": "40062af1",
                                    "settings": {
                                        "_column_size": 100,
                                        "_inline_size": null
                                    },
                                    "elements": [
                                        {
                                            "id": "2268067f",
                                            "settings": {
                                                "title": "Dionna",
                                                "header_size": "h1",
                                                "align": "center",
                                                "_margin": {
                                                    "unit": "%",
                                                    "top": "0",
                                                    "right": "0",
                                                    "bottom": "0",
                                                    "left": "30",
                                                    "isLinked": false
                                                },
                                                "_z_index": 1,
                                                "typography_typography": "custom"
                                            },
                                            "elements": [],
                                            "isInner": false,
                                            "widgetType": "heading",
                                            "elType": "widget"
                                        }
                                    ],
                                    "isInner": true,
                                    "elType": "column"
                                }
                            ],
                            "isInner": true,
                            "elType": "section"
                        },
                        {
                            "id": "1a351752",
                            "settings": {
                                "padding": {
                                    "unit": "em",
                                    "top": "1",
                                    "right": "0",
                                    "bottom": "0",
                                    "left": "0",
                                    "isLinked": false
                                }
                            },
                            "elements": [
                                {
                                    "id": "37a25a5a",
                                    "settings": {
                                        "_column_size": 100,
                                        "_inline_size": 100,
                                        "margin": {
                                            "unit": "%",
                                            "top": "0",
                                            "right": "010",
                                            "bottom": "0",
                                            "left": "10",
                                            "isLinked": false
                                        }
                                    },
                                    "elements": [
                                        {
                                            "id": "30ea578f",
                                            "settings": {
                                                "align": "center"
                                            },
                                            "elements": [],
                                            "isInner": false,
                                            "widgetType": "text-editor",
                                            "elType": "widget"
                                        }
                                    ],
                                    "isInner": true,
                                    "elType": "column"
                                }
                            ],
                            "isInner": true,
                            "elType": "section"
                        }
                    ],
                    "isInner": false,
                    "elType": "column"
                }
            ],
            "isInner": false,
            "elType": "section"
        },
        {
            "id": "581106f",
            "settings": {
                "layout": "full_width",
                "background_background": "classic",
                "background_color": "#F2D6C7",
                "padding": {
                    "unit": "em",
                    "top": "5",
                    "right": "1",
                    "bottom": "5",
                    "left": "1",
                    "isLinked": false
                },
                "padding_mobile": {
                    "unit": "em",
                    "top": "",
                    "right": "",
                    "bottom": "",
                    "left": "",
                    "isLinked": true
                }
            },
            "elements": [
                {
                    "id": "4d300155",
                    "settings": {
                        "_column_size": 100,
                        "_inline_size": null,
                        "margin": {
                            "unit": "%",
                            "top": "0",
                            "right": "10",
                            "bottom": "0",
                            "left": "10",
                            "isLinked": false
                        }
                    },
                    "elements": [
                        {
                            "id": "1069dce6",
                            "settings": {
                                "content_width": {
                                    "unit": "px",
                                    "size": 850,
                                    "sizes": []
                                },
                                "gap": "narrow",
                                "structure": "30",
                                "margin": {
                                    "unit": "px",
                                    "top": "0",
                                    "right": 0,
                                    "bottom": "0",
                                    "left": 0,
                                    "isLinked": false
                                }
                            },
                            "elements": [
                                {
                                    "id": "787476e8",
                                    "settings": {
                                        "_column_size": 33,
                                        "_inline_size": null,
                                        "content_position": "top",
                                        "margin": {
                                            "unit": "%",
                                            "top": "0",
                                            "right": "0",
                                            "bottom": "0",
                                            "left": "0",
                                            "isLinked": true
                                        }
                                    },
                                    "elements": [
                                        {
                                            "id": "12492fb7",
                                            "settings": {
                                                "image": {
                                                    "url": "http:\/\/theme.attype.com\/wp-content\/uploads\/2020\/07\/Date-88-white.png",
                                                    "id": 768
                                                }
                                            },
                                            "elements": [],
                                            "isInner": false,
                                            "widgetType": "image",
                                            "elType": "widget"
                                        },
                                        {
                                            "id": "273918ac",
                                            "settings": {
                                                "title_text": "Date",
                                                "description_text": "",
                                                "selected_icon": {
                                                    "value": "",
                                                    "library": ""
                                                },
                                                "primary_color": "#FFFFFF",
                                                "icon_space": {
                                                    "unit": "px",
                                                    "size": 10,
                                                    "sizes": []
                                                },
                                                "icon_size": {
                                                    "unit": "px",
                                                    "size": 60,
                                                    "sizes": []
                                                },
                                                "text_align": "center",
                                                "content_vertical_alignment": "middle",
                                                "title_bottom_space": {
                                                    "unit": "px",
                                                    "size": 0,
                                                    "sizes": []
                                                },
                                                "title_color": "#FFFFFF",
                                                "title_typography_typography": "custom",
                                                "title_typography_font_family": "Lora",
                                                "title_typography_font_size": {
                                                    "unit": "em",
                                                    "size": 1.5,
                                                    "sizes": []
                                                },
                                                "title_typography_font_weight": "400",
                                                "title_typography_text_transform": "capitalize",
                                                "description_color": "#FFFFFF",
                                                "description_typography_font_family": "Open Sans",
                                                "description_typography_font_size": {
                                                    "unit": "px",
                                                    "size": 15,
                                                    "sizes": []
                                                },
                                                "description_typography_font_weight": "400",
                                                "_margin": {
                                                    "unit": "px",
                                                    "top": "",
                                                    "right": "",
                                                    "bottom": "",
                                                    "left": "",
                                                    "isLinked": false
                                                },
                                                "_padding": {
                                                    "unit": "em",
                                                    "top": "0",
                                                    "right": "0",
                                                    "bottom": "0",
                                                    "left": "0",
                                                    "isLinked": false
                                                },
                                                "title_size": "h4",
                                                "title_bottom_space_mobile": {
                                                    "unit": "px",
                                                    "size": 0,
                                                    "sizes": []
                                                },
                                                "_margin_mobile": {
                                                    "unit": "px",
                                                    "top": "0",
                                                    "right": "0",
                                                    "bottom": "0",
                                                    "left": "0",
                                                    "isLinked": true
                                                },
                                                "_padding_mobile": {
                                                    "unit": "px",
                                                    "top": "0",
                                                    "right": "0",
                                                    "bottom": "0",
                                                    "left": "0",
                                                    "isLinked": true
                                                }
                                            },
                                            "elements": [],
                                            "isInner": false,
                                            "widgetType": "icon-box",
                                            "elType": "widget"
                                        },
                                        {
                                            "id": "5898bcdd",
                                            "settings": {
                                                "editor": "<p>3 February 2020<\/p>",
                                                "align": "center",
                                                "text_color": "#FFFFFF",
                                                "typography_font_family": "Lora",
                                                "typography_font_size": {
                                                    "unit": "em",
                                                    "size": 1,
                                                    "sizes": []
                                                },
                                                "typography_font_weight": "500",
                                                "column_gap": {
                                                    "unit": "px",
                                                    "size": 0,
                                                    "sizes": []
                                                }
                                            },
                                            "elements": [],
                                            "isInner": false,
                                            "widgetType": "text-editor",
                                            "elType": "widget"
                                        }
                                    ],
                                    "isInner": true,
                                    "elType": "column"
                                },
                                {
                                    "id": "76de0960",
                                    "settings": {
                                        "_column_size": 33,
                                        "_inline_size": null,
                                        "content_position": "top",
                                        "margin": {
                                            "unit": "%",
                                            "top": "0",
                                            "right": "0",
                                            "bottom": "0",
                                            "left": "0",
                                            "isLinked": true
                                        }
                                    },
                                    "elements": [
                                        {
                                            "id": "19622c85",
                                            "settings": {
                                                "image": {
                                                    "url": "http:\/\/theme.attype.com\/wp-content\/uploads\/2020\/07\/building-88-white.png",
                                                    "id": 767
                                                }
                                            },
                                            "elements": [],
                                            "isInner": false,
                                            "widgetType": "image",
                                            "elType": "widget"
                                        },
                                        {
                                            "id": "7ef02f66",
                                            "settings": {
                                                "title_text": "Venue",
                                                "description_text": "\n\n",
                                                "selected_icon": {
                                                    "value": "",
                                                    "library": ""
                                                },
                                                "primary_color": "#FFFFFF",
                                                "icon_space": {
                                                    "unit": "px",
                                                    "size": 10,
                                                    "sizes": []
                                                },
                                                "icon_size": {
                                                    "unit": "px",
                                                    "size": 60,
                                                    "sizes": []
                                                },
                                                "text_align": "center",
                                                "content_vertical_alignment": "middle",
                                                "title_bottom_space": {
                                                    "unit": "px",
                                                    "size": 0,
                                                    "sizes": []
                                                },
                                                "title_color": "#FFFFFF",
                                                "title_typography_font_family": "Lora",
                                                "title_typography_font_size": {
                                                    "unit": "em",
                                                    "size": 1.5,
                                                    "sizes": []
                                                },
                                                "title_typography_font_weight": "400",
                                                "title_typography_text_transform": "capitalize",
                                                "description_color": "#FFFFFF",
                                                "description_typography_font_family": "Open Sans",
                                                "description_typography_font_size": {
                                                    "unit": "px",
                                                    "size": 15,
                                                    "sizes": []
                                                },
                                                "description_typography_font_weight": "400",
                                                "_margin": {
                                                    "unit": "px",
                                                    "top": "",
                                                    "right": "",
                                                    "bottom": "",
                                                    "left": "",
                                                    "isLinked": false
                                                },
                                                "_padding": {
                                                    "unit": "em",
                                                    "top": "0",
                                                    "right": "0",
                                                    "bottom": "0",
                                                    "left": "0",
                                                    "isLinked": false
                                                },
                                                "title_size": "h4",
                                                "title_bottom_space_mobile": {
                                                    "unit": "px",
                                                    "size": 0,
                                                    "sizes": []
                                                },
                                                "_margin_mobile": {
                                                    "unit": "px",
                                                    "top": "0",
                                                    "right": "0",
                                                    "bottom": "0",
                                                    "left": "0",
                                                    "isLinked": true
                                                },
                                                "_padding_mobile": {
                                                    "unit": "px",
                                                    "top": "0",
                                                    "right": "0",
                                                    "bottom": "0",
                                                    "left": "0",
                                                    "isLinked": true
                                                }
                                            },
                                            "elements": [],
                                            "isInner": false,
                                            "widgetType": "icon-box",
                                            "elType": "widget"
                                        },
                                        {
                                            "id": "60161a5",
                                            "settings": {
                                                "editor": "<p>Clementine Hall<\/p>",
                                                "align": "center",
                                                "text_color": "#FFFFFF",
                                                "typography_font_family": "Lora",
                                                "typography_font_size": {
                                                    "unit": "em",
                                                    "size": 1,
                                                    "sizes": []
                                                },
                                                "typography_font_weight": "500",
                                                "column_gap": {
                                                    "unit": "px",
                                                    "size": 0,
                                                    "sizes": []
                                                }
                                            },
                                            "elements": [],
                                            "isInner": false,
                                            "widgetType": "text-editor",
                                            "elType": "widget"
                                        }
                                    ],
                                    "isInner": true,
                                    "elType": "column"
                                },
                                {
                                    "id": "48b01887",
                                    "settings": {
                                        "_column_size": 33,
                                        "_inline_size": null,
                                        "content_position": "top",
                                        "margin": {
                                            "unit": "%",
                                            "top": "0",
                                            "right": "0",
                                            "bottom": "0",
                                            "left": "0",
                                            "isLinked": true
                                        }
                                    },
                                    "elements": [
                                        {
                                            "id": "cfb5c43",
                                            "settings": {
                                                "image": {
                                                    "url": "http:\/\/theme.attype.com\/wp-content\/uploads\/2020\/07\/mail-88-white.png",
                                                    "id": 766
                                                }
                                            },
                                            "elements": [],
                                            "isInner": false,
                                            "widgetType": "image",
                                            "elType": "widget"
                                        },
                                        {
                                            "id": "1d10460c",
                                            "settings": {
                                                "title_text": "Guest",
                                                "description_text": "",
                                                "selected_icon": {
                                                    "value": "",
                                                    "library": ""
                                                },
                                                "primary_color": "#FFFFFF",
                                                "icon_space": {
                                                    "unit": "px",
                                                    "size": 10,
                                                    "sizes": []
                                                },
                                                "icon_size": {
                                                    "unit": "px",
                                                    "size": 60,
                                                    "sizes": []
                                                },
                                                "title_bottom_space": {
                                                    "unit": "px",
                                                    "size": 0,
                                                    "sizes": []
                                                },
                                                "title_color": "#FFFFFF",
                                                "title_typography_font_family": "Lora",
                                                "title_typography_font_size": {
                                                    "unit": "em",
                                                    "size": 1.5,
                                                    "sizes": []
                                                },
                                                "title_typography_font_weight": "400",
                                                "title_typography_text_transform": "capitalize",
                                                "description_color": "#FFFFFF",
                                                "description_typography_font_family": "Open Sans",
                                                "description_typography_font_size": {
                                                    "unit": "px",
                                                    "size": 15,
                                                    "sizes": []
                                                },
                                                "description_typography_font_weight": "400",
                                                "_margin": {
                                                    "unit": "px",
                                                    "top": "",
                                                    "right": "",
                                                    "bottom": "",
                                                    "left": "",
                                                    "isLinked": false
                                                },
                                                "_padding": {
                                                    "unit": "em",
                                                    "top": "0",
                                                    "right": "0",
                                                    "bottom": "0",
                                                    "left": "0",
                                                    "isLinked": false
                                                },
                                                "text_align": "center",
                                                "content_vertical_alignment": "middle",
                                                "title_size": "h4"
                                            },
                                            "elements": [],
                                            "isInner": false,
                                            "widgetType": "icon-box",
                                            "elType": "widget"
                                        },
                                        {
                                            "id": "405aecb0",
                                            "settings": {
                                                "editor": "<p>2000 Person<br \/>Buffet : 100 - 150 pax<br \/>Plated : 100 - 150 pax<\/p>",
                                                "align": "center",
                                                "text_color": "#FFFFFF",
                                                "typography_font_family": "Lora",
                                                "typography_font_size": {
                                                    "unit": "em",
                                                    "size": 1,
                                                    "sizes": []
                                                },
                                                "typography_font_weight": "500",
                                                "column_gap": {
                                                    "unit": "px",
                                                    "size": 0,
                                                    "sizes": []
                                                }
                                            },
                                            "elements": [],
                                            "isInner": false,
                                            "widgetType": "text-editor",
                                            "elType": "widget"
                                        }
                                    ],
                                    "isInner": true,
                                    "elType": "column"
                                }
                            ],
                            "isInner": true,
                            "elType": "section"
                        }
                    ],
                    "isInner": false,
                    "elType": "column"
                }
            ],
            "isInner": false,
            "elType": "section"
        },
        {
            "id": "7fee64f8",
            "settings": {
                "layout": "full_width",
                "padding": {
                    "unit": "em",
                    "top": "5",
                    "right": "1",
                    "bottom": "5",
                    "left": "1",
                    "isLinked": false
                }
            },
            "elements": [
                {
                    "id": "265fea89",
                    "settings": {
                        "_column_size": 100,
                        "_inline_size": null
                    },
                    "elements": [
                        {
                            "id": "20662d21",
                            "settings": {
                                "gallery": [
                                    {
                                        "id": 931,
                                        "url": "http:\/\/theme.attype.com\/wp-content\/uploads\/2020\/07\/Single-Gallery-4.jpg"
                                    },
                                    {
                                        "id": 929,
                                        "url": "http:\/\/theme.attype.com\/wp-content\/uploads\/2020\/07\/Single-Gallery-8.jpg"
                                    },
                                    {
                                        "id": 930,
                                        "url": "http:\/\/theme.attype.com\/wp-content\/uploads\/2020\/07\/Single-Gallery-3.jpg"
                                    },
                                    {
                                        "id": 928,
                                        "url": "http:\/\/theme.attype.com\/wp-content\/uploads\/2020\/07\/Single-Gallery-7.jpg"
                                    },
                                    {
                                        "id": 927,
                                        "url": "http:\/\/theme.attype.com\/wp-content\/uploads\/2020\/07\/Single-Gallery-6.jpg"
                                    },
                                    {
                                        "id": 926,
                                        "url": "http:\/\/theme.attype.com\/wp-content\/uploads\/2020\/07\/Single-Gallery-5.jpg"
                                    }
                                ],
                                "galleries": [
                                    {
                                        "gallery_title": "New Gallery",
                                        "_id": "d88f884",
                                        "multiple_gallery": []
                                    }
                                ],
                                "lazyload": "",
                                "gallery_layout": "masonry",
                                "show_all_galleries_label": "All",
                                "overlay_background": "",
                                "columns": 3,
                                "_animation": "none",
                                "link_to": "",
                                "thumbnail_image_size": "medium_large"
                            },
                            "elements": [],
                            "isInner": false,
                            "widgetType": "gallery",
                            "elType": "widget"
                        }
                    ],
                    "isInner": false,
                    "elType": "column"
                }
            ],
            "isInner": false,
            "elType": "section"
        },
        {
            "id": "4680f1f2",
            "settings": {
                "background_background": "classic",
                "background_color": "#F2D6C7",
                "padding": {
                    "unit": "em",
                    "top": "5",
                    "right": "1",
                    "bottom": "5",
                    "left": "1",
                    "isLinked": false
                }
            },
            "elements": [
                {
                    "id": "246f0512",
                    "settings": {
                        "_column_size": 100,
                        "_inline_size": null,
                        "margin_mobile": {
                            "unit": "%",
                            "top": "0",
                            "right": "0",
                            "bottom": "0",
                            "left": "0",
                            "isLinked": true
                        },
                        "padding_mobile": {
                            "unit": "em",
                            "top": "0",
                            "right": "0",
                            "bottom": "0",
                            "left": "0",
                            "isLinked": true
                        },
                        "padding": {
                            "unit": "em",
                            "top": "0",
                            "right": "0",
                            "bottom": "0",
                            "left": "0",
                            "isLinked": false
                        }
                    },
                    "elements": [
                        {
                            "id": "36f6cad3",
                            "settings": {
                                "content_width": {
                                    "unit": "px",
                                    "size": 500,
                                    "sizes": []
                                },
                                "padding": {
                                    "unit": "em",
                                    "top": "0",
                                    "right": "0",
                                    "bottom": "0",
                                    "left": "0",
                                    "isLinked": false
                                }
                            },
                            "elements": [
                                {
                                    "id": "2d019fd5",
                                    "settings": {
                                        "_column_size": 100,
                                        "_inline_size": 100,
                                        "margin": {
                                            "unit": "%",
                                            "top": "0",
                                            "right": "0",
                                            "bottom": "0",
                                            "left": "0",
                                            "isLinked": true
                                        },
                                        "padding": {
                                            "unit": "%",
                                            "top": "0",
                                            "right": "0",
                                            "bottom": "0",
                                            "left": "0",
                                            "isLinked": true
                                        }
                                    },
                                    "elements": [
                                        {
                                            "id": "7f3ed1f0",
                                            "settings": {
                                                "image": {
                                                    "url": "http:\/\/theme.attype.com\/wp-content\/uploads\/2020\/07\/divider2.png",
                                                    "id": 294
                                                },
                                                "image_size": "medium",
                                                "align": "center",
                                                "width": {
                                                    "unit": "px",
                                                    "size": 200,
                                                    "sizes": []
                                                },
                                                "_margin": {
                                                    "unit": "%",
                                                    "top": "-2",
                                                    "right": "0",
                                                    "bottom": "0",
                                                    "left": "0",
                                                    "isLinked": false
                                                },
                                                "_padding": {
                                                    "unit": "%",
                                                    "top": "0",
                                                    "right": "0",
                                                    "bottom": "0",
                                                    "left": "0",
                                                    "isLinked": false
                                                },
                                                "space": {
                                                    "unit": "px",
                                                    "size": 150,
                                                    "sizes": []
                                                },
                                                "width_mobile": {
                                                    "unit": "vw",
                                                    "size": 40,
                                                    "sizes": []
                                                },
                                                "space_mobile": {
                                                    "unit": "vw",
                                                    "size": 40,
                                                    "sizes": []
                                                },
                                                "_padding_mobile": {
                                                    "unit": "em",
                                                    "top": "",
                                                    "right": "",
                                                    "bottom": "",
                                                    "left": "",
                                                    "isLinked": true
                                                }
                                            },
                                            "elements": [],
                                            "isInner": false,
                                            "widgetType": "image",
                                            "elType": "widget"
                                        }
                                    ],
                                    "isInner": true,
                                    "elType": "column"
                                }
                            ],
                            "isInner": true,
                            "elType": "section"
                        },
                        {
                            "id": "595ed152",
                            "settings": {
                                "margin_mobile": {
                                    "unit": "px",
                                    "top": "0",
                                    "right": 0,
                                    "bottom": "0",
                                    "left": 0,
                                    "isLinked": true
                                },
                                "padding_mobile": {
                                    "unit": "em",
                                    "top": "0",
                                    "right": "0",
                                    "bottom": "0",
                                    "left": "0",
                                    "isLinked": true
                                },
                                "content_width": {
                                    "unit": "px",
                                    "size": 900,
                                    "sizes": []
                                }
                            },
                            "elements": [
                                {
                                    "id": "657a2d7f",
                                    "settings": {
                                        "_column_size": 100,
                                        "_inline_size": null,
                                        "background_background": "classic",
                                        "background_color": "#FFFFFF",
                                        "border_radius": {
                                            "unit": "px",
                                            "top": "30",
                                            "right": "30",
                                            "bottom": "30",
                                            "left": "30",
                                            "isLinked": true
                                        },
                                        "margin": {
                                            "unit": "px",
                                            "top": "10",
                                            "right": "10",
                                            "bottom": "10",
                                            "left": "10",
                                            "isLinked": true
                                        },
                                        "margin_mobile": {
                                            "unit": "%",
                                            "top": "0",
                                            "right": "0",
                                            "bottom": "0",
                                            "left": "0",
                                            "isLinked": true
                                        },
                                        "padding_mobile": {
                                            "unit": "px",
                                            "top": "0",
                                            "right": "0",
                                            "bottom": "0",
                                            "left": "0",
                                            "isLinked": true
                                        }
                                    },
                                    "elements": [
                                        {
                                            "id": "6468da20",
                                            "settings": {
                                                "testimonial_content": "\" Lorem ipsum dolor sit amet, consectetur adipiscing elit. Aliquam mi orci, vehicula a tellus ac, accumsan blandit eros. Fusce sit amet nibh pharetra, dignissim ex sed, placerat orci. Nulla rhoncus. \"",
                                                "testimonial_image": {
                                                    "url": "http:\/\/theme.attype.com\/wp-content\/uploads\/2020\/07\/Single-Gallery-1.jpg",
                                                    "id": 885
                                                },
                                                "testimonial_name": "Dionna",
                                                "testimonial_job": "Client",
                                                "content_typography_typography": "custom",
                                                "content_typography_font_family": "Lora",
                                                "content_typography_font_size": {
                                                    "unit": "em",
                                                    "size": 1.1,
                                                    "sizes": []
                                                },
                                                "content_typography_font_weight": "300",
                                                "name_typography_typography": "custom",
                                                "name_typography_font_family": "Lora",
                                                "name_typography_font_size": {
                                                    "unit": "px",
                                                    "size": 20,
                                                    "sizes": []
                                                },
                                                "name_typography_font_weight": "600",
                                                "testimonial_image_size": "thumbnail",
                                                "_margin": {
                                                    "unit": "%",
                                                    "top": "0",
                                                    "right": "0",
                                                    "bottom": "0",
                                                    "left": "0",
                                                    "isLinked": false
                                                },
                                                "_padding": {
                                                    "unit": "em",
                                                    "top": "1",
                                                    "right": "2",
                                                    "bottom": "1",
                                                    "left": "2",
                                                    "isLinked": false
                                                },
                                                "content_typography_font_size_mobile": {
                                                    "unit": "em",
                                                    "size": 1,
                                                    "sizes": []
                                                },
                                                "job_typography_typography": "custom",
                                                "job_typography_font_family": "Lora",
                                                "job_typography_font_size_mobile": {
                                                    "unit": "em",
                                                    "size": 1,
                                                    "sizes": []
                                                },
                                                "job_typography_font_weight": "500",
                                                "_margin_mobile": {
                                                    "unit": "px",
                                                    "top": "0",
                                                    "right": "0",
                                                    "bottom": "0",
                                                    "left": "0",
                                                    "isLinked": true
                                                },
                                                "_padding_mobile": {
                                                    "unit": "em",
                                                    "top": "1",
                                                    "right": "1",
                                                    "bottom": "1",
                                                    "left": "1",
                                                    "isLinked": true
                                                },
                                                "content_typography_font_style": "italic"
                                            },
                                            "elements": [],
                                            "isInner": false,
                                            "widgetType": "testimonial",
                                            "elType": "widget"
                                        }
                                    ],
                                    "isInner": true,
                                    "elType": "column"
                                }
                            ],
                            "isInner": true,
                            "elType": "section"
                        }
                    ],
                    "isInner": false,
                    "elType": "column"
                }
            ],
            "isInner": false,
            "elType": "section"
        }
    ]
}