{
    "version": "0.4",
    "title": "Dress Code Page",
    "type": "page",
    "metadata": {
        "template_type": "single-page",
        "include_in_zip": "1",
        "elementor_pro_required": "1",
        "wp_page_template": "elementor_header_footer"
    },
    "content": [
        {
            "id": "76b4c2cf",
            "settings": {
                "layout": "full_width",
                "gap": "no",
                "height": "min-height",
                "custom_height": {
                    "unit": "px",
                    "size": 475,
                    "sizes": []
                },
                "background_background": "classic",
                "background_image": {
                    "url": "https:\/\/demo.puriwp.com\/katesteve\/wp-content\/uploads\/2020\/11\/slide-1-1.jpg",
                    "id": 1850
                },
                "background_position": "initial",
                "background_repeat": "no-repeat",
                "background_size": "cover",
                "background_overlay_color": "#000000",
                "margin": {
                    "unit": "px",
                    "top": "-79",
                    "right": 0,
                    "bottom": "0",
                    "left": 0,
                    "isLinked": false
                },
                "padding": {
                    "unit": "px",
                    "top": "0",
                    "right": "0",
                    "bottom": "0",
                    "left": "0",
                    "isLinked": false
                },
                "margin_tablet": {
                    "unit": "px",
                    "top": "-80",
                    "right": 0,
                    "bottom": "0",
                    "left": 0,
                    "isLinked": false
                },
                "margin_mobile": {
                    "unit": "px",
                    "top": "-70",
                    "right": 0,
                    "bottom": "0",
                    "left": 0,
                    "isLinked": false
                },
                "padding_tablet": {
                    "unit": "px",
                    "top": "0",
                    "right": "0",
                    "bottom": "0",
                    "left": "0",
                    "isLinked": false
                },
                "padding_mobile": {
                    "unit": "px",
                    "top": "0",
                    "right": "0",
                    "bottom": "0",
                    "left": "0",
                    "isLinked": false
                },
                "background_hover_background": "classic",
                "background_hover_transition": {
                    "unit": "px",
                    "size": 3,
                    "sizes": []
                },
                "background_overlay_hover_background": "classic",
                "background_overlay_hover_opacity": {
                    "unit": "px",
                    "size": 1,
                    "sizes": []
                },
                "background_overlay_hover_transition": {
                    "unit": "px",
                    "size": 3,
                    "sizes": []
                },
                "background_ypos": {
                    "unit": "px",
                    "size": -285,
                    "sizes": []
                },
                "background_attachment": "fixed",
                "custom_height_tablet": {
                    "unit": "vh",
                    "size": 35,
                    "sizes": []
                },
                "custom_height_mobile": {
                    "unit": "vh",
                    "size": 75,
                    "sizes": []
                },
                "background_position_tablet": "initial",
                "background_position_mobile": "center center",
                "background_ypos_tablet": {
                    "unit": "px",
                    "size": -131,
                    "sizes": []
                }
            },
            "elements": [
                {
                    "id": "4dfa2539",
                    "settings": {
                        "_column_size": 100,
                        "_inline_size": null
                    },
                    "elements": [
                        {
                            "id": "1be94ba",
                            "settings": {
                                "__dynamic__": {
                                    "title": "[elementor-tag id=\"\" name=\"page-title\" settings=\"%7B%22include_context%22%3A%22%22%2C%22show_home_title%22%3A%22%22%2C%22before%22%3A%22%22%2C%22after%22%3A%22%22%2C%22fallback%22%3A%22%22%7D\"]"
                                },
                                "title": "Add Your Heading Text Here",
                                "align": "center",
                                "title_color": "#FFFFFF",
                                "typography_typography": "custom",
                                "typography_font_family": "Playfair Display",
                                "typography_font_size": {
                                    "unit": "px",
                                    "size": 52,
                                    "sizes": []
                                },
                                "typography_font_size_mobile": {
                                    "unit": "px",
                                    "size": 32,
                                    "sizes": []
                                },
                                "_margin_mobile": {
                                    "unit": "px",
                                    "top": "0",
                                    "right": "0",
                                    "bottom": "0",
                                    "left": "0",
                                    "isLinked": false
                                },
                                "_padding_mobile": {
                                    "unit": "px",
                                    "top": "0",
                                    "right": "0",
                                    "bottom": "0",
                                    "left": "0",
                                    "isLinked": false
                                }
                            },
                            "elements": [],
                            "isInner": false,
                            "widgetType": "theme-page-title",
                            "elType": "widget"
                        },
                        {
                            "id": "1f260df4",
                            "settings": {
                                "title": "Home > Dresscode",
                                "header_size": "h6",
                                "align": "center",
                                "title_color": "#FFFFFF",
                                "typography_typography": "custom",
                                "typography_font_family": "Montserrat",
                                "typography_font_size": {
                                    "unit": "px",
                                    "size": 12,
                                    "sizes": []
                                }
                            },
                            "elements": [],
                            "isInner": false,
                            "widgetType": "heading",
                            "elType": "widget"
                        }
                    ],
                    "isInner": false,
                    "elType": "column"
                }
            ],
            "isInner": false,
            "elType": "section"
        },
        {
            "id": "4df9f876",
            "settings": {
                "margin": {
                    "unit": "px",
                    "top": "100",
                    "right": 0,
                    "bottom": "30",
                    "left": 0,
                    "isLinked": false
                },
                "gap": "no",
                "margin_tablet": {
                    "unit": "px",
                    "top": "70",
                    "right": 0,
                    "bottom": "0",
                    "left": 0,
                    "isLinked": false
                },
                "padding_tablet": {
                    "unit": "px",
                    "top": "0",
                    "right": "20",
                    "bottom": "0",
                    "left": "20",
                    "isLinked": false
                },
                "margin_mobile": {
                    "unit": "px",
                    "top": "70",
                    "right": 0,
                    "bottom": "0",
                    "left": 0,
                    "isLinked": false
                },
                "padding_mobile": {
                    "unit": "px",
                    "top": "0",
                    "right": "10",
                    "bottom": "0",
                    "left": "10",
                    "isLinked": false
                }
            },
            "elements": [
                {
                    "id": "b418615",
                    "settings": {
                        "_column_size": 100,
                        "_inline_size": null,
                        "margin_mobile": {
                            "unit": "px",
                            "top": "0",
                            "right": "0",
                            "bottom": "0",
                            "left": "0",
                            "isLinked": false
                        },
                        "padding_mobile": {
                            "unit": "px",
                            "top": "0",
                            "right": "0",
                            "bottom": "0",
                            "left": "0",
                            "isLinked": false
                        }
                    },
                    "elements": [
                        {
                            "id": "60d69bcf",
                            "settings": {
                                "title": "Guest",
                                "align": "center",
                                "title_color": "#AA2923",
                                "typography_typography": "custom",
                                "typography_font_family": "Playfair Display",
                                "typography_font_size": {
                                    "unit": "px",
                                    "size": 22,
                                    "sizes": []
                                },
                                "typography_font_weight": "300",
                                "_animation": "fadeIn",
                                "_animation_delay": 300
                            },
                            "elements": [],
                            "isInner": false,
                            "widgetType": "heading",
                            "elType": "widget"
                        },
                        {
                            "id": "7f431bbb",
                            "settings": {
                                "title": "Dress Code",
                                "align": "center",
                                "title_color": "#AA2923",
                                "typography_typography": "custom",
                                "typography_font_family": "Playfair Display",
                                "typography_font_weight": "300",
                                "_animation": "fadeInUp",
                                "_animation_delay": 500
                            },
                            "elements": [],
                            "isInner": false,
                            "widgetType": "heading",
                            "elType": "widget"
                        },
                        {
                            "id": "5cd23885",
                            "settings": {
                                "align": "left",
                                "text_color": "#9D9999",
                                "typography_typography": "custom",
                                "typography_font_family": "Jost",
                                "typography_font_size": {
                                    "unit": "px",
                                    "size": 15,
                                    "sizes": []
                                },
                                "_margin": {
                                    "unit": "px",
                                    "top": "0",
                                    "right": "0",
                                    "bottom": "0",
                                    "left": "0",
                                    "isLinked": false
                                },
                                "_z_index": 0,
                                "_animation": "fadeInDown",
                                "_animation_delay": 800,
                                "_margin_mobile": {
                                    "unit": "px",
                                    "top": "0",
                                    "right": "0",
                                    "bottom": "0",
                                    "left": "0",
                                    "isLinked": false
                                },
                                "_padding_mobile": {
                                    "unit": "px",
                                    "top": "0",
                                    "right": "0",
                                    "bottom": "0",
                                    "left": "0",
                                    "isLinked": false
                                },
                                "align_mobile": "center"
                            },
                            "elements": [],
                            "isInner": false,
                            "widgetType": "text-editor",
                            "elType": "widget"
                        }
                    ],
                    "isInner": false,
                    "elType": "column"
                }
            ],
            "isInner": false,
            "elType": "section"
        },
        {
            "id": "6b97b7b3",
            "settings": {
                "margin": {
                    "unit": "px",
                    "top": "70",
                    "right": 0,
                    "bottom": "100",
                    "left": 0,
                    "isLinked": false
                },
                "padding": {
                    "unit": "px",
                    "top": "0",
                    "right": "0",
                    "bottom": "0",
                    "left": "0",
                    "isLinked": false
                },
                "gap": "no",
                "margin_tablet": {
                    "unit": "px",
                    "top": "70",
                    "right": 0,
                    "bottom": "70",
                    "left": 0,
                    "isLinked": false
                },
                "margin_mobile": {
                    "unit": "px",
                    "top": "40",
                    "right": 0,
                    "bottom": "60",
                    "left": 0,
                    "isLinked": false
                },
                "padding_tablet": {
                    "unit": "px",
                    "top": "0",
                    "right": "0",
                    "bottom": "0",
                    "left": "0",
                    "isLinked": false
                },
                "padding_mobile": {
                    "unit": "px",
                    "top": "0",
                    "right": "0",
                    "bottom": "0",
                    "left": "0",
                    "isLinked": false
                }
            },
            "elements": [
                {
                    "id": "7d7074a0",
                    "settings": {
                        "_column_size": 100,
                        "_inline_size": null,
                        "margin_tablet": {
                            "unit": "px",
                            "top": "0",
                            "right": "0",
                            "bottom": "0",
                            "left": "0",
                            "isLinked": false
                        },
                        "margin_mobile": {
                            "unit": "px",
                            "top": "0",
                            "right": "0",
                            "bottom": "0",
                            "left": "0",
                            "isLinked": false
                        },
                        "padding_tablet": {
                            "unit": "px",
                            "top": "0",
                            "right": "0",
                            "bottom": "0",
                            "left": "0",
                            "isLinked": false
                        },
                        "padding_mobile": {
                            "unit": "px",
                            "top": "0",
                            "right": "0",
                            "bottom": "0",
                            "left": "0",
                            "isLinked": false
                        }
                    },
                    "elements": [
                        {
                            "id": "47d4e31d",
                            "settings": {
                                "title": "|",
                                "align": "center",
                                "title_color": "#AA2923",
                                "typography_typography": "custom",
                                "typography_font_size": {
                                    "unit": "px",
                                    "size": 72,
                                    "sizes": []
                                },
                                "typography_font_weight": "200",
                                "_animation": "slideInDown",
                                "_animation_delay": 700,
                                "_margin_mobile": {
                                    "unit": "px",
                                    "top": "0",
                                    "right": "0",
                                    "bottom": "0",
                                    "left": "0",
                                    "isLinked": false
                                },
                                "_padding_mobile": {
                                    "unit": "px",
                                    "top": "0",
                                    "right": "0",
                                    "bottom": "0",
                                    "left": "0",
                                    "isLinked": false
                                }
                            },
                            "elements": [],
                            "isInner": false,
                            "widgetType": "heading",
                            "elType": "widget"
                        }
                    ],
                    "isInner": false,
                    "elType": "column"
                }
            ],
            "isInner": false,
            "elType": "section"
        },
        {
            "id": "2bea9735",
            "settings": {
                "content_position": "middle",
                "structure": "20",
                "margin": {
                    "unit": "px",
                    "top": "0",
                    "right": 0,
                    "bottom": "0",
                    "left": 0,
                    "isLinked": false
                },
                "padding": {
                    "unit": "px",
                    "top": "0",
                    "right": "0",
                    "bottom": "0",
                    "left": "0",
                    "isLinked": false
                },
                "z_index": 0,
                "content_width": {
                    "unit": "px",
                    "size": 848,
                    "sizes": []
                },
                "margin_tablet": {
                    "unit": "px",
                    "top": "0",
                    "right": 0,
                    "bottom": "0",
                    "left": 0,
                    "isLinked": false
                },
                "margin_mobile": {
                    "unit": "px",
                    "top": "0",
                    "right": 0,
                    "bottom": "0",
                    "left": 0,
                    "isLinked": false
                },
                "padding_tablet": {
                    "unit": "px",
                    "top": "0",
                    "right": "20",
                    "bottom": "0",
                    "left": "20",
                    "isLinked": false
                },
                "padding_mobile": {
                    "unit": "px",
                    "top": "0",
                    "right": "10",
                    "bottom": "0",
                    "left": "10",
                    "isLinked": false
                },
                "reverse_order_mobile": "reverse-mobile"
            },
            "elements": [
                {
                    "id": "6aca8944",
                    "settings": {
                        "_column_size": 50,
                        "_inline_size": 46.1400000000000005684341886080801486968994140625,
                        "margin_tablet": {
                            "unit": "px",
                            "top": "0",
                            "right": "0",
                            "bottom": "0",
                            "left": "0",
                            "isLinked": false
                        },
                        "margin_mobile": {
                            "unit": "px",
                            "top": "50",
                            "right": "0",
                            "bottom": "0",
                            "left": "0",
                            "isLinked": false
                        },
                        "padding_tablet": {
                            "unit": "px",
                            "top": "0",
                            "right": "0",
                            "bottom": "0",
                            "left": "0",
                            "isLinked": false
                        },
                        "padding_mobile": {
                            "unit": "px",
                            "top": "0",
                            "right": "0",
                            "bottom": "0",
                            "left": "0",
                            "isLinked": false
                        }
                    },
                    "elements": [
                        {
                            "id": "4dd7e953",
                            "settings": {
                                "image": {
                                    "url": "https:\/\/demo.puriwp.com\/katesteve\/wp-content\/uploads\/2020\/11\/groom-1.jpg",
                                    "id": 1884
                                },
                                "align": "left",
                                "_margin_mobile": {
                                    "unit": "px",
                                    "top": "0",
                                    "right": "0",
                                    "bottom": "0",
                                    "left": "0",
                                    "isLinked": false
                                },
                                "_padding_mobile": {
                                    "unit": "px",
                                    "top": "0",
                                    "right": "0",
                                    "bottom": "0",
                                    "left": "0",
                                    "isLinked": false
                                }
                            },
                            "elements": [],
                            "isInner": false,
                            "widgetType": "image",
                            "elType": "widget"
                        }
                    ],
                    "isInner": false,
                    "elType": "column"
                },
                {
                    "id": "6ee095a9",
                    "settings": {
                        "_column_size": 50,
                        "_inline_size": 53.8599999999999994315658113919198513031005859375,
                        "margin": {
                            "unit": "px",
                            "top": "-9",
                            "right": "0",
                            "bottom": "0",
                            "left": "50",
                            "isLinked": false
                        },
                        "padding": {
                            "unit": "px",
                            "top": "0",
                            "right": "0",
                            "bottom": "0",
                            "left": "0",
                            "isLinked": false
                        },
                        "margin_mobile": {
                            "unit": "px",
                            "top": "0",
                            "right": "0",
                            "bottom": "0",
                            "left": "0",
                            "isLinked": false
                        },
                        "padding_mobile": {
                            "unit": "px",
                            "top": "0",
                            "right": "0",
                            "bottom": "0",
                            "left": "0",
                            "isLinked": false
                        }
                    },
                    "elements": [
                        {
                            "id": "7e91f0e0",
                            "settings": {
                                "title": "Men Dress Code",
                                "align": "left",
                                "title_color": "#AA2923",
                                "typography_typography": "custom",
                                "typography_font_family": "Playfair Display",
                                "typography_font_weight": "300",
                                "_animation": "fadeInUp",
                                "_animation_delay": 500,
                                "align_mobile": "center"
                            },
                            "elements": [],
                            "isInner": false,
                            "widgetType": "heading",
                            "elType": "widget"
                        },
                        {
                            "id": "36b18721",
                            "settings": {
                                "align": "left",
                                "text_color": "#9D9999",
                                "typography_typography": "custom",
                                "typography_font_family": "Jost",
                                "typography_font_size": {
                                    "unit": "px",
                                    "size": 15,
                                    "sizes": []
                                },
                                "_margin": {
                                    "unit": "px",
                                    "top": "0",
                                    "right": "0",
                                    "bottom": "0",
                                    "left": "0",
                                    "isLinked": false
                                },
                                "_z_index": 0,
                                "_animation": "fadeInDown",
                                "_animation_delay": 800,
                                "align_mobile": "center",
                                "_margin_mobile": {
                                    "unit": "px",
                                    "top": "0",
                                    "right": "0",
                                    "bottom": "0",
                                    "left": "0",
                                    "isLinked": false
                                },
                                "_padding_mobile": {
                                    "unit": "px",
                                    "top": "0",
                                    "right": "0",
                                    "bottom": "0",
                                    "left": "0",
                                    "isLinked": false
                                }
                            },
                            "elements": [],
                            "isInner": false,
                            "widgetType": "text-editor",
                            "elType": "widget"
                        },
                        {
                            "id": "1b4d128f",
                            "settings": {
                                "icon_list": [
                                    {
                                        "text": "Black Jacket",
                                        "_id": "758879f",
                                        "link": {
                                            "url": "#",
                                            "is_external": "",
                                            "nofollow": "",
                                            "custom_attributes": ""
                                        }
                                    },
                                    {
                                        "text": "Black Pants",
                                        "link": {
                                            "url": "#",
                                            "is_external": "",
                                            "nofollow": "",
                                            "custom_attributes": ""
                                        },
                                        "_id": "05b7e0d"
                                    },
                                    {
                                        "text": "Flowers",
                                        "link": {
                                            "url": "#",
                                            "is_external": "",
                                            "nofollow": "",
                                            "custom_attributes": ""
                                        },
                                        "_id": "dbc2671"
                                    },
                                    {
                                        "text": "Tie",
                                        "link": {
                                            "url": "#",
                                            "is_external": "",
                                            "nofollow": "",
                                            "custom_attributes": ""
                                        },
                                        "_id": "1f9d509"
                                    },
                                    {
                                        "text": "White Shirt",
                                        "link": {
                                            "url": "#",
                                            "is_external": "",
                                            "nofollow": "",
                                            "custom_attributes": ""
                                        },
                                        "_id": "10e22c7"
                                    }
                                ],
                                "space_between": {
                                    "unit": "px",
                                    "size": 25,
                                    "sizes": []
                                },
                                "icon_color": "#AA2923",
                                "icon_color_hover": "#AA2923",
                                "text_color": "#141414",
                                "text_color_hover": "#AA2923",
                                "icon_typography_typography": "custom",
                                "icon_typography_font_family": "Montserrat",
                                "icon_typography_font_size": {
                                    "unit": "px",
                                    "size": 13,
                                    "sizes": []
                                },
                                "icon_align_mobile": "center"
                            },
                            "elements": [],
                            "isInner": false,
                            "widgetType": "icon-list",
                            "elType": "widget"
                        }
                    ],
                    "isInner": false,
                    "elType": "column"
                }
            ],
            "isInner": false,
            "elType": "section"
        },
        {
            "id": "1b709a9",
            "settings": {
                "margin": {
                    "unit": "px",
                    "top": "100",
                    "right": 0,
                    "bottom": "100",
                    "left": 0,
                    "isLinked": false
                },
                "padding": {
                    "unit": "px",
                    "top": "0",
                    "right": "0",
                    "bottom": "0",
                    "left": "0",
                    "isLinked": false
                },
                "gap": "no",
                "margin_tablet": {
                    "unit": "px",
                    "top": "60",
                    "right": 0,
                    "bottom": "60",
                    "left": 0,
                    "isLinked": true
                },
                "margin_mobile": {
                    "unit": "px",
                    "top": "60",
                    "right": 0,
                    "bottom": "60",
                    "left": 0,
                    "isLinked": true
                },
                "padding_tablet": {
                    "unit": "px",
                    "top": "0",
                    "right": "0",
                    "bottom": "0",
                    "left": "0",
                    "isLinked": false
                },
                "padding_mobile": {
                    "unit": "px",
                    "top": "0",
                    "right": "0",
                    "bottom": "0",
                    "left": "0",
                    "isLinked": false
                }
            },
            "elements": [
                {
                    "id": "19e154c1",
                    "settings": {
                        "_column_size": 100,
                        "_inline_size": null,
                        "margin_mobile": {
                            "unit": "px",
                            "top": "0",
                            "right": "0",
                            "bottom": "0",
                            "left": "0",
                            "isLinked": false
                        },
                        "padding_mobile": {
                            "unit": "px",
                            "top": "0",
                            "right": "0",
                            "bottom": "0",
                            "left": "0",
                            "isLinked": false
                        }
                    },
                    "elements": [
                        {
                            "id": "473da3f4",
                            "settings": {
                                "title": "|",
                                "align": "center",
                                "title_color": "#AA2923",
                                "typography_typography": "custom",
                                "typography_font_size": {
                                    "unit": "px",
                                    "size": 72,
                                    "sizes": []
                                },
                                "typography_font_weight": "200",
                                "_animation": "slideInDown",
                                "_animation_delay": 700
                            },
                            "elements": [],
                            "isInner": false,
                            "widgetType": "heading",
                            "elType": "widget"
                        }
                    ],
                    "isInner": false,
                    "elType": "column"
                }
            ],
            "isInner": false,
            "elType": "section"
        },
        {
            "id": "68137010",
            "settings": {
                "content_position": "middle",
                "structure": "20",
                "margin": {
                    "unit": "px",
                    "top": "0",
                    "right": 0,
                    "bottom": "0",
                    "left": 0,
                    "isLinked": false
                },
                "padding": {
                    "unit": "px",
                    "top": "0",
                    "right": "0",
                    "bottom": "0",
                    "left": "0",
                    "isLinked": false
                },
                "z_index": 0,
                "content_width": {
                    "unit": "px",
                    "size": 848,
                    "sizes": []
                },
                "margin_tablet": {
                    "unit": "px",
                    "top": "0",
                    "right": 0,
                    "bottom": "0",
                    "left": 0,
                    "isLinked": false
                },
                "margin_mobile": {
                    "unit": "px",
                    "top": "0",
                    "right": 0,
                    "bottom": "0",
                    "left": 0,
                    "isLinked": false
                },
                "padding_tablet": {
                    "unit": "px",
                    "top": "0",
                    "right": "20",
                    "bottom": "0",
                    "left": "20",
                    "isLinked": false
                },
                "padding_mobile": {
                    "unit": "px",
                    "top": "0",
                    "right": "10",
                    "bottom": "0",
                    "left": "10",
                    "isLinked": false
                }
            },
            "elements": [
                {
                    "id": "7be48b22",
                    "settings": {
                        "_column_size": 50,
                        "_inline_size": 53.42099999999999937472239253111183643341064453125,
                        "margin": {
                            "unit": "px",
                            "top": "-9",
                            "right": "0",
                            "bottom": "0",
                            "left": "0",
                            "isLinked": false
                        },
                        "padding": {
                            "unit": "px",
                            "top": "0",
                            "right": "0",
                            "bottom": "0",
                            "left": "0",
                            "isLinked": false
                        },
                        "margin_tablet": {
                            "unit": "px",
                            "top": "0",
                            "right": "0",
                            "bottom": "0",
                            "left": "0",
                            "isLinked": false
                        },
                        "margin_mobile": {
                            "unit": "px",
                            "top": "0",
                            "right": "0",
                            "bottom": "0",
                            "left": "0",
                            "isLinked": false
                        },
                        "padding_tablet": {
                            "unit": "px",
                            "top": "0",
                            "right": "0",
                            "bottom": "0",
                            "left": "0",
                            "isLinked": false
                        },
                        "padding_mobile": {
                            "unit": "px",
                            "top": "0",
                            "right": "0",
                            "bottom": "0",
                            "left": "0",
                            "isLinked": false
                        }
                    },
                    "elements": [
                        {
                            "id": "3d5866ea",
                            "settings": {
                                "title": "Women  Dress Code",
                                "align": "left",
                                "title_color": "#AA2923",
                                "typography_typography": "custom",
                                "typography_font_family": "Playfair Display",
                                "typography_font_weight": "300",
                                "_animation": "fadeInUp",
                                "_animation_delay": 500,
                                "align_mobile": "center"
                            },
                            "elements": [],
                            "isInner": false,
                            "widgetType": "heading",
                            "elType": "widget"
                        },
                        {
                            "id": "4041fa49",
                            "settings": {
                                "align": "left",
                                "text_color": "#9D9999",
                                "typography_typography": "custom",
                                "typography_font_family": "Jost",
                                "typography_font_size": {
                                    "unit": "px",
                                    "size": 15,
                                    "sizes": []
                                },
                                "_margin": {
                                    "unit": "px",
                                    "top": "0",
                                    "right": "0",
                                    "bottom": "0",
                                    "left": "0",
                                    "isLinked": false
                                },
                                "_z_index": 0,
                                "_animation": "fadeInDown",
                                "_animation_delay": 800,
                                "align_mobile": "center",
                                "_margin_mobile": {
                                    "unit": "px",
                                    "top": "0",
                                    "right": "0",
                                    "bottom": "0",
                                    "left": "0",
                                    "isLinked": false
                                },
                                "_padding_mobile": {
                                    "unit": "px",
                                    "top": "0",
                                    "right": "0",
                                    "bottom": "0",
                                    "left": "0",
                                    "isLinked": false
                                }
                            },
                            "elements": [],
                            "isInner": false,
                            "widgetType": "text-editor",
                            "elType": "widget"
                        },
                        {
                            "id": "2c1a33e9",
                            "settings": {
                                "icon_list": [
                                    {
                                        "text": "White Gown",
                                        "_id": "758879f",
                                        "link": {
                                            "url": "#",
                                            "is_external": "",
                                            "nofollow": "",
                                            "custom_attributes": ""
                                        }
                                    },
                                    {
                                        "text": "Red Lipstick",
                                        "link": {
                                            "url": "#",
                                            "is_external": "",
                                            "nofollow": "",
                                            "custom_attributes": ""
                                        },
                                        "_id": "05b7e0d"
                                    },
                                    {
                                        "text": "Flowers",
                                        "link": {
                                            "url": "#",
                                            "is_external": "",
                                            "nofollow": "",
                                            "custom_attributes": ""
                                        },
                                        "_id": "dbc2671"
                                    },
                                    {
                                        "text": "Bracelet",
                                        "link": {
                                            "url": "#",
                                            "is_external": "",
                                            "nofollow": "",
                                            "custom_attributes": ""
                                        },
                                        "_id": "1f9d509"
                                    },
                                    {
                                        "text": "Earrings",
                                        "link": {
                                            "url": "#",
                                            "is_external": "",
                                            "nofollow": "",
                                            "custom_attributes": ""
                                        },
                                        "_id": "10e22c7"
                                    }
                                ],
                                "space_between": {
                                    "unit": "px",
                                    "size": 25,
                                    "sizes": []
                                },
                                "icon_color": "#AA2923",
                                "icon_color_hover": "#AA2923",
                                "text_color": "#141414",
                                "text_color_hover": "#AA2923",
                                "icon_typography_typography": "custom",
                                "icon_typography_font_family": "Montserrat",
                                "icon_typography_font_size": {
                                    "unit": "px",
                                    "size": 13,
                                    "sizes": []
                                },
                                "icon_align_mobile": "center"
                            },
                            "elements": [],
                            "isInner": false,
                            "widgetType": "icon-list",
                            "elType": "widget"
                        }
                    ],
                    "isInner": false,
                    "elType": "column"
                },
                {
                    "id": "5720598b",
                    "settings": {
                        "_column_size": 50,
                        "_inline_size": 46.57900000000000062527760746888816356658935546875,
                        "margin_mobile": {
                            "unit": "px",
                            "top": "50",
                            "right": "0",
                            "bottom": "0",
                            "left": "0",
                            "isLinked": false
                        },
                        "padding_mobile": {
                            "unit": "px",
                            "top": "0",
                            "right": "0",
                            "bottom": "0",
                            "left": "0",
                            "isLinked": false
                        }
                    },
                    "elements": [
                        {
                            "id": "6e952983",
                            "settings": {
                                "image": {
                                    "url": "https:\/\/demo.puriwp.com\/katesteve\/wp-content\/uploads\/2020\/11\/Christina-Evan.jpg",
                                    "id": 1891
                                },
                                "align": "right",
                                "_margin_tablet": {
                                    "unit": "px",
                                    "top": "0",
                                    "right": "0",
                                    "bottom": "0",
                                    "left": "0",
                                    "isLinked": false
                                },
                                "_padding_tablet": {
                                    "unit": "px",
                                    "top": "0",
                                    "right": "0",
                                    "bottom": "0",
                                    "left": "0",
                                    "isLinked": false
                                }
                            },
                            "elements": [],
                            "isInner": false,
                            "widgetType": "image",
                            "elType": "widget"
                        }
                    ],
                    "isInner": false,
                    "elType": "column"
                }
            ],
            "isInner": false,
            "elType": "section"
        },
        {
            "id": "7a5425ee",
            "settings": {
                "margin": {
                    "unit": "px",
                    "top": "100",
                    "right": 0,
                    "bottom": "100",
                    "left": 0,
                    "isLinked": false
                },
                "padding": {
                    "unit": "px",
                    "top": "0",
                    "right": "0",
                    "bottom": "0",
                    "left": "0",
                    "isLinked": false
                },
                "gap": "no",
                "margin_tablet": {
                    "unit": "px",
                    "top": "60",
                    "right": 0,
                    "bottom": "60",
                    "left": 0,
                    "isLinked": true
                },
                "margin_mobile": {
                    "unit": "px",
                    "top": "60",
                    "right": 0,
                    "bottom": "60",
                    "left": 0,
                    "isLinked": true
                },
                "padding_tablet": {
                    "unit": "px",
                    "top": "0",
                    "right": "0",
                    "bottom": "0",
                    "left": "0",
                    "isLinked": false
                },
                "padding_mobile": {
                    "unit": "px",
                    "top": "0",
                    "right": "0",
                    "bottom": "0",
                    "left": "0",
                    "isLinked": false
                }
            },
            "elements": [
                {
                    "id": "6d78750c",
                    "settings": {
                        "_column_size": 100,
                        "_inline_size": null
                    },
                    "elements": [
                        {
                            "id": "53923d60",
                            "settings": {
                                "title": "|",
                                "align": "center",
                                "title_color": "#AA2923",
                                "typography_typography": "custom",
                                "typography_font_size": {
                                    "unit": "px",
                                    "size": 72,
                                    "sizes": []
                                },
                                "typography_font_weight": "200",
                                "_animation": "slideInDown",
                                "_animation_delay": 700
                            },
                            "elements": [],
                            "isInner": false,
                            "widgetType": "heading",
                            "elType": "widget"
                        }
                    ],
                    "isInner": false,
                    "elType": "column"
                }
            ],
            "isInner": false,
            "elType": "section"
        },
        {
            "id": "4d2bfe5f",
            "settings": {
                "margin": {
                    "unit": "px",
                    "top": "100",
                    "right": 0,
                    "bottom": "30",
                    "left": 0,
                    "isLinked": false
                },
                "gap": "no",
                "margin_tablet": {
                    "unit": "px",
                    "top": "0",
                    "right": 0,
                    "bottom": "0",
                    "left": 0,
                    "isLinked": false
                },
                "margin_mobile": {
                    "unit": "px",
                    "top": "0",
                    "right": 0,
                    "bottom": "0",
                    "left": 0,
                    "isLinked": false
                },
                "padding_tablet": {
                    "unit": "px",
                    "top": "0",
                    "right": "0",
                    "bottom": "0",
                    "left": "0",
                    "isLinked": false
                },
                "padding_mobile": {
                    "unit": "px",
                    "top": "0",
                    "right": "10",
                    "bottom": "0",
                    "left": "10",
                    "isLinked": false
                }
            },
            "elements": [
                {
                    "id": "32f0dae4",
                    "settings": {
                        "_column_size": 100,
                        "_inline_size": null,
                        "margin_tablet": {
                            "unit": "px",
                            "top": "0",
                            "right": "0",
                            "bottom": "0",
                            "left": "0",
                            "isLinked": false
                        },
                        "padding_tablet": {
                            "unit": "px",
                            "top": "0",
                            "right": "0",
                            "bottom": "0",
                            "left": "0",
                            "isLinked": false
                        }
                    },
                    "elements": [
                        {
                            "id": "2ea98032",
                            "settings": {
                                "title": "Tailor",
                                "align": "center",
                                "title_color": "#AA2923",
                                "typography_typography": "custom",
                                "typography_font_family": "Playfair Display",
                                "typography_font_size": {
                                    "unit": "px",
                                    "size": 22,
                                    "sizes": []
                                },
                                "typography_font_weight": "300",
                                "_animation": "fadeIn",
                                "_animation_delay": 300,
                                "_margin_tablet": {
                                    "unit": "px",
                                    "top": "0",
                                    "right": "0",
                                    "bottom": "0",
                                    "left": "0",
                                    "isLinked": false
                                },
                                "_padding_tablet": {
                                    "unit": "px",
                                    "top": "0",
                                    "right": "0",
                                    "bottom": "0",
                                    "left": "0",
                                    "isLinked": false
                                }
                            },
                            "elements": [],
                            "isInner": false,
                            "widgetType": "heading",
                            "elType": "widget"
                        },
                        {
                            "id": "7cd96a5d",
                            "settings": {
                                "title": "Bali Tailor Reccomendation",
                                "align": "center",
                                "title_color": "#AA2923",
                                "typography_typography": "custom",
                                "typography_font_family": "Playfair Display",
                                "typography_font_weight": "300",
                                "_animation": "fadeInUp",
                                "_animation_delay": 500
                            },
                            "elements": [],
                            "isInner": false,
                            "widgetType": "heading",
                            "elType": "widget"
                        },
                        {
                            "id": "2f8c7486",
                            "settings": {
                                "align": "center",
                                "text_color": "#9D9999",
                                "typography_typography": "custom",
                                "typography_font_family": "Jost",
                                "typography_font_size": {
                                    "unit": "px",
                                    "size": 15,
                                    "sizes": []
                                },
                                "_margin": {
                                    "unit": "px",
                                    "top": "0",
                                    "right": "300",
                                    "bottom": "0",
                                    "left": "300",
                                    "isLinked": false
                                },
                                "_z_index": 0,
                                "_animation": "fadeInDown",
                                "_animation_delay": 800,
                                "_margin_tablet": {
                                    "unit": "px",
                                    "top": "0",
                                    "right": "20",
                                    "bottom": "0",
                                    "left": "20",
                                    "isLinked": false
                                },
                                "_margin_mobile": {
                                    "unit": "px",
                                    "top": "0",
                                    "right": "0",
                                    "bottom": "0",
                                    "left": "0",
                                    "isLinked": false
                                },
                                "_padding_tablet": {
                                    "unit": "px",
                                    "top": "0",
                                    "right": "0",
                                    "bottom": "0",
                                    "left": "0",
                                    "isLinked": false
                                },
                                "_padding_mobile": {
                                    "unit": "px",
                                    "top": "0",
                                    "right": "0",
                                    "bottom": "0",
                                    "left": "0",
                                    "isLinked": false
                                }
                            },
                            "elements": [],
                            "isInner": false,
                            "widgetType": "text-editor",
                            "elType": "widget"
                        }
                    ],
                    "isInner": false,
                    "elType": "column"
                }
            ],
            "isInner": false,
            "elType": "section"
        },
        {
            "id": "441d410f",
            "settings": {
                "margin": {
                    "unit": "px",
                    "top": "0",
                    "right": 0,
                    "bottom": "0",
                    "left": 0,
                    "isLinked": false
                },
                "padding": {
                    "unit": "px",
                    "top": "0",
                    "right": "0",
                    "bottom": "0",
                    "left": "0",
                    "isLinked": false
                },
                "gap": "no",
                "z_index": 0,
                "margin_mobile": {
                    "unit": "px",
                    "top": "0",
                    "right": 0,
                    "bottom": "0",
                    "left": 0,
                    "isLinked": false
                },
                "padding_mobile": {
                    "unit": "px",
                    "top": "0",
                    "right": "10",
                    "bottom": "0",
                    "left": "10",
                    "isLinked": false
                }
            },
            "elements": [
                {
                    "id": "42cae06b",
                    "settings": {
                        "_column_size": 100,
                        "_inline_size": null,
                        "margin_mobile": {
                            "unit": "px",
                            "top": "0",
                            "right": "0",
                            "bottom": "0",
                            "left": "0",
                            "isLinked": false
                        },
                        "padding_mobile": {
                            "unit": "px",
                            "top": "0",
                            "right": "0",
                            "bottom": "0",
                            "left": "0",
                            "isLinked": false
                        }
                    },
                    "elements": [
                        {
                            "id": "607c1aa0",
                            "settings": {
                                "ekit_img_accordion_items": [
                                    {
                                        "ekit_img_accordion_title": "Vasco",
                                        "_id": "539e55f",
                                        "ekit_img_accordion_active": "yes",
                                        "ekit_img_accordion_bg": {
                                            "url": "https:\/\/demo.puriwp.com\/katesteve\/wp-content\/uploads\/2020\/11\/tailor-1-scaled-1.jpg",
                                            "id": 1980
                                        },
                                        "ekit_img_accordion_enable_icon": "yes",
                                        "ekit_img_accordion_title_icons": {
                                            "value": "far fa-building",
                                            "library": "fa-regular"
                                        },
                                        "ekit_img_accordion_button_label": "Direction"
                                    },
                                    {
                                        "ekit_img_accordion_icon": "icon icon-minus",
                                        "_id": "0c15f49",
                                        "ekit_img_accordion_bg": {
                                            "url": "https:\/\/demo.puriwp.com\/katesteve\/wp-content\/uploads\/2020\/11\/tailor-2-1.jpg",
                                            "id": 1984
                                        },
                                        "ekit_img_accordion_title": "Kenny Tailor",
                                        "ekit_img_accordion_enable_icon": "yes",
                                        "ekit_img_accordion_title_icons": {
                                            "value": "far fa-building",
                                            "library": "fa-regular"
                                        },
                                        "ekit_img_accordion_button_label": "Direction"
                                    },
                                    {
                                        "ekit_img_accordion_link": "#",
                                        "_id": "0cf0c2a",
                                        "ekit_img_accordion_active": "",
                                        "ekit_img_accordion_bg": {
                                            "url": "https:\/\/demo.puriwp.com\/katesteve\/wp-content\/uploads\/2020\/11\/tailor-4-1.jpg",
                                            "id": 1990
                                        },
                                        "ekit_img_accordion_title": "Reginna",
                                        "ekit_img_accordion_enable_icon": "yes",
                                        "ekit_img_accordion_title_icons": {
                                            "value": "far fa-building",
                                            "library": "fa-regular"
                                        },
                                        "ekit_img_accordion_button_label": "Direction"
                                    },
                                    {
                                        "ekit_img_accordion_button_label": "Direction",
                                        "_id": "af1e1d5",
                                        "ekit_img_accordion_bg": {
                                            "url": "https:\/\/demo.puriwp.com\/katesteve\/wp-content\/uploads\/2020\/11\/tailor-3-2.jpg",
                                            "id": 1991
                                        },
                                        "ekit_img_accordion_title": "Rufus Tailor",
                                        "ekit_img_accordion_enable_icon": "yes",
                                        "ekit_img_accordion_title_icons": {
                                            "value": "far fa-building",
                                            "library": "fa-regular"
                                        }
                                    }
                                ],
                                "ekit_img_accordion_bg_active_color_background": "classic",
                                "ekit_img_accordion_bg_active_color_color": "#02010163",
                                "ekit_img_accordion_title_color": "#FFFFFF",
                                "ekit_img_accordion_title_typography_group_typography": "custom",
                                "ekit_img_accordion_title_typography_group_font_family": "Playfair Display",
                                "ekit_img_accordion_title_typography_group_font_size": {
                                    "unit": "px",
                                    "size": 20,
                                    "sizes": []
                                },
                                "ekit_img_accordion_title_typography_group_font_weight": "300",
                                "ekit_img_accordion_title_typography_group_letter_spacing": {
                                    "unit": "px",
                                    "size": 1.6999999999999999555910790149937383830547332763671875,
                                    "sizes": []
                                },
                                "ekit_img_accordion_text_padding": {
                                    "unit": "px",
                                    "top": "15",
                                    "right": "50",
                                    "bottom": "15",
                                    "left": "50",
                                    "isLinked": false
                                },
                                "ekit_img_accordion_btn_typography_typography": "custom",
                                "ekit_img_accordion_btn_typography_font_family": "Montserrat",
                                "ekit_img_accordion_btn_bg_color_group_background": "classic",
                                "ekit_img_accordion_btn_bg_color_group_color": "#AA2923",
                                "ekit_img_accordion_btn_border_group_border": "",
                                "ekit_img_accordion_btn_border_radius": {
                                    "unit": "px",
                                    "top": "0",
                                    "right": "0",
                                    "bottom": "0",
                                    "left": "0",
                                    "isLinked": true
                                },
                                "ekit_img_accordion_section_img_accordion_icon_left_spacing": {
                                    "unit": "px",
                                    "size": 0,
                                    "sizes": []
                                },
                                "ekit_img_accordion_pup_up_icon_color": "#FFFFFF",
                                "ekit_img_accordion_pup_up_project_color": "#FFFFFF",
                                "_margin": {
                                    "unit": "px",
                                    "top": "50",
                                    "right": "0",
                                    "bottom": "0",
                                    "left": "0",
                                    "isLinked": false
                                },
                                "_padding": {
                                    "unit": "px",
                                    "top": "0",
                                    "right": "0",
                                    "bottom": "0",
                                    "left": "0",
                                    "isLinked": false
                                },
                                "items_style_mobile": "vertical",
                                "_margin_mobile": {
                                    "unit": "px",
                                    "top": "30",
                                    "right": "0",
                                    "bottom": "0",
                                    "left": "0",
                                    "isLinked": false
                                },
                                "_padding_mobile": {
                                    "unit": "px",
                                    "top": "0",
                                    "right": "0",
                                    "bottom": "0",
                                    "left": "0",
                                    "isLinked": false
                                }
                            },
                            "elements": [],
                            "isInner": false,
                            "widgetType": "elementskit-image-accordion",
                            "elType": "widget"
                        }
                    ],
                    "isInner": false,
                    "elType": "column"
                }
            ],
            "isInner": false,
            "elType": "section"
        },
        {
            "id": "22e3ba2e",
            "settings": {
                "margin": {
                    "unit": "px",
                    "top": "100",
                    "right": 0,
                    "bottom": "100",
                    "left": 0,
                    "isLinked": false
                },
                "padding": {
                    "unit": "px",
                    "top": "0",
                    "right": "0",
                    "bottom": "0",
                    "left": "0",
                    "isLinked": false
                },
                "margin_tablet": {
                    "unit": "px",
                    "top": "70",
                    "right": 0,
                    "bottom": "70",
                    "left": 0,
                    "isLinked": false
                },
                "margin_mobile": {
                    "unit": "px",
                    "top": "60",
                    "right": 0,
                    "bottom": "60",
                    "left": 0,
                    "isLinked": false
                },
                "padding_tablet": {
                    "unit": "px",
                    "top": "0",
                    "right": "0",
                    "bottom": "0",
                    "left": "0",
                    "isLinked": false
                },
                "padding_mobile": {
                    "unit": "px",
                    "top": "0",
                    "right": "0",
                    "bottom": "0",
                    "left": "0",
                    "isLinked": false
                }
            },
            "elements": [
                {
                    "id": "32953006",
                    "settings": {
                        "_column_size": 100,
                        "_inline_size": null,
                        "margin_mobile": {
                            "unit": "px",
                            "top": "0",
                            "right": "0",
                            "bottom": "0",
                            "left": "0",
                            "isLinked": false
                        },
                        "padding_mobile": {
                            "unit": "px",
                            "top": "0",
                            "right": "0",
                            "bottom": "0",
                            "left": "0",
                            "isLinked": false
                        }
                    },
                    "elements": [
                        {
                            "id": "7382e9dd",
                            "settings": {
                                "title": "|",
                                "align": "center",
                                "title_color": "#AA2923",
                                "typography_typography": "custom",
                                "typography_font_size": {
                                    "unit": "px",
                                    "size": 72,
                                    "sizes": []
                                },
                                "typography_font_weight": "200",
                                "_animation": "slideInDown",
                                "_animation_delay": 700
                            },
                            "elements": [],
                            "isInner": false,
                            "widgetType": "heading",
                            "elType": "widget"
                        }
                    ],
                    "isInner": false,
                    "elType": "column"
                }
            ],
            "isInner": false,
            "elType": "section"
        }
    ],
    "page_settings": {
        "ha_grid_zindex": "1000",
        "template": "elementor_header_footer"
    }
}