{
    "version": "0.4",
    "title": "Error 404",
    "type": "error-404",
    "metadata": {
        "template_type": "single-404",
        "include_in_zip": "1",
        "elementor_pro_required": "1",
        "elementor_library_type": "error-404",
        "elementor_pro_conditions": [
            "include\/singular\/not_found404"
        ],
        "additional_template_information": [
            "This is a \"Error 404\" template for Elementor Pro.",
            "This template will display on: 404 Page."
        ],
        "wp_page_template": "default"
    },
    "content": [
        {
            "id": "1d504793",
            "settings": {
                "layout": "full_width",
                "gap": "no",
                "height": "min-height",
                "custom_height": {
                    "unit": "px",
                    "size": 475,
                    "sizes": []
                },
                "background_background": "classic",
                "background_image": {
                    "url": "https:\/\/demo.puriwp.com\/katesteve\/wp-content\/uploads\/2020\/12\/heading-page.jpg",
                    "id": 2222
                },
                "background_position": "initial",
                "background_repeat": "no-repeat",
                "background_size": "cover",
                "background_overlay_color": "#000000",
                "margin": {
                    "unit": "px",
                    "top": "-79",
                    "right": 0,
                    "bottom": "0",
                    "left": 0,
                    "isLinked": false
                },
                "padding": {
                    "unit": "px",
                    "top": "0",
                    "right": "0",
                    "bottom": "0",
                    "left": "0",
                    "isLinked": false
                },
                "margin_tablet": {
                    "unit": "px",
                    "top": "-80",
                    "right": 0,
                    "bottom": "0",
                    "left": 0,
                    "isLinked": false
                },
                "margin_mobile": {
                    "unit": "px",
                    "top": "-70",
                    "right": 0,
                    "bottom": "0",
                    "left": 0,
                    "isLinked": false
                },
                "padding_tablet": {
                    "unit": "px",
                    "top": "0",
                    "right": "0",
                    "bottom": "0",
                    "left": "0",
                    "isLinked": false
                },
                "padding_mobile": {
                    "unit": "px",
                    "top": "0",
                    "right": "0",
                    "bottom": "0",
                    "left": "0",
                    "isLinked": false
                },
                "background_hover_background": "classic",
                "background_hover_transition": {
                    "unit": "px",
                    "size": 3,
                    "sizes": []
                },
                "background_overlay_hover_background": "classic",
                "background_overlay_hover_opacity": {
                    "unit": "px",
                    "size": 1,
                    "sizes": []
                },
                "background_overlay_hover_transition": {
                    "unit": "px",
                    "size": 3,
                    "sizes": []
                },
                "background_ypos": {
                    "unit": "px",
                    "size": -285,
                    "sizes": []
                },
                "background_attachment": "fixed",
                "custom_height_tablet": {
                    "unit": "vh",
                    "size": 35,
                    "sizes": []
                },
                "custom_height_mobile": {
                    "unit": "vh",
                    "size": 75,
                    "sizes": []
                },
                "background_position_tablet": "initial",
                "background_position_mobile": "center center",
                "background_ypos_tablet": {
                    "unit": "px",
                    "size": -131,
                    "sizes": []
                }
            },
            "elements": [
                {
                    "id": "8f8be91",
                    "settings": {
                        "_column_size": 100,
                        "_inline_size": null
                    },
                    "elements": [
                        {
                            "id": "4bef0b47",
                            "settings": {
                                "title": "Error 404 Not Found",
                                "align": "center",
                                "align_tablet": "center",
                                "align_mobile": "center",
                                "title_color": "#FFFFFF",
                                "typography_typography": "custom",
                                "typography_font_size_mobile": {
                                    "unit": "px",
                                    "size": 32,
                                    "sizes": []
                                }
                            },
                            "elements": [],
                            "isInner": false,
                            "widgetType": "heading",
                            "elType": "widget"
                        },
                        {
                            "id": "7607d07b",
                            "settings": {
                                "title": "Home > Error 404",
                                "header_size": "h6",
                                "align": "center",
                                "title_color": "#FFFFFF",
                                "typography_typography": "custom",
                                "typography_font_family": "Montserrat",
                                "typography_font_size": {
                                    "unit": "px",
                                    "size": 12,
                                    "sizes": []
                                }
                            },
                            "elements": [],
                            "isInner": false,
                            "widgetType": "heading",
                            "elType": "widget"
                        }
                    ],
                    "isInner": false,
                    "elType": "column"
                }
            ],
            "isInner": false,
            "elType": "section"
        },
        {
            "id": "7200a07c",
            "settings": {
                "margin": {
                    "unit": "px",
                    "top": "100",
                    "right": 0,
                    "bottom": "80",
                    "left": 0,
                    "isLinked": false
                },
                "gap": "no",
                "margin_mobile": {
                    "unit": "px",
                    "top": "0",
                    "right": 0,
                    "bottom": "0",
                    "left": 0,
                    "isLinked": false
                },
                "padding_mobile": {
                    "unit": "px",
                    "top": "70",
                    "right": "10",
                    "bottom": "0",
                    "left": "10",
                    "isLinked": false
                },
                "margin_tablet": {
                    "unit": "px",
                    "top": "80",
                    "right": 0,
                    "bottom": "0",
                    "left": 0,
                    "isLinked": false
                },
                "padding_tablet": {
                    "unit": "px",
                    "top": "0",
                    "right": "0",
                    "bottom": "0",
                    "left": "0",
                    "isLinked": false
                }
            },
            "elements": [
                {
                    "id": "7cb9ebad",
                    "settings": {
                        "_column_size": 100,
                        "_inline_size": null,
                        "margin": {
                            "unit": "px",
                            "top": "0",
                            "right": "0",
                            "bottom": "0",
                            "left": "0",
                            "isLinked": false
                        },
                        "padding": {
                            "unit": "px",
                            "top": "0",
                            "right": "0",
                            "bottom": "0",
                            "left": "0",
                            "isLinked": false
                        },
                        "margin_tablet": {
                            "unit": "px",
                            "top": "0",
                            "right": "0",
                            "bottom": "0",
                            "left": "0",
                            "isLinked": false
                        },
                        "margin_mobile": {
                            "unit": "px",
                            "top": "0",
                            "right": "0",
                            "bottom": "0",
                            "left": "0",
                            "isLinked": false
                        },
                        "padding_tablet": {
                            "unit": "px",
                            "top": "0",
                            "right": "0",
                            "bottom": "0",
                            "left": "0",
                            "isLinked": false
                        },
                        "padding_mobile": {
                            "unit": "px",
                            "top": "0",
                            "right": "0",
                            "bottom": "0",
                            "left": "0",
                            "isLinked": false
                        }
                    },
                    "elements": [
                        {
                            "id": "49a468cd",
                            "settings": {
                                "title": "Error 404 ",
                                "align": "center",
                                "title_color": "#AA2923",
                                "typography_typography": "custom",
                                "typography_font_family": "Playfair Display",
                                "typography_font_size": {
                                    "unit": "px",
                                    "size": 22,
                                    "sizes": []
                                },
                                "typography_font_weight": "300",
                                "_animation": "fadeIn",
                                "_animation_delay": 300,
                                "_margin_mobile": {
                                    "unit": "px",
                                    "top": "0",
                                    "right": "0",
                                    "bottom": "0",
                                    "left": "0",
                                    "isLinked": false
                                },
                                "_padding_mobile": {
                                    "unit": "px",
                                    "top": "0",
                                    "right": "0",
                                    "bottom": "0",
                                    "left": "0",
                                    "isLinked": false
                                }
                            },
                            "elements": [],
                            "isInner": false,
                            "widgetType": "heading",
                            "elType": "widget"
                        },
                        {
                            "id": "3c8d1697",
                            "settings": {
                                "title": "Hi Guest! We did not find page you were  Looking For..",
                                "align": "center",
                                "title_color": "#AA2923",
                                "typography_typography": "custom",
                                "typography_font_family": "Playfair Display",
                                "typography_font_weight": "300",
                                "_animation": "fadeInUp",
                                "_animation_delay": 500
                            },
                            "elements": [],
                            "isInner": false,
                            "widgetType": "heading",
                            "elType": "widget"
                        },
                        {
                            "id": "1c4cf4d9",
                            "settings": {
                                "selected_icon": {
                                    "value": "fas fa-heart-broken",
                                    "library": "fa-solid"
                                },
                                "primary_color": "#AA2923",
                                "_margin": {
                                    "unit": "px",
                                    "top": "10",
                                    "right": "0",
                                    "bottom": "0",
                                    "left": "0",
                                    "isLinked": false
                                },
                                "_padding": {
                                    "unit": "px",
                                    "top": "0",
                                    "right": "0",
                                    "bottom": "0",
                                    "left": "0",
                                    "isLinked": false
                                }
                            },
                            "elements": [],
                            "isInner": false,
                            "widgetType": "icon",
                            "elType": "widget"
                        }
                    ],
                    "isInner": false,
                    "elType": "column"
                }
            ],
            "isInner": false,
            "elType": "section"
        }
    ],
    "page_settings": {
        "ha_grid_zindex": "1000"
    }
}