{
    "version": "0.4",
    "title": "Footer",
    "type": "footer",
    "metadata": {
        "template_type": "section-footer",
        "include_in_zip": "1",
        "elementor_pro_required": "1",
        "elementor_library_type": "footer",
        "elementor_pro_conditions": [
            "include\/general"
        ],
        "additional_template_information": [
            "This is a \"Footer\" template for Elementor Pro.",
            "This template will display on: Entire Site."
        ],
        "wp_page_template": "default"
    },
    "content": [
        {
            "id": "516d00b2",
            "settings": {
                "structure": "50",
                "background_background": "classic",
                "background_color": "#FFFFFF",
                "margin": {
                    "unit": "px",
                    "top": "0",
                    "right": 0,
                    "bottom": "0",
                    "left": 0,
                    "isLinked": false
                },
                "padding": {
                    "unit": "px",
                    "top": "150",
                    "right": "0",
                    "bottom": "100",
                    "left": "0",
                    "isLinked": false
                },
                "margin_mobile": {
                    "unit": "px",
                    "top": "0",
                    "right": 0,
                    "bottom": "0",
                    "left": 0,
                    "isLinked": false
                },
                "padding_mobile": {
                    "unit": "px",
                    "top": "70",
                    "right": "20",
                    "bottom": "70",
                    "left": "20",
                    "isLinked": false
                },
                "margin_tablet": {
                    "unit": "px",
                    "top": "0",
                    "right": 0,
                    "bottom": "0",
                    "left": 0,
                    "isLinked": false
                },
                "padding_tablet": {
                    "unit": "px",
                    "top": "100",
                    "right": "20",
                    "bottom": "100",
                    "left": "20",
                    "isLinked": false
                },
                "z_index": 0
            },
            "elements": [
                {
                    "id": "1126afef",
                    "settings": {
                        "_column_size": 20,
                        "_inline_size": null,
                        "margin": {
                            "unit": "px",
                            "top": "0",
                            "right": "50",
                            "bottom": "0",
                            "left": "0",
                            "isLinked": false
                        },
                        "padding": {
                            "unit": "px",
                            "top": "0",
                            "right": "0",
                            "bottom": "0",
                            "left": "0",
                            "isLinked": false
                        },
                        "margin_mobile": {
                            "unit": "px",
                            "top": "0",
                            "right": "0",
                            "bottom": "0",
                            "left": "0",
                            "isLinked": false
                        },
                        "padding_mobile": {
                            "unit": "px",
                            "top": "0",
                            "right": "0",
                            "bottom": "0",
                            "left": "0",
                            "isLinked": false
                        },
                        "_inline_size_tablet": 30
                    },
                    "elements": [
                        {
                            "id": "264535ae",
                            "settings": {
                                "title": "We are looking forward\nto seeing you soon",
                                "align": "left",
                                "title_color": "#AA2923",
                                "typography_typography": "custom",
                                "typography_font_family": "Sorts Mill Goudy",
                                "_margin": {
                                    "unit": "px",
                                    "top": "0",
                                    "right": "0",
                                    "bottom": "0",
                                    "left": "0",
                                    "isLinked": false
                                },
                                "_padding": {
                                    "unit": "px",
                                    "top": "0",
                                    "right": "0",
                                    "bottom": "0",
                                    "left": "0",
                                    "isLinked": false
                                }
                            },
                            "elements": [],
                            "isInner": false,
                            "widgetType": "heading",
                            "elType": "widget"
                        },
                        {
                            "id": "e322c3f",
                            "settings": {
                                "text": "RSVP",
                                "align": "left",
                                "ha_fixed_size_toggle": "yes",
                                "typography_typography": "custom",
                                "typography_font_family": "Jost",
                                "typography_font_size": {
                                    "unit": "px",
                                    "size": 15,
                                    "sizes": []
                                },
                                "typography_letter_spacing": {
                                    "unit": "px",
                                    "size": 8.199999999999999289457264239899814128875732421875,
                                    "sizes": []
                                },
                                "button_text_color": "#FFFFFF",
                                "background_color": "#AA2923",
                                "_margin": {
                                    "unit": "px",
                                    "top": "0",
                                    "right": "0",
                                    "bottom": "0",
                                    "left": "0",
                                    "isLinked": false
                                },
                                "_padding": {
                                    "unit": "px",
                                    "top": "0",
                                    "right": "0",
                                    "bottom": "0",
                                    "left": "0",
                                    "isLinked": false
                                },
                                "align_tablet": "left"
                            },
                            "elements": [],
                            "isInner": false,
                            "widgetType": "button",
                            "elType": "widget"
                        }
                    ],
                    "isInner": false,
                    "elType": "column"
                },
                {
                    "id": "67c698f6",
                    "settings": {
                        "_column_size": 20,
                        "_inline_size": null,
                        "margin_mobile": {
                            "unit": "px",
                            "top": "50",
                            "right": "0",
                            "bottom": "0",
                            "left": "0",
                            "isLinked": false
                        },
                        "padding_mobile": {
                            "unit": "px",
                            "top": "0",
                            "right": "0",
                            "bottom": "0",
                            "left": "0",
                            "isLinked": false
                        },
                        "_inline_size_tablet": 17.5
                    },
                    "elements": [
                        {
                            "id": "32011c98",
                            "settings": {
                                "title": "Quicklinks",
                                "header_size": "h3",
                                "title_color": "#AA2923",
                                "typography_typography": "custom",
                                "typography_font_size": {
                                    "unit": "px",
                                    "size": 18,
                                    "sizes": []
                                }
                            },
                            "elements": [],
                            "isInner": false,
                            "widgetType": "heading",
                            "elType": "widget"
                        },
                        {
                            "id": "486be088",
                            "settings": {
                                "layout": "vertical",
                                "pointer": "none",
                                "dropdown": "none",
                                "menu_typography_typography": "custom",
                                "menu_typography_font_family": "Jost",
                                "menu_typography_font_size": {
                                    "unit": "px",
                                    "size": 15,
                                    "sizes": []
                                },
                                "color_menu_item": "#000000",
                                "color_menu_item_hover": "#AA2923",
                                "color_menu_item_active": "#AA2923",
                                "padding_horizontal_menu_item": {
                                    "unit": "px",
                                    "size": 0,
                                    "sizes": []
                                }
                            },
                            "elements": [],
                            "isInner": false,
                            "widgetType": "nav-menu",
                            "elType": "widget"
                        }
                    ],
                    "isInner": false,
                    "elType": "column"
                },
                {
                    "id": "6a97bfbc",
                    "settings": {
                        "_column_size": 20,
                        "_inline_size": null,
                        "margin_mobile": {
                            "unit": "px",
                            "top": "50",
                            "right": "0",
                            "bottom": "0",
                            "left": "0",
                            "isLinked": false
                        },
                        "padding_mobile": {
                            "unit": "px",
                            "top": "0",
                            "right": "0",
                            "bottom": "0",
                            "left": "0",
                            "isLinked": false
                        },
                        "_inline_size_tablet": 17.5
                    },
                    "elements": [
                        {
                            "id": "333f3192",
                            "settings": {
                                "title": "Guides",
                                "header_size": "h3",
                                "title_color": "#AA2923",
                                "typography_typography": "custom",
                                "typography_font_size": {
                                    "unit": "px",
                                    "size": 18,
                                    "sizes": []
                                }
                            },
                            "elements": [],
                            "isInner": false,
                            "widgetType": "heading",
                            "elType": "widget"
                        },
                        {
                            "id": "7defca10",
                            "settings": {
                                "layout": "vertical",
                                "pointer": "none",
                                "dropdown": "none",
                                "menu_typography_typography": "custom",
                                "menu_typography_font_family": "Jost",
                                "menu_typography_font_size": {
                                    "unit": "px",
                                    "size": 15,
                                    "sizes": []
                                },
                                "color_menu_item": "#000000",
                                "color_menu_item_hover": "#AA2923",
                                "color_menu_item_active": "#AA2923",
                                "padding_horizontal_menu_item": {
                                    "unit": "px",
                                    "size": 0,
                                    "sizes": []
                                }
                            },
                            "elements": [],
                            "isInner": false,
                            "widgetType": "nav-menu",
                            "elType": "widget"
                        }
                    ],
                    "isInner": false,
                    "elType": "column"
                },
                {
                    "id": "4fe3021f",
                    "settings": {
                        "_column_size": 20,
                        "_inline_size": null,
                        "margin_mobile": {
                            "unit": "px",
                            "top": "50",
                            "right": "0",
                            "bottom": "0",
                            "left": "0",
                            "isLinked": false
                        },
                        "padding_mobile": {
                            "unit": "px",
                            "top": "0",
                            "right": "0",
                            "bottom": "0",
                            "left": "0",
                            "isLinked": false
                        },
                        "_inline_size_tablet": 17.5
                    },
                    "elements": [
                        {
                            "id": "e48585",
                            "settings": {
                                "title": "Contact",
                                "header_size": "h3",
                                "title_color": "#AA2923",
                                "typography_typography": "custom",
                                "typography_font_size": {
                                    "unit": "px",
                                    "size": 18,
                                    "sizes": []
                                }
                            },
                            "elements": [],
                            "isInner": false,
                            "widgetType": "heading",
                            "elType": "widget"
                        },
                        {
                            "id": "504135ad",
                            "settings": {
                                "layout": "vertical",
                                "pointer": "none",
                                "dropdown": "none",
                                "menu_typography_typography": "custom",
                                "menu_typography_font_family": "Jost",
                                "menu_typography_font_size": {
                                    "unit": "px",
                                    "size": 15,
                                    "sizes": []
                                },
                                "color_menu_item": "#000000",
                                "color_menu_item_hover": "#AA2923",
                                "color_menu_item_active": "#AA2923",
                                "padding_horizontal_menu_item": {
                                    "unit": "px",
                                    "size": 0,
                                    "sizes": []
                                }
                            },
                            "elements": [],
                            "isInner": false,
                            "widgetType": "nav-menu",
                            "elType": "widget"
                        }
                    ],
                    "isInner": false,
                    "elType": "column"
                },
                {
                    "id": "1bd431f5",
                    "settings": {
                        "_column_size": 20,
                        "_inline_size": null,
                        "margin_mobile": {
                            "unit": "px",
                            "top": "50",
                            "right": "0",
                            "bottom": "0",
                            "left": "0",
                            "isLinked": false
                        },
                        "padding_mobile": {
                            "unit": "px",
                            "top": "0",
                            "right": "0",
                            "bottom": "0",
                            "left": "0",
                            "isLinked": false
                        },
                        "_inline_size_tablet": 17.5
                    },
                    "elements": [
                        {
                            "id": "4e67eb4d",
                            "settings": {
                                "title": "Gallery & Music",
                                "header_size": "h3",
                                "title_color": "#AA2923",
                                "typography_typography": "custom",
                                "typography_font_size": {
                                    "unit": "px",
                                    "size": 18,
                                    "sizes": []
                                }
                            },
                            "elements": [],
                            "isInner": false,
                            "widgetType": "heading",
                            "elType": "widget"
                        },
                        {
                            "id": "3a393196",
                            "settings": {
                                "gallery": [
                                    {
                                        "id": 2016,
                                        "url": "https:\/\/demo.puriwp.com\/katesteve\/wp-content\/uploads\/2020\/11\/gal08.jpg"
                                    },
                                    {
                                        "id": 2012,
                                        "url": "https:\/\/demo.puriwp.com\/katesteve\/wp-content\/uploads\/2020\/11\/gal-7-1.jpg"
                                    },
                                    {
                                        "id": 2011,
                                        "url": "https:\/\/demo.puriwp.com\/katesteve\/wp-content\/uploads\/2020\/11\/gal-6-1.jpg"
                                    },
                                    {
                                        "id": 2010,
                                        "url": "https:\/\/demo.puriwp.com\/katesteve\/wp-content\/uploads\/2020\/11\/gal-5-1.jpg"
                                    },
                                    {
                                        "id": 2009,
                                        "url": "https:\/\/demo.puriwp.com\/katesteve\/wp-content\/uploads\/2020\/11\/gal-4-1.jpg"
                                    },
                                    {
                                        "id": 2007,
                                        "url": "https:\/\/demo.puriwp.com\/katesteve\/wp-content\/uploads\/2020\/11\/gal-3-1.jpg"
                                    },
                                    {
                                        "id": 2003,
                                        "url": "https:\/\/demo.puriwp.com\/katesteve\/wp-content\/uploads\/2020\/11\/gal-2-1.jpg"
                                    },
                                    {
                                        "id": 1999,
                                        "url": "https:\/\/demo.puriwp.com\/katesteve\/wp-content\/uploads\/2020\/11\/gal-1-1.jpg"
                                    }
                                ],
                                "galleries": [
                                    {
                                        "gallery_title": "New Gallery",
                                        "_id": "c726a90"
                                    }
                                ],
                                "columns": 3,
                                "columns_tablet": 3,
                                "columns_mobile": 3,
                                "show_all_galleries_label": "All"
                            },
                            "elements": [],
                            "isInner": false,
                            "widgetType": "gallery",
                            "elType": "widget"
                        },
                        {
                            "id": "3dde08c7",
                            "settings": {
                                "link": {
                                    "url": "https:\/\/soundcloud.com\/novansahlan\/the-overtunes-i-still-love-you-acoustic-cover",
                                    "is_external": "",
                                    "nofollow": "",
                                    "custom_attributes": ""
                                },
                                "sc_buying": "",
                                "sc_liking": "",
                                "sc_download": "",
                                "sc_show_artwork": "",
                                "sc_sharing": "",
                                "sc_show_comments": "",
                                "sc_show_playcount": "",
                                "sc_show_user": ""
                            },
                            "elements": [],
                            "isInner": false,
                            "widgetType": "audio",
                            "elType": "widget"
                        }
                    ],
                    "isInner": false,
                    "elType": "column"
                }
            ],
            "isInner": false,
            "elType": "section"
        },
        {
            "id": "743c9dc9",
            "settings": {
                "margin": {
                    "unit": "px",
                    "top": "0",
                    "right": 0,
                    "bottom": "0",
                    "left": 0,
                    "isLinked": false
                },
                "padding": {
                    "unit": "px",
                    "top": "0",
                    "right": "0",
                    "bottom": "0",
                    "left": "0",
                    "isLinked": false
                },
                "background_background": "classic",
                "background_color": "#AA2923",
                "margin_mobile": {
                    "unit": "px",
                    "top": "0",
                    "right": 0,
                    "bottom": "0",
                    "left": 0,
                    "isLinked": false
                },
                "padding_mobile": {
                    "unit": "px",
                    "top": "0",
                    "right": "20",
                    "bottom": "0",
                    "left": "20",
                    "isLinked": false
                },
                "margin_tablet": {
                    "unit": "px",
                    "top": "0",
                    "right": 0,
                    "bottom": "0",
                    "left": 0,
                    "isLinked": false
                },
                "padding_tablet": {
                    "unit": "px",
                    "top": "0",
                    "right": "20",
                    "bottom": "0",
                    "left": "20",
                    "isLinked": false
                }
            },
            "elements": [
                {
                    "id": "2fb82d9f",
                    "settings": {
                        "_column_size": 100,
                        "_inline_size": null,
                        "margin": {
                            "unit": "px",
                            "top": "0",
                            "right": "0",
                            "bottom": "0",
                            "left": "0",
                            "isLinked": false
                        },
                        "padding": {
                            "unit": "px",
                            "top": "0",
                            "right": "0",
                            "bottom": "0",
                            "left": "0",
                            "isLinked": false
                        }
                    },
                    "elements": [
                        {
                            "id": "356de695",
                            "settings": {
                                "gap": "no",
                                "content_position": "middle",
                                "structure": "20",
                                "margin": {
                                    "unit": "px",
                                    "top": "0",
                                    "right": 0,
                                    "bottom": "0",
                                    "left": 0,
                                    "isLinked": false
                                },
                                "padding": {
                                    "unit": "px",
                                    "top": "15",
                                    "right": "0",
                                    "bottom": "15",
                                    "left": "0",
                                    "isLinked": false
                                }
                            },
                            "elements": [
                                {
                                    "id": "72ec28d9",
                                    "settings": {
                                        "_column_size": 50,
                                        "_inline_size": null
                                    },
                                    "elements": [
                                        {
                                            "id": "96e4c62",
                                            "settings": {
                                                "title": "Copyright Kate and Steve. 2020. All Right Reserved",
                                                "title_color": "#FFFFFF",
                                                "typography_typography": "custom",
                                                "typography_font_family": "Sorts Mill Goudy",
                                                "typography_font_size": {
                                                    "unit": "px",
                                                    "size": 12,
                                                    "sizes": []
                                                }
                                            },
                                            "elements": [],
                                            "isInner": false,
                                            "widgetType": "heading",
                                            "elType": "widget"
                                        }
                                    ],
                                    "isInner": true,
                                    "elType": "column"
                                },
                                {
                                    "id": "52c9bae2",
                                    "settings": {
                                        "_column_size": 50,
                                        "_inline_size": null
                                    },
                                    "elements": [
                                        {
                                            "id": "4dbc6f97",
                                            "settings": {
                                                "title": "Terms and Conditions",
                                                "align": "right",
                                                "title_color": "#FFFFFF",
                                                "typography_typography": "custom",
                                                "typography_font_family": "Sorts Mill Goudy",
                                                "typography_font_size": {
                                                    "unit": "px",
                                                    "size": 12,
                                                    "sizes": []
                                                },
                                                "link": {
                                                    "url": "#",
                                                    "is_external": "",
                                                    "nofollow": "",
                                                    "custom_attributes": ""
                                                }
                                            },
                                            "elements": [],
                                            "isInner": false,
                                            "widgetType": "heading",
                                            "elType": "widget"
                                        }
                                    ],
                                    "isInner": true,
                                    "elType": "column"
                                }
                            ],
                            "isInner": true,
                            "elType": "section"
                        }
                    ],
                    "isInner": false,
                    "elType": "column"
                }
            ],
            "isInner": false,
            "elType": "section"
        },
        {
            "id": "720956df",
            "settings": {
                "layout": "full_width",
                "gap": "no",
                "margin": {
                    "unit": "%",
                    "top": "-6",
                    "right": 0,
                    "bottom": "0",
                    "left": 0,
                    "isLinked": false
                },
                "padding": {
                    "unit": "px",
                    "top": "0",
                    "right": "50",
                    "bottom": "20",
                    "left": "0",
                    "isLinked": false
                },
                "sticky": "bottom",
                "background_background": "classic",
                "background_color": "#FFFFFF00",
                "scroll_distance": {
                    "unit": "px",
                    "size": 500,
                    "sizes": []
                },
                "background_show": "yes",
                "background": "#02010100",
                "margin_mobile": {
                    "unit": "px",
                    "top": "0",
                    "right": 0,
                    "bottom": "0",
                    "left": 0,
                    "isLinked": false
                },
                "padding_mobile": {
                    "unit": "px",
                    "top": "0",
                    "right": "20",
                    "bottom": "0",
                    "left": "20",
                    "isLinked": false
                },
                "content_position": "middle"
            },
            "elements": [
                {
                    "id": "2f149cfe",
                    "settings": {
                        "_column_size": 100,
                        "_inline_size": null,
                        "margin": {
                            "unit": "px",
                            "top": "0",
                            "right": "0",
                            "bottom": "0",
                            "left": "0",
                            "isLinked": false
                        },
                        "padding": {
                            "unit": "px",
                            "top": "0",
                            "right": "0",
                            "bottom": "0",
                            "left": "0",
                            "isLinked": false
                        }
                    },
                    "elements": [
                        {
                            "id": "14d3bf4d",
                            "settings": {
                                "selected_icon": {
                                    "value": "fas fa-chevron-circle-up",
                                    "library": "fa-solid"
                                },
                                "link": {
                                    "url": "#header",
                                    "is_external": "",
                                    "nofollow": "",
                                    "custom_attributes": ""
                                },
                                "align": "right",
                                "primary_color": "#AA292370",
                                "size": {
                                    "unit": "px",
                                    "size": 26,
                                    "sizes": []
                                },
                                "_padding": {
                                    "unit": "px",
                                    "top": "0",
                                    "right": "0",
                                    "bottom": "0",
                                    "left": "0",
                                    "isLinked": false
                                },
                                "_margin_mobile": {
                                    "unit": "px",
                                    "top": "0",
                                    "right": "0",
                                    "bottom": "0",
                                    "left": "0",
                                    "isLinked": false
                                },
                                "_padding_mobile": {
                                    "unit": "px",
                                    "top": "0",
                                    "right": "0",
                                    "bottom": "0",
                                    "left": "0",
                                    "isLinked": false
                                },
                                "_margin": {
                                    "unit": "px",
                                    "top": "0",
                                    "right": "50",
                                    "bottom": "0",
                                    "left": "0",
                                    "isLinked": false
                                }
                            },
                            "elements": [],
                            "isInner": false,
                            "widgetType": "icon",
                            "elType": "widget"
                        }
                    ],
                    "isInner": false,
                    "elType": "column"
                }
            ],
            "isInner": false,
            "elType": "section"
        }
    ],
    "page_settings": {
        "ha_grid_zindex": "1000"
    }
}