{
    "version": "0.4",
    "title": "Global Kit Styles",
    "type": "section",
    "metadata": {
        "template_type": "global-styles",
        "include_in_zip": "1",
        "elementor_pro_required": "1",
        "additional_template_information": [
            "These are the global theme styles configured through the Elementor Theme Styles area."
        ],
        "wp_page_template": "default"
    },
    "content": [],
    "page_settings": {
        "site_name": "Kate &amp; Steve",
        "site_description": "Wedding Announcement",
        "system_colors": [
            {
                "_id": "primary",
                "title": "Primary",
                "color": "#6EC1E4"
            },
            {
                "_id": "secondary",
                "title": "Secondary",
                "color": "#54595F"
            },
            {
                "_id": "text",
                "title": "Text",
                "color": "#7A7A7A"
            },
            {
                "_id": "accent",
                "title": "Accent",
                "color": "#61CE70"
            }
        ],
        "custom_colors": [],
        "system_typography": [
            {
                "_id": "primary",
                "title": "Primary",
                "typography_typography": "custom",
                "typography_font_family": "Roboto",
                "typography_font_weight": "600"
            },
            {
                "_id": "secondary",
                "title": "Secondary",
                "typography_typography": "custom",
                "typography_font_family": "Roboto Slab",
                "typography_font_weight": "400"
            },
            {
                "_id": "text",
                "title": "Text",
                "typography_typography": "custom",
                "typography_font_family": "Roboto",
                "typography_font_weight": "400"
            },
            {
                "_id": "accent",
                "title": "Accent",
                "typography_typography": "custom",
                "typography_font_family": "Roboto",
                "typography_font_weight": "500"
            }
        ],
        "custom_typography": [],
        "default_generic_fonts": "Sans-serif",
        "mobile_browser_background": "#FAFAFA",
        "page_title_selector": "h1.entry-title",
        "body_background_background": "classic",
        "body_background_color": "#FAFAFA",
        "body_color": "#FFFFFF",
        "body_typography_typography": "custom",
        "body_typography_font_family": "Playfair Display",
        "body_typography_font_size": {
            "unit": "px",
            "size": 12,
            "sizes": []
        },
        "link_normal_color": "#000000",
        "link_normal_typography_typography": "custom",
        "link_normal_typography_font_family": "Playfair Display",
        "link_normal_typography_font_size": {
            "unit": "px",
            "size": 14,
            "sizes": []
        },
        "h1_color": "#AA2923",
        "h1_typography_typography": "custom",
        "h1_typography_font_family": "Playfair Display",
        "h1_typography_font_size": {
            "unit": "px",
            "size": 52,
            "sizes": []
        },
        "h2_color": "#AA2923",
        "h2_typography_typography": "custom",
        "h2_typography_font_family": "Playfair Display",
        "h2_typography_font_size": {
            "unit": "px",
            "size": 32,
            "sizes": []
        },
        "h2_typography_font_weight": "400",
        "h3_color": "#AA2923",
        "h3_typography_typography": "custom",
        "h3_typography_font_size": {
            "unit": "px",
            "size": 25,
            "sizes": []
        },
        "h4_color": "#AA2923",
        "h4_typography_typography": "custom",
        "h4_typography_font_family": "Playfair Display",
        "h4_typography_font_size": {
            "unit": "px",
            "size": 22,
            "sizes": []
        },
        "h5_color": "#AA2923",
        "h5_typography_typography": "custom",
        "h5_typography_font_size": {
            "unit": "px",
            "size": 18,
            "sizes": []
        },
        "h6_color": "#AA2923",
        "h6_typography_typography": "custom",
        "h6_typography_font_family": "Playfair Display",
        "h6_typography_font_size": {
            "unit": "px",
            "size": 15,
            "sizes": []
        },
        "button_typography_typography": "custom",
        "button_typography_font_family": "Jost",
        "button_typography_font_size": {
            "unit": "px",
            "size": 12,
            "sizes": []
        },
        "button_text_color": "#FFFFFF",
        "button_background_color": "#AA2923",
        "button_border_border": "solid",
        "button_border_width": {
            "unit": "px",
            "top": "0",
            "right": "0",
            "bottom": "0",
            "left": "0",
            "isLinked": true
        },
        "button_border_radius": {
            "unit": "px",
            "top": "0",
            "right": "0",
            "bottom": "0",
            "left": "0",
            "isLinked": true
        },
        "button_padding": {
            "unit": "px",
            "top": "10",
            "right": "50",
            "bottom": "10",
            "left": "50",
            "isLinked": false
        },
        "button_typography_text_transform": "uppercase",
        "button_typography_letter_spacing": {
            "unit": "px",
            "size": 3.5,
            "sizes": []
        },
        "body_typography_line_height": {
            "unit": "em",
            "size": 1.600000000000000088817841970012523233890533447265625,
            "sizes": []
        }
    }
}