{
    "version": "0.4",
    "title": "Main Menu",
    "type": "header",
    "metadata": {
        "template_type": "section-header",
        "include_in_zip": "1",
        "elementor_pro_required": "1",
        "elementor_library_type": "header",
        "elementor_pro_conditions": [
            "include\/singular\/front_page"
        ],
        "additional_template_information": [
            "This is a \"Header\" template for Elementor Pro.",
            "This template will display on: Front Page."
        ],
        "wp_page_template": "default"
    },
    "content": [
        {
            "id": "15ba6c93",
            "settings": {
                "layout": "full_width",
                "gap": "no",
                "content_position": "middle",
                "structure": "30",
                "background_background": "classic",
                "background_color": "#AA2923",
                "margin": {
                    "unit": "px",
                    "top": "0",
                    "right": 0,
                    "bottom": "0",
                    "left": 0,
                    "isLinked": false
                },
                "padding": {
                    "unit": "px",
                    "top": "15",
                    "right": "100",
                    "bottom": "15",
                    "left": "100",
                    "isLinked": false
                },
                "margin_mobile": {
                    "unit": "px",
                    "top": "0",
                    "right": 0,
                    "bottom": "0",
                    "left": 0,
                    "isLinked": false
                },
                "padding_mobile": {
                    "unit": "px",
                    "top": "15",
                    "right": "20",
                    "bottom": "15",
                    "left": "20",
                    "isLinked": false
                },
                "margin_tablet": {
                    "unit": "px",
                    "top": "0",
                    "right": 0,
                    "bottom": "0",
                    "left": 0,
                    "isLinked": false
                },
                "padding_tablet": {
                    "unit": "px",
                    "top": "15",
                    "right": "20",
                    "bottom": "15",
                    "left": "20",
                    "isLinked": false
                }
            },
            "elements": [
                {
                    "id": "fc404d7",
                    "settings": {
                        "_column_size": 33,
                        "_inline_size": null,
                        "content_position": "center",
                        "align": "center",
                        "_inline_size_mobile": 100,
                        "margin_mobile": {
                            "unit": "px",
                            "top": "0",
                            "right": "0",
                            "bottom": "0",
                            "left": "0",
                            "isLinked": false
                        },
                        "padding_mobile": {
                            "unit": "px",
                            "top": "0",
                            "right": "0",
                            "bottom": "0",
                            "left": "0",
                            "isLinked": false
                        },
                        "_inline_size_tablet": 60
                    },
                    "elements": [
                        {
                            "id": "6a32e7cb",
                            "settings": {
                                "view": "inline",
                                "icon_list": [
                                    {
                                        "text": "Nusa Dua Bali",
                                        "selected_icon": {
                                            "value": "fas fa-map-marker-alt",
                                            "library": "fa-solid"
                                        },
                                        "_id": "7a003c9"
                                    },
                                    {
                                        "text": "December, 19, 2020",
                                        "selected_icon": {
                                            "value": "far fa-calendar-alt",
                                            "library": "fa-regular"
                                        },
                                        "_id": "3fb4779"
                                    }
                                ],
                                "icon_color": "#FFFFFF",
                                "text_color": "#FFFFFF",
                                "icon_typography_typography": "custom",
                                "icon_typography_font_family": "Jost",
                                "icon_typography_font_size": {
                                    "unit": "px",
                                    "size": 15,
                                    "sizes": []
                                },
                                "icon_align_mobile": "left",
                                "icon_typography_font_size_mobile": {
                                    "unit": "px",
                                    "size": 12,
                                    "sizes": []
                                },
                                "_margin_mobile": {
                                    "unit": "px",
                                    "top": "10",
                                    "right": "0",
                                    "bottom": "10",
                                    "left": "0",
                                    "isLinked": false
                                },
                                "_padding_mobile": {
                                    "unit": "px",
                                    "top": "0",
                                    "right": "0",
                                    "bottom": "0",
                                    "left": "0",
                                    "isLinked": false
                                },
                                "space_between": {
                                    "unit": "px",
                                    "size": 26,
                                    "sizes": []
                                },
                                "space_between_mobile": {
                                    "unit": "px",
                                    "size": 75,
                                    "sizes": []
                                },
                                "icon_align": "left",
                                "hide_mobile": "hidden-phone"
                            },
                            "elements": [],
                            "isInner": false,
                            "widgetType": "icon-list",
                            "elType": "widget"
                        }
                    ],
                    "isInner": false,
                    "elType": "column"
                },
                {
                    "id": "ab54199",
                    "settings": {
                        "_column_size": 33,
                        "_inline_size": 61.74799999999999755573298898525536060333251953125,
                        "content_position": "center",
                        "align": "center",
                        "_inline_size_mobile": 50,
                        "margin_mobile": {
                            "unit": "px",
                            "top": "0",
                            "right": "0",
                            "bottom": "0",
                            "left": "0",
                            "isLinked": false
                        },
                        "padding_mobile": {
                            "unit": "px",
                            "top": "0",
                            "right": "0",
                            "bottom": "0",
                            "left": "0",
                            "isLinked": false
                        },
                        "_inline_size_tablet": 30
                    },
                    "elements": [
                        {
                            "id": "77ff432b",
                            "settings": {
                                "button_type": "info",
                                "text": "RSVP",
                                "align": "right",
                                "button_text_color": "#AA2923",
                                "background_color": "#FFFFFF",
                                "border_radius": {
                                    "unit": "px",
                                    "top": "0",
                                    "right": "0",
                                    "bottom": "0",
                                    "left": "0",
                                    "isLinked": false
                                },
                                "text_padding": {
                                    "unit": "px",
                                    "top": "10",
                                    "right": "50",
                                    "bottom": "10",
                                    "left": "50",
                                    "isLinked": false
                                },
                                "_padding": {
                                    "unit": "px",
                                    "top": "0",
                                    "right": "0",
                                    "bottom": "0",
                                    "left": "0",
                                    "isLinked": false
                                },
                                "__dynamic__": {
                                    "link": "[elementor-tag id=\"08356e2\" name=\"popup\" settings=\"%7B%22popup%22%3A%22725%22%7D\"]"
                                },
                                "ha_fixed_size_toggle": "yes",
                                "typography_typography": "custom",
                                "typography_font_family": "Jost",
                                "typography_font_size": {
                                    "unit": "px",
                                    "size": 12,
                                    "sizes": []
                                },
                                "typography_letter_spacing": {
                                    "unit": "px",
                                    "size": 6.5999999999999996447286321199499070644378662109375,
                                    "sizes": []
                                },
                                "border_width": {
                                    "unit": "px",
                                    "top": "1",
                                    "right": "1",
                                    "bottom": "1",
                                    "left": "1",
                                    "isLinked": true
                                },
                                "border_color": "#9D9999",
                                "button_box_shadow_box_shadow": {
                                    "horizontal": 11,
                                    "vertical": 6,
                                    "blur": 10,
                                    "spread": 0,
                                    "color": "rgba(255, 255, 255, 0.55)"
                                },
                                "_margin": {
                                    "unit": "px",
                                    "top": "0",
                                    "right": "0",
                                    "bottom": "0",
                                    "left": "0",
                                    "isLinked": false
                                },
                                "align_mobile": "justify",
                                "text_padding_mobile": {
                                    "unit": "px",
                                    "top": "10",
                                    "right": "40",
                                    "bottom": "10",
                                    "left": "40",
                                    "isLinked": false
                                },
                                "_margin_mobile": {
                                    "unit": "px",
                                    "top": "0",
                                    "right": "0",
                                    "bottom": "0",
                                    "left": "0",
                                    "isLinked": false
                                },
                                "_padding_mobile": {
                                    "unit": "px",
                                    "top": "0",
                                    "right": "0",
                                    "bottom": "0",
                                    "left": "0",
                                    "isLinked": false
                                },
                                "_margin_tablet": {
                                    "unit": "px",
                                    "top": "0",
                                    "right": "-16",
                                    "bottom": "0",
                                    "left": "0",
                                    "isLinked": false
                                },
                                "_padding_tablet": {
                                    "unit": "px",
                                    "top": "0",
                                    "right": "0",
                                    "bottom": "0",
                                    "left": "0",
                                    "isLinked": false
                                }
                            },
                            "elements": [],
                            "isInner": false,
                            "widgetType": "button",
                            "elType": "widget"
                        }
                    ],
                    "isInner": false,
                    "elType": "column"
                },
                {
                    "id": "65bdbab7",
                    "settings": {
                        "_column_size": 33,
                        "_inline_size": 4.54300000000000014921397450962103903293609619140625,
                        "content_position": "center",
                        "align": "center",
                        "_inline_size_mobile": 50,
                        "margin_mobile": {
                            "unit": "px",
                            "top": "0",
                            "right": "0",
                            "bottom": "0",
                            "left": "0",
                            "isLinked": false
                        },
                        "padding_mobile": {
                            "unit": "px",
                            "top": "0",
                            "right": "0",
                            "bottom": "0",
                            "left": "0",
                            "isLinked": false
                        },
                        "_inline_size_tablet": 10
                    },
                    "elements": [
                        {
                            "id": "3cdd1e8b",
                            "settings": {
                                "selected_icon": {
                                    "value": "hm hm-User-Circle",
                                    "library": "happy-icons"
                                },
                                "align_mobile": "right",
                                "primary_color": "#FFFFFF",
                                "size": {
                                    "unit": "px",
                                    "size": 28,
                                    "sizes": []
                                },
                                "_margin": {
                                    "unit": "px",
                                    "top": "5",
                                    "right": "0",
                                    "bottom": "0",
                                    "left": "0",
                                    "isLinked": false
                                },
                                "_padding": {
                                    "unit": "px",
                                    "top": "0",
                                    "right": "0",
                                    "bottom": "0",
                                    "left": "0",
                                    "isLinked": false
                                },
                                "__dynamic__": {
                                    "link": "[elementor-tag id=\"77bd70c\" name=\"popup\" settings=\"%7B%22popup%22%3A%22686%22%7D\"]"
                                },
                                "align_tablet": "right"
                            },
                            "elements": [],
                            "isInner": false,
                            "widgetType": "icon",
                            "elType": "widget"
                        }
                    ],
                    "isInner": false,
                    "elType": "column"
                }
            ],
            "isInner": false,
            "elType": "section"
        },
        {
            "id": "770862dc",
            "settings": {
                "gap": "no",
                "background_background": "classic",
                "background_color": "#AA29236B",
                "margin": {
                    "unit": "px",
                    "top": "0",
                    "right": 0,
                    "bottom": "0",
                    "left": 0,
                    "isLinked": false
                },
                "padding": {
                    "unit": "px",
                    "top": "20",
                    "right": "100",
                    "bottom": "20",
                    "left": "100",
                    "isLinked": false
                },
                "z_index": 2,
                "layout": "full_width",
                "content_position": "middle",
                "structure": "30",
                "transparent": "yes",
                "scroll_distance": {
                    "unit": "px",
                    "size": 200,
                    "sizes": []
                },
                "background_show": "yes",
                "background": "#AA2923",
                "margin_mobile": {
                    "unit": "px",
                    "top": "0",
                    "right": 0,
                    "bottom": "0",
                    "left": 0,
                    "isLinked": false
                },
                "padding_mobile": {
                    "unit": "px",
                    "top": "10",
                    "right": "20",
                    "bottom": "10",
                    "left": "20",
                    "isLinked": false
                },
                "margin_tablet": {
                    "unit": "px",
                    "top": "0",
                    "right": 0,
                    "bottom": "0",
                    "left": 0,
                    "isLinked": false
                },
                "padding_tablet": {
                    "unit": "px",
                    "top": "15",
                    "right": "20",
                    "bottom": "15",
                    "left": "20",
                    "isLinked": false
                }
            },
            "elements": [
                {
                    "id": "2e664f3a",
                    "settings": {
                        "_column_size": 33,
                        "_inline_size": null,
                        "_inline_size_mobile": 60,
                        "margin_mobile": {
                            "unit": "px",
                            "top": "0",
                            "right": "0",
                            "bottom": "0",
                            "left": "0",
                            "isLinked": false
                        },
                        "padding_mobile": {
                            "unit": "px",
                            "top": "0",
                            "right": "0",
                            "bottom": "0",
                            "left": "0",
                            "isLinked": false
                        },
                        "_inline_size_tablet": 80
                    },
                    "elements": [
                        {
                            "id": "787d0d53",
                            "settings": {
                                "title": "Kate & Steve",
                                "header_size": "h1",
                                "align": "left",
                                "title_color": "#FFFFFF",
                                "typography_typography": "custom",
                                "typography_font_family": "Playfair Display",
                                "typography_font_size": {
                                    "unit": "px",
                                    "size": 32,
                                    "sizes": []
                                },
                                "typography_font_weight": "400",
                                "typography_letter_spacing": {
                                    "unit": "px",
                                    "size": 2.70000000000000017763568394002504646778106689453125,
                                    "sizes": []
                                },
                                "__dynamic__": {
                                    "link": "[elementor-tag id=\"5fdf178\" name=\"internal-url\" settings=\"%7B%22type%22%3A%22post%22%2C%22post_id%22%3A%2210%22%7D\"]"
                                },
                                "typography_font_size_mobile": {
                                    "unit": "px",
                                    "size": 22,
                                    "sizes": []
                                }
                            },
                            "elements": [],
                            "isInner": false,
                            "widgetType": "heading",
                            "elType": "widget"
                        }
                    ],
                    "isInner": false,
                    "elType": "column"
                },
                {
                    "id": "3cf7ecb",
                    "settings": {
                        "_column_size": 33,
                        "_inline_size": 62.53600000000000136424205265939235687255859375,
                        "_inline_size_mobile": 30,
                        "content_position_mobile": "center",
                        "align_mobile": "center",
                        "margin_mobile": {
                            "unit": "px",
                            "top": "10",
                            "right": "0",
                            "bottom": "0",
                            "left": "0",
                            "isLinked": false
                        },
                        "padding_mobile": {
                            "unit": "px",
                            "top": "0",
                            "right": "0",
                            "bottom": "0",
                            "left": "0",
                            "isLinked": false
                        },
                        "_inline_size_tablet": 15,
                        "margin_tablet": {
                            "unit": "px",
                            "top": "0",
                            "right": "0",
                            "bottom": "0",
                            "left": "0",
                            "isLinked": false
                        },
                        "padding_tablet": {
                            "unit": "px",
                            "top": "0",
                            "right": "0",
                            "bottom": "0",
                            "left": "0",
                            "isLinked": false
                        }
                    },
                    "elements": [
                        {
                            "id": "31807774",
                            "settings": {
                                "align_items": "right",
                                "menu_typography_typography": "custom",
                                "menu_typography_font_family": "Jost",
                                "menu_typography_font_size": {
                                    "unit": "px",
                                    "size": 14,
                                    "sizes": []
                                },
                                "color_menu_item": "#FFFFFF",
                                "padding_horizontal_menu_item": {
                                    "unit": "px",
                                    "size": 15,
                                    "sizes": []
                                },
                                "padding_vertical_menu_item": {
                                    "unit": "px",
                                    "size": 5,
                                    "sizes": []
                                },
                                "menu_space_between": {
                                    "unit": "px",
                                    "size": 15,
                                    "sizes": []
                                },
                                "pointer": "none",
                                "menu_typography_font_weight": "400",
                                "menu_typography_letter_spacing": {
                                    "unit": "px",
                                    "size": 2.399999999999999911182158029987476766109466552734375,
                                    "sizes": []
                                },
                                "_margin": {
                                    "unit": "px",
                                    "top": "-10",
                                    "right": "0",
                                    "bottom": "0",
                                    "left": "0",
                                    "isLinked": false
                                },
                                "_padding": {
                                    "unit": "px",
                                    "top": "0",
                                    "right": "0",
                                    "bottom": "0",
                                    "left": "0",
                                    "isLinked": false
                                },
                                "menu_typography_text_transform": "uppercase",
                                "full_width": "stretch",
                                "color_dropdown_item": "#141414",
                                "background_color_dropdown_item": "#FFFFFF",
                                "color_dropdown_item_hover": "#FFFFFF",
                                "background_color_dropdown_item_hover": "#AA2923",
                                "color_dropdown_item_active": "#FFFFFF",
                                "background_color_dropdown_item_active": "#AA2923",
                                "toggle_color": "#FFFFFF",
                                "toggle_background_color": "#02010100",
                                "_margin_mobile": {
                                    "unit": "px",
                                    "top": "-14",
                                    "right": "0",
                                    "bottom": "0",
                                    "left": "0",
                                    "isLinked": false
                                },
                                "_padding_mobile": {
                                    "unit": "px",
                                    "top": "0",
                                    "right": "0",
                                    "bottom": "0",
                                    "left": "0",
                                    "isLinked": false
                                },
                                "padding_horizontal_dropdown_item_mobile": {
                                    "unit": "px",
                                    "size": 19,
                                    "sizes": []
                                },
                                "padding_vertical_dropdown_item_mobile": {
                                    "unit": "px",
                                    "size": 14,
                                    "sizes": []
                                },
                                "dropdown_top_distance_mobile": {
                                    "unit": "px",
                                    "size": 6,
                                    "sizes": []
                                },
                                "_margin_tablet": {
                                    "unit": "px",
                                    "top": "0",
                                    "right": "0",
                                    "bottom": "0",
                                    "left": "50",
                                    "isLinked": false
                                },
                                "_padding_tablet": {
                                    "unit": "px",
                                    "top": "0",
                                    "right": "0",
                                    "bottom": "0",
                                    "left": "0",
                                    "isLinked": false
                                },
                                "dropdown_typography_typography": "custom",
                                "dropdown_typography_font_family": "Jost",
                                "dropdown_typography_font_size": {
                                    "unit": "px",
                                    "size": 14,
                                    "sizes": []
                                },
                                "dropdown_typography_font_weight": "400",
                                "dropdown_typography_text_transform": "uppercase",
                                "dropdown_typography_letter_spacing": {
                                    "unit": "px",
                                    "size": 2.399999999999999911182158029987476766109466552734375,
                                    "sizes": []
                                },
                                "padding_horizontal_dropdown_item": {
                                    "unit": "px",
                                    "size": 7,
                                    "sizes": []
                                },
                                "padding_vertical_dropdown_item": {
                                    "unit": "px",
                                    "size": 11,
                                    "sizes": []
                                },
                                "dropdown_top_distance": {
                                    "unit": "px",
                                    "size": 35,
                                    "sizes": []
                                }
                            },
                            "elements": [],
                            "isInner": false,
                            "widgetType": "nav-menu",
                            "elType": "widget"
                        }
                    ],
                    "isInner": false,
                    "elType": "column"
                },
                {
                    "id": "6f62c4f5",
                    "settings": {
                        "_column_size": 33,
                        "_inline_size": 3.7339999999999999857891452847979962825775146484375,
                        "_inline_size_mobile": 10,
                        "margin_mobile": {
                            "unit": "px",
                            "top": "0",
                            "right": "0",
                            "bottom": "0",
                            "left": "0",
                            "isLinked": false
                        },
                        "padding_mobile": {
                            "unit": "px",
                            "top": "0",
                            "right": "0",
                            "bottom": "0",
                            "left": "0",
                            "isLinked": false
                        },
                        "_inline_size_tablet": 5,
                        "margin_tablet": {
                            "unit": "px",
                            "top": "0",
                            "right": "0",
                            "bottom": "0",
                            "left": "0",
                            "isLinked": false
                        },
                        "padding_tablet": {
                            "unit": "px",
                            "top": "0",
                            "right": "0",
                            "bottom": "0",
                            "left": "0",
                            "isLinked": false
                        }
                    },
                    "elements": [
                        {
                            "id": "25a1191a",
                            "settings": {
                                "ekit_search_placeholder_text": "Search...",
                                "ekit_searech_icon_color": "#FFFFFF",
                                "ekit_search_backdrop_background_background": "classic",
                                "ekit_search_backdrop_background_color": "#AA2923",
                                "ekit_search_content_title_color": "#AA2923",
                                "ekit_search_placeholder_title_color": "#AA2923",
                                "_margin": {
                                    "unit": "px",
                                    "top": "0",
                                    "right": "0",
                                    "bottom": "0",
                                    "left": "8",
                                    "isLinked": false
                                },
                                "_padding": {
                                    "unit": "px",
                                    "top": "0",
                                    "right": "0",
                                    "bottom": "0",
                                    "left": "0",
                                    "isLinked": false
                                },
                                "ekit_search_icon_text_align_mobile": "right",
                                "_margin_mobile": {
                                    "unit": "px",
                                    "top": "0",
                                    "right": "0",
                                    "bottom": "0",
                                    "left": "-20",
                                    "isLinked": false
                                },
                                "_padding_mobile": {
                                    "unit": "px",
                                    "top": "0",
                                    "right": "0",
                                    "bottom": "0",
                                    "left": "0",
                                    "isLinked": false
                                },
                                "ekit_search_icon_text_align_tablet": "right",
                                "_margin_tablet": {
                                    "unit": "px",
                                    "top": "0",
                                    "right": "0",
                                    "bottom": "0",
                                    "left": "-17",
                                    "isLinked": false
                                },
                                "_padding_tablet": {
                                    "unit": "px",
                                    "top": "0",
                                    "right": "0",
                                    "bottom": "0",
                                    "left": "0",
                                    "isLinked": false
                                }
                            },
                            "elements": [],
                            "isInner": false,
                            "widgetType": "elementskit-header-search",
                            "elType": "widget"
                        }
                    ],
                    "isInner": false,
                    "elType": "column"
                }
            ],
            "isInner": false,
            "elType": "section"
        }
    ],
    "page_settings": {
        "ha_grid_zindex": "1000"
    }
}