{
    "version": "0.4",
    "title": "Off Canvas Menu",
    "type": "popup",
    "metadata": {
        "template_type": "section-popup",
        "include_in_zip": "1",
        "elementor_pro_required": "1",
        "elementor_library_type": "popup",
        "additional_template_information": [
            "This is a \"Popup\" template for Elementor Pro."
        ],
        "wp_page_template": "default"
    },
    "content": [
        {
            "id": "e878c0a",
            "settings": {
                "gap": "no"
            },
            "elements": [
                {
                    "id": "677099be",
                    "settings": {
                        "_column_size": 100,
                        "_inline_size": null
                    },
                    "elements": [
                        {
                            "id": "4a4ea349",
                            "settings": {
                                "title": "Guest Login",
                                "title_color": "#FFFFFF",
                                "typography_typography": "custom",
                                "typography_font_family": "Playfair Display",
                                "_margin": {
                                    "unit": "px",
                                    "top": "0",
                                    "right": "0",
                                    "bottom": "0",
                                    "left": "0",
                                    "isLinked": false
                                },
                                "_padding": {
                                    "unit": "px",
                                    "top": "0",
                                    "right": "0",
                                    "bottom": "0",
                                    "left": "0",
                                    "isLinked": false
                                }
                            },
                            "elements": [],
                            "isInner": false,
                            "widgetType": "heading",
                            "elType": "widget"
                        },
                        {
                            "id": "7d2b99e7",
                            "settings": {
                                "text_color": "#FFFFFF",
                                "typography_typography": "custom",
                                "typography_font_family": "Jost",
                                "typography_font_size": {
                                    "unit": "px",
                                    "size": 15,
                                    "sizes": []
                                }
                            },
                            "elements": [],
                            "isInner": false,
                            "widgetType": "text-editor",
                            "elType": "widget"
                        },
                        {
                            "id": "1cd3192c",
                            "settings": {
                                "show_labels": "",
                                "button_text": "Log In",
                                "user_label": "Username or Email Address",
                                "user_placeholder": "Username or Email Address",
                                "password_label": "Password",
                                "password_placeholder": "Password",
                                "links_color": "#FFFFFF",
                                "links_hover_color": "#FFFFFF",
                                "field_text_color": "#9D9999",
                                "field_background_color": "#FFFFFF",
                                "field_border_color": "#FFFFFF",
                                "field_border_width": {
                                    "unit": "px",
                                    "top": "1",
                                    "right": "1",
                                    "bottom": "1",
                                    "left": "1",
                                    "isLinked": true
                                },
                                "button_text_color": "#AD846E",
                                "button_typography_typography": "custom",
                                "button_typography_font_family": "Montserrat",
                                "button_background_color": "#FFFFFF",
                                "message_color": "#FFFFFF",
                                "message_typography_typography": "custom",
                                "message_typography_font_family": "Montserrat"
                            },
                            "elements": [],
                            "isInner": false,
                            "widgetType": "login",
                            "elType": "widget"
                        }
                    ],
                    "isInner": false,
                    "elType": "column"
                }
            ],
            "isInner": false,
            "elType": "section"
        },
        {
            "id": "3eadc66a",
            "settings": {
                "margin": {
                    "unit": "px",
                    "top": "50",
                    "right": 0,
                    "bottom": "0",
                    "left": 0,
                    "isLinked": false
                },
                "padding": {
                    "unit": "px",
                    "top": "0",
                    "right": "0",
                    "bottom": "0",
                    "left": "0",
                    "isLinked": false
                },
                "gap": "no",
                "border_width": {
                    "unit": "px",
                    "top": "1",
                    "right": "0",
                    "bottom": "0",
                    "left": "0",
                    "isLinked": false
                },
                "border_color": "#FFFFFF"
            },
            "elements": [
                {
                    "id": "53e08d7f",
                    "settings": {
                        "_column_size": 100,
                        "_inline_size": null
                    },
                    "elements": [
                        {
                            "id": "43d41835",
                            "settings": {
                                "title": "Announcements",
                                "title_color": "#FFFFFF",
                                "typography_typography": "custom",
                                "typography_font_family": "Playfair Display",
                                "_margin": {
                                    "unit": "px",
                                    "top": "0",
                                    "right": "0",
                                    "bottom": "0",
                                    "left": "0",
                                    "isLinked": false
                                },
                                "_padding": {
                                    "unit": "px",
                                    "top": "0",
                                    "right": "0",
                                    "bottom": "0",
                                    "left": "0",
                                    "isLinked": false
                                }
                            },
                            "elements": [],
                            "isInner": false,
                            "widgetType": "heading",
                            "elType": "widget"
                        },
                        {
                            "id": "579f3177",
                            "settings": {
                                "text_color": "#F7EEEE",
                                "typography_typography": "custom",
                                "typography_font_family": "Montserrat"
                            },
                            "elements": [],
                            "isInner": false,
                            "widgetType": "text-editor",
                            "elType": "widget"
                        },
                        {
                            "id": "76da6638",
                            "settings": {
                                "classic_columns": "2",
                                "classic_posts_per_page": 2,
                                "classic_show_excerpt": "",
                                "classic_meta_data": [
                                    "date"
                                ],
                                "classic_meta_separator": "\/",
                                "classic_show_read_more": "",
                                "classic_read_more_text": "Read More \u00bb",
                                "cards_meta_separator": "\u2022",
                                "cards_read_more_text": "Read More \u00bb",
                                "full_content_meta_separator": "\/\/\/",
                                "classic_row_gap": {
                                    "unit": "px",
                                    "size": 32,
                                    "sizes": []
                                },
                                "classic_title_color": "#FFFFFF",
                                "classic_title_typography_typography": "custom",
                                "classic_title_typography_font_family": "Playfair Display",
                                "classic_title_spacing": {
                                    "unit": "px",
                                    "size": 11,
                                    "sizes": []
                                },
                                "classic_meta_color": "#FFFFFF",
                                "classic_meta_separator_color": "#FFFFFF",
                                "classic_meta_typography_typography": "custom",
                                "classic_meta_typography_font_family": "Jost",
                                "pagination_page_limit": "5",
                                "pagination_prev_label": "&laquo; Previous",
                                "pagination_next_label": "Next &raquo;",
                                "classic_title_typography_font_size": {
                                    "unit": "px",
                                    "size": 18,
                                    "sizes": []
                                },
                                "classic_meta_typography_font_size": {
                                    "unit": "px",
                                    "size": 15,
                                    "sizes": []
                                }
                            },
                            "elements": [],
                            "isInner": false,
                            "widgetType": "posts",
                            "elType": "widget"
                        }
                    ],
                    "isInner": false,
                    "elType": "column"
                }
            ],
            "isInner": false,
            "elType": "section"
        }
    ],
    "page_settings": {
        "height_type": "fit_to_screen",
        "horizontal_position": "right",
        "ha_grid_zindex": "1000",
        "background_background": "classic",
        "background_color": "#AA2923",
        "padding": {
            "unit": "px",
            "top": "70",
            "right": "50",
            "bottom": "50",
            "left": "50",
            "isLinked": false
        },
        "entrance_animation": "slideInRight",
        "exit_animation": "slideInRight",
        "close_button_color": "#FFFFFF",
        "background_position": "center center",
        "background_repeat": "no-repeat",
        "background_size": "cover"
    }
}