{
    "version": "0.4",
    "title": "RSVP",
    "type": "popup",
    "metadata": {
        "template_type": "section-popup",
        "include_in_zip": "1",
        "elementor_pro_required": "1",
        "elementor_library_type": "popup",
        "additional_template_information": [
            "This is a \"Popup\" template for Elementor Pro."
        ],
        "wp_page_template": "default"
    },
    "content": [
        {
            "id": "69444730",
            "settings": {
                "gap": "no",
                "margin_mobile": {
                    "unit": "px",
                    "top": "0",
                    "right": 0,
                    "bottom": "0",
                    "left": 0,
                    "isLinked": false
                },
                "padding_mobile": {
                    "unit": "px",
                    "top": "0",
                    "right": "10",
                    "bottom": "0",
                    "left": "10",
                    "isLinked": false
                }
            },
            "elements": [
                {
                    "id": "97353a3",
                    "settings": {
                        "_column_size": 100,
                        "_inline_size": null
                    },
                    "elements": [
                        {
                            "id": "55541d8f",
                            "settings": {
                                "title": "Guest Reservation",
                                "title_color": "#FFFFFF",
                                "typography_typography": "custom",
                                "typography_font_family": "Playfair Display",
                                "_margin": {
                                    "unit": "px",
                                    "top": "0",
                                    "right": "0",
                                    "bottom": "0",
                                    "left": "0",
                                    "isLinked": false
                                },
                                "_padding": {
                                    "unit": "px",
                                    "top": "0",
                                    "right": "0",
                                    "bottom": "0",
                                    "left": "0",
                                    "isLinked": false
                                },
                                "_margin_mobile": {
                                    "unit": "px",
                                    "top": "0",
                                    "right": "0",
                                    "bottom": "0",
                                    "left": "0",
                                    "isLinked": false
                                },
                                "_padding_mobile": {
                                    "unit": "px",
                                    "top": "0",
                                    "right": "0",
                                    "bottom": "0",
                                    "left": "0",
                                    "isLinked": false
                                }
                            },
                            "elements": [],
                            "isInner": false,
                            "widgetType": "heading",
                            "elType": "widget"
                        },
                        {
                            "id": "6bbf5bee",
                            "settings": {
                                "text_color": "#F7EEEE",
                                "typography_typography": "custom",
                                "typography_font_family": "Montserrat",
                                "_margin_mobile": {
                                    "unit": "px",
                                    "top": "0",
                                    "right": "0",
                                    "bottom": "0",
                                    "left": "0",
                                    "isLinked": false
                                },
                                "_padding_mobile": {
                                    "unit": "px",
                                    "top": "0",
                                    "right": "0",
                                    "bottom": "0",
                                    "left": "0",
                                    "isLinked": false
                                }
                            },
                            "elements": [],
                            "isInner": false,
                            "widgetType": "text-editor",
                            "elType": "widget"
                        },
                        {
                            "id": "932ac8a",
                            "settings": {
                                "form_name": "RSVP",
                                "form_fields": [
                                    {
                                        "custom_id": "name",
                                        "field_label": "Name",
                                        "placeholder": "Name",
                                        "width": "50",
                                        "_id": "d803ab6",
                                        "required": "true"
                                    },
                                    {
                                        "custom_id": "email",
                                        "field_type": "number",
                                        "required": "true",
                                        "field_label": "Phone",
                                        "placeholder": "Phone",
                                        "width": "50",
                                        "_id": "ed6fc25",
                                        "width_mobile": "50"
                                    },
                                    {
                                        "custom_id": "field_ef26545",
                                        "field_type": "email",
                                        "required": "true",
                                        "field_label": "Email",
                                        "placeholder": "Email",
                                        "width": "50",
                                        "_id": "ef26545",
                                        "width_mobile": "50"
                                    },
                                    {
                                        "custom_id": "field_8c56d09",
                                        "required": "true",
                                        "field_label": "Allergic of Food",
                                        "placeholder": "Allergic of Food",
                                        "width": "50",
                                        "_id": "8c56d09",
                                        "width_mobile": "50"
                                    },
                                    {
                                        "custom_id": "field_0fb4aad",
                                        "required": "true",
                                        "field_label": "Guest",
                                        "placeholder": "Number of Guest",
                                        "field_options": "1|2",
                                        "_id": "0fb4aad",
                                        "width_mobile": "50"
                                    },
                                    {
                                        "custom_id": "message",
                                        "field_type": "textarea",
                                        "field_label": "Message",
                                        "placeholder": "Message",
                                        "_id": "298baa3"
                                    }
                                ],
                                "show_labels": "",
                                "button_width": "33",
                                "step_next_label": "Next",
                                "step_previous_label": "Previous",
                                "button_text": "RSVP",
                                "email_content": "[all-fields]",
                                "email_content_2": "[all-fields]",
                                "success_message": "The form was sent successfully.",
                                "error_message": "An error occurred.",
                                "required_field_message": "This field is required.",
                                "invalid_message": "There's something wrong. The form is invalid.",
                                "row_gap": {
                                    "unit": "px",
                                    "size": 14,
                                    "sizes": []
                                },
                                "label_typography_typography": "custom",
                                "label_typography_font_family": "Montserrat",
                                "label_typography_font_size": {
                                    "unit": "px",
                                    "size": 11,
                                    "sizes": []
                                },
                                "html_typography_typography": "custom",
                                "html_typography_font_family": "Montserrat",
                                "html_typography_font_size": {
                                    "unit": "px",
                                    "size": 12,
                                    "sizes": []
                                },
                                "field_text_color": "#9D9999",
                                "field_typography_typography": "custom",
                                "field_typography_font_family": "Jost",
                                "field_typography_font_size": {
                                    "unit": "px",
                                    "size": 13,
                                    "sizes": []
                                },
                                "field_border_width": {
                                    "unit": "px",
                                    "top": "0",
                                    "right": "0",
                                    "bottom": "0",
                                    "left": "0",
                                    "isLinked": true
                                },
                                "button_background_color": "#FFFFFF",
                                "button_text_color": "#AA2923",
                                "button_background_hover_color": "#FFFFFF",
                                "button_hover_color": "#000000",
                                "message_typography_typography": "custom",
                                "message_typography_font_family": "Jost",
                                "success_message_color": "#FFFFFF",
                                "error_message_color": "#FFFFFF",
                                "inline_message_color": "#FFFFFF",
                                "_margin_mobile": {
                                    "unit": "px",
                                    "top": "-8",
                                    "right": "0",
                                    "bottom": "0",
                                    "left": "0",
                                    "isLinked": false
                                },
                                "_padding_mobile": {
                                    "unit": "px",
                                    "top": "0",
                                    "right": "0",
                                    "bottom": "0",
                                    "left": "0",
                                    "isLinked": false
                                }
                            },
                            "elements": [],
                            "isInner": false,
                            "widgetType": "form",
                            "elType": "widget"
                        }
                    ],
                    "isInner": false,
                    "elType": "column"
                }
            ],
            "isInner": false,
            "elType": "section"
        }
    ],
    "page_settings": {
        "height_type": "fit_to_screen",
        "horizontal_position": "right",
        "entrance_animation": "slideInRight",
        "exit_animation": "slideInRight",
        "ha_grid_zindex": "1000",
        "background_background": "classic",
        "background_color": "#AA2923",
        "background_position": "center center",
        "background_repeat": "no-repeat",
        "background_size": "cover",
        "overlay_background_color": "#000000CC",
        "close_button_color": "#FFFFFF",
        "padding": {
            "unit": "px",
            "top": "150",
            "right": "50",
            "bottom": "0",
            "left": "50",
            "isLinked": false
        },
        "margin_mobile": {
            "unit": "px",
            "top": "0",
            "right": "0",
            "bottom": "0",
            "left": "0",
            "isLinked": false
        },
        "padding_mobile": {
            "unit": "px",
            "top": "100",
            "right": "10",
            "bottom": "70",
            "left": "10",
            "isLinked": false
        }
    }
}