{
    "version": "0.4",
    "title": "Timeline Story",
    "type": "popup",
    "metadata": {
        "template_type": "section-popup",
        "include_in_zip": "1",
        "elementor_pro_required": "1",
        "elementor_library_type": "popup",
        "additional_template_information": [
            "This is a \"Popup\" template for Elementor Pro."
        ],
        "wp_page_template": "default"
    },
    "content": [
        {
            "id": "58565eea",
            "settings": {
                "content_position": "middle",
                "margin": {
                    "unit": "px",
                    "top": "150",
                    "right": 0,
                    "bottom": "70",
                    "left": 0,
                    "isLinked": false
                },
                "padding": {
                    "unit": "px",
                    "top": "0",
                    "right": "30",
                    "bottom": "0",
                    "left": "30",
                    "isLinked": false
                },
                "animation_delay": 500,
                "margin_mobile": {
                    "unit": "px",
                    "top": "0",
                    "right": 0,
                    "bottom": "0",
                    "left": 0,
                    "isLinked": false
                },
                "padding_mobile": {
                    "unit": "px",
                    "top": "70",
                    "right": "20",
                    "bottom": "70",
                    "left": "20",
                    "isLinked": false
                }
            },
            "elements": [
                {
                    "id": "65d8cb1",
                    "settings": {
                        "_column_size": 100,
                        "_inline_size": null
                    },
                    "elements": [
                        {
                            "id": "4e88995a",
                            "settings": {
                                "title": "Kate and Steve's Story",
                                "align": "center",
                                "title_color": "#FFFFFF",
                                "typography_typography": "custom",
                                "typography_font_family": "Sorts Mill Goudy"
                            },
                            "elements": [],
                            "isInner": false,
                            "widgetType": "heading",
                            "elType": "widget"
                        },
                        {
                            "id": "2226919d",
                            "settings": {
                                "align": "center",
                                "text_color": "#FFFFFF",
                                "typography_typography": "custom",
                                "typography_font_family": "Jost",
                                "typography_font_size": {
                                    "unit": "px",
                                    "size": 15,
                                    "sizes": []
                                },
                                "_margin": {
                                    "unit": "px",
                                    "top": "0",
                                    "right": "80",
                                    "bottom": "0",
                                    "left": "80",
                                    "isLinked": false
                                },
                                "_padding": {
                                    "unit": "px",
                                    "top": "0",
                                    "right": "0",
                                    "bottom": "0",
                                    "left": "0",
                                    "isLinked": false
                                },
                                "_margin_mobile": {
                                    "unit": "px",
                                    "top": "0",
                                    "right": "0",
                                    "bottom": "0",
                                    "left": "0",
                                    "isLinked": false
                                },
                                "_padding_mobile": {
                                    "unit": "px",
                                    "top": "0",
                                    "right": "0",
                                    "bottom": "0",
                                    "left": "0",
                                    "isLinked": false
                                }
                            },
                            "elements": [],
                            "isInner": false,
                            "widgetType": "text-editor",
                            "elType": "widget"
                        },
                        {
                            "id": "19649989",
                            "settings": {
                                "timeline": [
                                    {
                                        "event_date": "Jan 19, 2017",
                                        "event_title": "First Met ",
                                        "_id": "ba9f406",
                                        "event_icon": {
                                            "value": "hm hm-circular-chat",
                                            "library": "happy-icons"
                                        },
                                        "image": {
                                            "url": "https:\/\/demo.puriwp.com\/katesteve\/wp-content\/uploads\/2020\/11\/first-met.jpg",
                                            "id": 1916
                                        },
                                        "event_description": "Lorem ipsum dolor sit amet, consectetur adipiscing elit.",
                                        "thumbnail_size": "full"
                                    },
                                    {
                                        "event_date": "Jan 19, 2018",
                                        "event_title": "First Date",
                                        "_id": "8988426",
                                        "event_icon": {
                                            "value": "hm hm-love",
                                            "library": "happy-icons"
                                        },
                                        "image": {
                                            "url": "https:\/\/demo.puriwp.com\/katesteve\/wp-content\/uploads\/2020\/11\/first-date.jpg",
                                            "id": 1917
                                        },
                                        "event_description": "Lorem ipsum dolor sit amet, consectetur adipiscing elit."
                                    },
                                    {
                                        "event_date": "Jan 19, 2019",
                                        "event_title": "Engagement",
                                        "_id": "3d43d81",
                                        "event_icon": {
                                            "value": "hm hm-diamond-ring",
                                            "library": "happy-icons"
                                        },
                                        "image": {
                                            "url": "https:\/\/demo.puriwp.com\/katesteve\/wp-content\/uploads\/2020\/11\/slide-2-scaled-1.jpg",
                                            "id": 1854
                                        },
                                        "event_description": "Lorem ipsum dolor sit amet, consectetur adipiscing elit."
                                    },
                                    {
                                        "event_date": "Jan 19, 2020",
                                        "event_title": "Married",
                                        "_id": "b727340",
                                        "event_icon": {
                                            "value": "icon icon-rings",
                                            "library": "ekiticons"
                                        },
                                        "image": {
                                            "url": "https:\/\/demo.puriwp.com\/katesteve\/wp-content\/uploads\/2020\/11\/married.jpg",
                                            "id": 1918
                                        },
                                        "event_description": "Lorem ipsum dolor sit amet, consectetur adipiscing elit."
                                    }
                                ],
                                "slides_to_show": "2",
                                "line_spacing": {
                                    "unit": "px",
                                    "size": 1,
                                    "sizes": []
                                },
                                "line_color": "#FFFFFF",
                                "date_typography_typography": "custom",
                                "date_typography_font_family": "Sorts Mill Goudy",
                                "date_typography_font_size": {
                                    "unit": "px",
                                    "size": 18,
                                    "sizes": []
                                },
                                "date_color": "#FFFFFF",
                                "event_icon_background_color": "#FFFFFF",
                                "event_icon_color": "#AA2923",
                                "arrow_color": "#AA2923",
                                "arrow_bg_color": "#FFFFFFA1",
                                "content_padding": {
                                    "unit": "px",
                                    "size": 15,
                                    "sizes": []
                                },
                                "content_background_color": "#FFFFFFD4",
                                "title_typography_typography": "custom",
                                "title_typography_font_family": "Sorts Mill Goudy",
                                "title_typography_font_size": {
                                    "unit": "px",
                                    "size": 18,
                                    "sizes": []
                                },
                                "title_typography_font_weight": "300",
                                "title_color": "#AA2923",
                                "subtitle_typography_typography": "custom",
                                "subtitle_typography_font_family": "Montserrat",
                                "subtitle_typography_font_size": {
                                    "unit": "px",
                                    "size": 12,
                                    "sizes": []
                                },
                                "description_typography_typography": "custom",
                                "description_typography_font_family": "Jost",
                                "description_typography_font_size": {
                                    "unit": "px",
                                    "size": 14,
                                    "sizes": []
                                },
                                "description_color": "#9D9999",
                                "slides_to_show_mobile": "1",
                                "date_spacing_mobile": {
                                    "unit": "px",
                                    "size": 2,
                                    "sizes": []
                                },
                                "icon_background_size_mobile": {
                                    "unit": "px",
                                    "size": 11,
                                    "sizes": []
                                },
                                "icon_size_mobile": {
                                    "unit": "px",
                                    "size": 2,
                                    "sizes": []
                                },
                                "arrow_vertical_alignment_mobile": {
                                    "unit": "px",
                                    "size": 73,
                                    "sizes": []
                                },
                                "_margin_mobile": {
                                    "unit": "px",
                                    "top": "0",
                                    "right": "0",
                                    "bottom": "0",
                                    "left": "0",
                                    "isLinked": false
                                },
                                "_padding_mobile": {
                                    "unit": "px",
                                    "top": "0",
                                    "right": "0",
                                    "bottom": "0",
                                    "left": "0",
                                    "isLinked": false
                                }
                            },
                            "elements": [],
                            "isInner": false,
                            "widgetType": "ha-horizontal-timeline",
                            "elType": "widget"
                        }
                    ],
                    "isInner": false,
                    "elType": "column"
                }
            ],
            "isInner": false,
            "elType": "section"
        }
    ],
    "page_settings": {
        "height_type": "fit_to_screen",
        "entrance_animation": "zoomIn",
        "exit_animation": "zoomIn",
        "entrance_animation_duration": {
            "unit": "px",
            "size": 0.5,
            "sizes": []
        },
        "ha_grid_zindex": "1000",
        "background_background": "classic",
        "background_color": "#AA2923",
        "background_position": "bottom right",
        "background_repeat": "no-repeat",
        "close_button_color": "#FFFFFF"
    }
}