{
    "version": "0.4",
    "title": "Venue Page",
    "type": "page",
    "metadata": {
        "template_type": "single-page",
        "include_in_zip": "1",
        "elementor_pro_required": "1",
        "wp_page_template": "elementor_header_footer"
    },
    "content": [
        {
            "id": "4affc10f",
            "settings": {
                "layout": "full_width",
                "gap": "no",
                "height": "min-height",
                "custom_height": {
                    "unit": "px",
                    "size": 475,
                    "sizes": []
                },
                "background_background": "classic",
                "background_image": {
                    "url": "https:\/\/demo.puriwp.com\/katesteve\/wp-content\/uploads\/2020\/12\/heading-page.jpg",
                    "id": 2222
                },
                "background_position": "initial",
                "background_repeat": "no-repeat",
                "background_size": "cover",
                "background_overlay_color": "#000000",
                "margin": {
                    "unit": "px",
                    "top": "-79",
                    "right": 0,
                    "bottom": "0",
                    "left": 0,
                    "isLinked": false
                },
                "padding": {
                    "unit": "px",
                    "top": "0",
                    "right": "0",
                    "bottom": "0",
                    "left": "0",
                    "isLinked": false
                },
                "margin_mobile": {
                    "unit": "px",
                    "top": "-70",
                    "right": 0,
                    "bottom": "0",
                    "left": 0,
                    "isLinked": false
                },
                "padding_mobile": {
                    "unit": "px",
                    "top": "0",
                    "right": "0",
                    "bottom": "0",
                    "left": "0",
                    "isLinked": false
                },
                "margin_tablet": {
                    "unit": "px",
                    "top": "-80",
                    "right": 0,
                    "bottom": "0",
                    "left": 0,
                    "isLinked": false
                },
                "padding_tablet": {
                    "unit": "px",
                    "top": "0",
                    "right": "0",
                    "bottom": "0",
                    "left": "0",
                    "isLinked": false
                },
                "background_hover_background": "classic",
                "background_hover_transition": {
                    "unit": "px",
                    "size": 3,
                    "sizes": []
                },
                "background_overlay_hover_background": "classic",
                "background_overlay_hover_opacity": {
                    "unit": "px",
                    "size": 1,
                    "sizes": []
                },
                "background_overlay_hover_transition": {
                    "unit": "px",
                    "size": 3,
                    "sizes": []
                },
                "background_attachment": "fixed",
                "background_ypos": {
                    "unit": "px",
                    "size": -285,
                    "sizes": []
                },
                "custom_height_tablet": {
                    "unit": "vh",
                    "size": 35,
                    "sizes": []
                },
                "custom_height_mobile": {
                    "unit": "vh",
                    "size": 75,
                    "sizes": []
                },
                "background_position_tablet": "initial",
                "background_position_mobile": "center center",
                "background_ypos_tablet": {
                    "unit": "px",
                    "size": -131,
                    "sizes": []
                }
            },
            "elements": [
                {
                    "id": "1bf4a159",
                    "settings": {
                        "_column_size": 100,
                        "_inline_size": null,
                        "margin_mobile": {
                            "unit": "px",
                            "top": "0",
                            "right": "0",
                            "bottom": "0",
                            "left": "0",
                            "isLinked": false
                        },
                        "padding_mobile": {
                            "unit": "px",
                            "top": "0",
                            "right": "0",
                            "bottom": "0",
                            "left": "0",
                            "isLinked": false
                        }
                    },
                    "elements": [
                        {
                            "id": "1c2be556",
                            "settings": {
                                "__dynamic__": {
                                    "title": "[elementor-tag id=\"\" name=\"page-title\" settings=\"%7B%22include_context%22%3A%22%22%2C%22show_home_title%22%3A%22%22%2C%22before%22%3A%22%22%2C%22after%22%3A%22%22%2C%22fallback%22%3A%22%22%7D\"]"
                                },
                                "title": "Add Your Heading Text Here",
                                "align": "center",
                                "title_color": "#FFFFFF",
                                "typography_typography": "custom",
                                "typography_font_family": "Playfair Display",
                                "typography_font_size": {
                                    "unit": "px",
                                    "size": 52,
                                    "sizes": []
                                },
                                "typography_font_size_mobile": {
                                    "unit": "px",
                                    "size": 32,
                                    "sizes": []
                                },
                                "_margin_mobile": {
                                    "unit": "px",
                                    "top": "0",
                                    "right": "0",
                                    "bottom": "0",
                                    "left": "0",
                                    "isLinked": false
                                },
                                "_padding_mobile": {
                                    "unit": "px",
                                    "top": "0",
                                    "right": "0",
                                    "bottom": "0",
                                    "left": "0",
                                    "isLinked": false
                                }
                            },
                            "elements": [],
                            "isInner": false,
                            "widgetType": "theme-page-title",
                            "elType": "widget"
                        },
                        {
                            "id": "28d318a4",
                            "settings": {
                                "title": "Home > Venue",
                                "header_size": "h6",
                                "align": "center",
                                "title_color": "#FFFFFF",
                                "typography_typography": "custom",
                                "typography_font_family": "Jost",
                                "typography_font_size": {
                                    "unit": "px",
                                    "size": 15,
                                    "sizes": []
                                },
                                "_z_index": 0
                            },
                            "elements": [],
                            "isInner": false,
                            "widgetType": "heading",
                            "elType": "widget"
                        }
                    ],
                    "isInner": false,
                    "elType": "column"
                }
            ],
            "isInner": false,
            "elType": "section"
        },
        {
            "id": "7751cde2",
            "settings": {
                "margin": {
                    "unit": "px",
                    "top": "100",
                    "right": 0,
                    "bottom": "0",
                    "left": 0,
                    "isLinked": false
                },
                "gap": "no",
                "margin_mobile": {
                    "unit": "px",
                    "top": "0",
                    "right": 0,
                    "bottom": "0",
                    "left": 0,
                    "isLinked": false
                },
                "padding_mobile": {
                    "unit": "px",
                    "top": "70",
                    "right": "10",
                    "bottom": "0",
                    "left": "10",
                    "isLinked": false
                },
                "margin_tablet": {
                    "unit": "px",
                    "top": "80",
                    "right": 0,
                    "bottom": "0",
                    "left": 0,
                    "isLinked": false
                },
                "padding_tablet": {
                    "unit": "px",
                    "top": "0",
                    "right": "0",
                    "bottom": "0",
                    "left": "0",
                    "isLinked": false
                }
            },
            "elements": [
                {
                    "id": "2d2c5b5d",
                    "settings": {
                        "_column_size": 100,
                        "_inline_size": null,
                        "margin": {
                            "unit": "px",
                            "top": "0",
                            "right": "0",
                            "bottom": "0",
                            "left": "0",
                            "isLinked": false
                        },
                        "padding": {
                            "unit": "px",
                            "top": "0",
                            "right": "0",
                            "bottom": "0",
                            "left": "0",
                            "isLinked": false
                        },
                        "margin_tablet": {
                            "unit": "px",
                            "top": "0",
                            "right": "0",
                            "bottom": "0",
                            "left": "0",
                            "isLinked": false
                        },
                        "margin_mobile": {
                            "unit": "px",
                            "top": "0",
                            "right": "0",
                            "bottom": "0",
                            "left": "0",
                            "isLinked": false
                        },
                        "padding_tablet": {
                            "unit": "px",
                            "top": "0",
                            "right": "0",
                            "bottom": "0",
                            "left": "0",
                            "isLinked": false
                        },
                        "padding_mobile": {
                            "unit": "px",
                            "top": "0",
                            "right": "0",
                            "bottom": "0",
                            "left": "0",
                            "isLinked": false
                        }
                    },
                    "elements": [
                        {
                            "id": "7e2becf4",
                            "settings": {
                                "title": "Jan, 19, 2020 ",
                                "align": "center",
                                "title_color": "#AA2923",
                                "typography_typography": "custom",
                                "typography_font_family": "Playfair Display",
                                "typography_font_size": {
                                    "unit": "px",
                                    "size": 22,
                                    "sizes": []
                                },
                                "typography_font_weight": "300",
                                "_animation": "fadeIn",
                                "_animation_delay": 300,
                                "_margin_mobile": {
                                    "unit": "px",
                                    "top": "0",
                                    "right": "0",
                                    "bottom": "0",
                                    "left": "0",
                                    "isLinked": false
                                },
                                "_padding_mobile": {
                                    "unit": "px",
                                    "top": "0",
                                    "right": "0",
                                    "bottom": "0",
                                    "left": "0",
                                    "isLinked": false
                                },
                                "header_size": "h4"
                            },
                            "elements": [],
                            "isInner": false,
                            "widgetType": "heading",
                            "elType": "widget"
                        },
                        {
                            "id": "285017b4",
                            "settings": {
                                "title": "The Westin Resort \nNusa Dua, Bali",
                                "align": "center",
                                "title_color": "#AA2923",
                                "typography_typography": "custom",
                                "typography_font_family": "Playfair Display",
                                "typography_font_weight": "300",
                                "_animation": "fadeInUp",
                                "_animation_delay": 500,
                                "header_size": "h4"
                            },
                            "elements": [],
                            "isInner": false,
                            "widgetType": "heading",
                            "elType": "widget"
                        },
                        {
                            "id": "42fe2ef9",
                            "settings": {
                                "align": "center",
                                "text_color": "#9D9999",
                                "typography_typography": "custom",
                                "typography_font_family": "Jost",
                                "typography_font_size": {
                                    "unit": "px",
                                    "size": 15,
                                    "sizes": []
                                },
                                "_margin": {
                                    "unit": "px",
                                    "top": "0",
                                    "right": "300",
                                    "bottom": "0",
                                    "left": "300",
                                    "isLinked": false
                                },
                                "_z_index": 0,
                                "_animation": "fadeInDown",
                                "_animation_delay": 800,
                                "_margin_mobile": {
                                    "unit": "px",
                                    "top": "0",
                                    "right": "0",
                                    "bottom": "0",
                                    "left": "0",
                                    "isLinked": false
                                },
                                "_padding_mobile": {
                                    "unit": "px",
                                    "top": "0",
                                    "right": "0",
                                    "bottom": "0",
                                    "left": "0",
                                    "isLinked": false
                                },
                                "_margin_tablet": {
                                    "unit": "px",
                                    "top": "0",
                                    "right": "20",
                                    "bottom": "0",
                                    "left": "20",
                                    "isLinked": false
                                },
                                "_padding_tablet": {
                                    "unit": "px",
                                    "top": "0",
                                    "right": "0",
                                    "bottom": "0",
                                    "left": "0",
                                    "isLinked": false
                                }
                            },
                            "elements": [],
                            "isInner": false,
                            "widgetType": "text-editor",
                            "elType": "widget"
                        }
                    ],
                    "isInner": false,
                    "elType": "column"
                }
            ],
            "isInner": false,
            "elType": "section"
        },
        {
            "id": "3dff032e",
            "settings": {
                "margin": {
                    "unit": "px",
                    "top": "100",
                    "right": 0,
                    "bottom": "100",
                    "left": 0,
                    "isLinked": true
                },
                "padding": {
                    "unit": "px",
                    "top": "0",
                    "right": "0",
                    "bottom": "0",
                    "left": "0",
                    "isLinked": false
                },
                "margin_mobile": {
                    "unit": "px",
                    "top": "40",
                    "right": 0,
                    "bottom": "80",
                    "left": 0,
                    "isLinked": false
                },
                "padding_mobile": {
                    "unit": "px",
                    "top": "0",
                    "right": "0",
                    "bottom": "0",
                    "left": "0",
                    "isLinked": false
                },
                "margin_tablet": {
                    "unit": "px",
                    "top": "40",
                    "right": 0,
                    "bottom": "60",
                    "left": 0,
                    "isLinked": false
                },
                "padding_tablet": {
                    "unit": "px",
                    "top": "0",
                    "right": "0",
                    "bottom": "0",
                    "left": "0",
                    "isLinked": false
                }
            },
            "elements": [
                {
                    "id": "5936ec68",
                    "settings": {
                        "_column_size": 100,
                        "_inline_size": null,
                        "margin_mobile": {
                            "unit": "px",
                            "top": "0",
                            "right": "0",
                            "bottom": "0",
                            "left": "0",
                            "isLinked": false
                        },
                        "padding_mobile": {
                            "unit": "px",
                            "top": "0",
                            "right": "0",
                            "bottom": "0",
                            "left": "0",
                            "isLinked": false
                        }
                    },
                    "elements": [
                        {
                            "id": "12025138",
                            "settings": {
                                "title": "|",
                                "align": "center",
                                "title_color": "#AA2923",
                                "typography_typography": "custom",
                                "typography_font_size": {
                                    "unit": "px",
                                    "size": 72,
                                    "sizes": []
                                },
                                "typography_font_weight": "200",
                                "_animation": "slideInDown",
                                "_animation_delay": 700,
                                "_margin_mobile": {
                                    "unit": "px",
                                    "top": "0",
                                    "right": "0",
                                    "bottom": "0",
                                    "left": "0",
                                    "isLinked": false
                                },
                                "_padding_mobile": {
                                    "unit": "px",
                                    "top": "0",
                                    "right": "0",
                                    "bottom": "0",
                                    "left": "0",
                                    "isLinked": false
                                }
                            },
                            "elements": [],
                            "isInner": false,
                            "widgetType": "heading",
                            "elType": "widget"
                        }
                    ],
                    "isInner": false,
                    "elType": "column"
                }
            ],
            "isInner": false,
            "elType": "section"
        },
        {
            "id": "41ec5ce7",
            "settings": {
                "margin": {
                    "unit": "px",
                    "top": "0",
                    "right": 0,
                    "bottom": "0",
                    "left": 0,
                    "isLinked": false
                },
                "gap": "no",
                "padding": {
                    "unit": "px",
                    "top": "0",
                    "right": "0",
                    "bottom": "0",
                    "left": "0",
                    "isLinked": false
                },
                "margin_mobile": {
                    "unit": "px",
                    "top": "0",
                    "right": 0,
                    "bottom": "0",
                    "left": 0,
                    "isLinked": false
                },
                "padding_mobile": {
                    "unit": "px",
                    "top": "0",
                    "right": "10",
                    "bottom": "0",
                    "left": "10",
                    "isLinked": false
                }
            },
            "elements": [
                {
                    "id": "5b34f4de",
                    "settings": {
                        "_column_size": 100,
                        "_inline_size": null,
                        "align": "center",
                        "margin": {
                            "unit": "px",
                            "top": "0",
                            "right": "0",
                            "bottom": "0",
                            "left": "0",
                            "isLinked": false
                        },
                        "padding": {
                            "unit": "px",
                            "top": "0",
                            "right": "0",
                            "bottom": "0",
                            "left": "0",
                            "isLinked": false
                        }
                    },
                    "elements": [
                        {
                            "id": "6f5b9c3b",
                            "settings": {
                                "title": "Airport",
                                "align": "center",
                                "title_color": "#AA2923",
                                "typography_typography": "custom",
                                "typography_font_family": "Playfair Display",
                                "typography_font_size": {
                                    "unit": "px",
                                    "size": 22,
                                    "sizes": []
                                },
                                "typography_font_weight": "300",
                                "_animation": "fadeIn",
                                "_animation_delay": 300,
                                "header_size": "h4"
                            },
                            "elements": [],
                            "isInner": false,
                            "widgetType": "heading",
                            "elType": "widget"
                        },
                        {
                            "id": "7fc6a41e",
                            "settings": {
                                "title": "Ngurah Rai Airport\u200b",
                                "align": "center",
                                "title_color": "#AA2923",
                                "typography_typography": "custom",
                                "typography_font_family": "Playfair Display",
                                "typography_font_weight": "300",
                                "_animation": "fadeInUp",
                                "_animation_delay": 500
                            },
                            "elements": [],
                            "isInner": false,
                            "widgetType": "heading",
                            "elType": "widget"
                        },
                        {
                            "id": "8e36089",
                            "settings": {
                                "align": "center",
                                "text_color": "#9D9999",
                                "typography_typography": "custom",
                                "typography_font_family": "Jost",
                                "typography_font_size": {
                                    "unit": "px",
                                    "size": 15,
                                    "sizes": []
                                },
                                "_margin": {
                                    "unit": "px",
                                    "top": "0",
                                    "right": "300",
                                    "bottom": "0",
                                    "left": "300",
                                    "isLinked": false
                                },
                                "editor": "<p>Jalan Raya Gusti Ngurah Rai, Tuban, Kuta, Kabupaten Badung, Bali 80362<\/p>",
                                "_z_index": 0,
                                "_animation": "fadeInDown",
                                "_animation_delay": 800,
                                "_margin_mobile": {
                                    "unit": "px",
                                    "top": "0",
                                    "right": "0",
                                    "bottom": "0",
                                    "left": "0",
                                    "isLinked": false
                                },
                                "_padding_mobile": {
                                    "unit": "px",
                                    "top": "0",
                                    "right": "0",
                                    "bottom": "0",
                                    "left": "0",
                                    "isLinked": false
                                },
                                "_margin_tablet": {
                                    "unit": "px",
                                    "top": "0",
                                    "right": "20",
                                    "bottom": "0",
                                    "left": "20",
                                    "isLinked": false
                                },
                                "_padding_tablet": {
                                    "unit": "px",
                                    "top": "0",
                                    "right": "0",
                                    "bottom": "0",
                                    "left": "0",
                                    "isLinked": false
                                }
                            },
                            "elements": [],
                            "isInner": false,
                            "widgetType": "text-editor",
                            "elType": "widget"
                        },
                        {
                            "id": "6fc46cb2",
                            "settings": {
                                "address": "ngurah rai airport",
                                "zoom": {
                                    "unit": "px",
                                    "size": 15,
                                    "sizes": []
                                },
                                "_margin": {
                                    "unit": "px",
                                    "top": "50",
                                    "right": "0",
                                    "bottom": "0",
                                    "left": "0",
                                    "isLinked": false
                                },
                                "_padding": {
                                    "unit": "px",
                                    "top": "0",
                                    "right": "0",
                                    "bottom": "0",
                                    "left": "0",
                                    "isLinked": false
                                },
                                "_z_index": 0,
                                "_margin_mobile": {
                                    "unit": "px",
                                    "top": "10",
                                    "right": "10",
                                    "bottom": "0",
                                    "left": "10",
                                    "isLinked": false
                                },
                                "_padding_mobile": {
                                    "unit": "px",
                                    "top": "0",
                                    "right": "0",
                                    "bottom": "0",
                                    "left": "0",
                                    "isLinked": false
                                }
                            },
                            "elements": [],
                            "isInner": false,
                            "widgetType": "google_maps",
                            "elType": "widget"
                        }
                    ],
                    "isInner": false,
                    "elType": "column"
                }
            ],
            "isInner": false,
            "elType": "section"
        },
        {
            "id": "74a08788",
            "settings": {
                "margin": {
                    "unit": "px",
                    "top": "100",
                    "right": 0,
                    "bottom": "100",
                    "left": 0,
                    "isLinked": true
                },
                "padding": {
                    "unit": "px",
                    "top": "0",
                    "right": "0",
                    "bottom": "0",
                    "left": "0",
                    "isLinked": false
                },
                "margin_mobile": {
                    "unit": "px",
                    "top": "60",
                    "right": 0,
                    "bottom": "60",
                    "left": 0,
                    "isLinked": false
                },
                "padding_mobile": {
                    "unit": "px",
                    "top": "0",
                    "right": "0",
                    "bottom": "0",
                    "left": "0",
                    "isLinked": false
                },
                "margin_tablet": {
                    "unit": "px",
                    "top": "60",
                    "right": 0,
                    "bottom": "60",
                    "left": 0,
                    "isLinked": true
                }
            },
            "elements": [
                {
                    "id": "3d667419",
                    "settings": {
                        "_column_size": 100,
                        "_inline_size": null,
                        "margin_mobile": {
                            "unit": "px",
                            "top": "0",
                            "right": "0",
                            "bottom": "0",
                            "left": "0",
                            "isLinked": false
                        },
                        "padding_mobile": {
                            "unit": "px",
                            "top": "0",
                            "right": "0",
                            "bottom": "0",
                            "left": "0",
                            "isLinked": false
                        }
                    },
                    "elements": [
                        {
                            "id": "5536be89",
                            "settings": {
                                "title": "|",
                                "align": "center",
                                "title_color": "#AA2923",
                                "typography_typography": "custom",
                                "typography_font_size": {
                                    "unit": "px",
                                    "size": 72,
                                    "sizes": []
                                },
                                "typography_font_weight": "200",
                                "_animation": "slideInDown",
                                "_animation_delay": 700
                            },
                            "elements": [],
                            "isInner": false,
                            "widgetType": "heading",
                            "elType": "widget"
                        }
                    ],
                    "isInner": false,
                    "elType": "column"
                }
            ],
            "isInner": false,
            "elType": "section"
        },
        {
            "id": "16761eaf",
            "settings": {
                "margin": {
                    "unit": "px",
                    "top": "0",
                    "right": 0,
                    "bottom": "0",
                    "left": 0,
                    "isLinked": false
                },
                "gap": "no",
                "padding": {
                    "unit": "px",
                    "top": "0",
                    "right": "0",
                    "bottom": "0",
                    "left": "0",
                    "isLinked": false
                },
                "margin_mobile": {
                    "unit": "px",
                    "top": "0",
                    "right": 0,
                    "bottom": "0",
                    "left": 0,
                    "isLinked": false
                },
                "padding_mobile": {
                    "unit": "px",
                    "top": "0",
                    "right": "10",
                    "bottom": "0",
                    "left": "10",
                    "isLinked": false
                }
            },
            "elements": [
                {
                    "id": "49fcbb0",
                    "settings": {
                        "_column_size": 100,
                        "_inline_size": null
                    },
                    "elements": [
                        {
                            "id": "f8d1903",
                            "settings": {
                                "title": "Taxi",
                                "align": "center",
                                "title_color": "#AA2923",
                                "typography_typography": "custom",
                                "typography_font_family": "Playfair Display",
                                "typography_font_size": {
                                    "unit": "px",
                                    "size": 22,
                                    "sizes": []
                                },
                                "typography_font_weight": "300",
                                "_margin": {
                                    "unit": "px",
                                    "top": "0",
                                    "right": "0",
                                    "bottom": "0",
                                    "left": "0",
                                    "isLinked": false
                                },
                                "_padding": {
                                    "unit": "px",
                                    "top": "0",
                                    "right": "0",
                                    "bottom": "0",
                                    "left": "0",
                                    "isLinked": false
                                },
                                "_animation": "fadeIn",
                                "_animation_delay": 300,
                                "header_size": "h4"
                            },
                            "elements": [],
                            "isInner": false,
                            "widgetType": "heading",
                            "elType": "widget"
                        },
                        {
                            "id": "48e23c8",
                            "settings": {
                                "title": "Go get Online Taxi",
                                "align": "center",
                                "title_color": "#AA2923",
                                "typography_typography": "custom",
                                "typography_font_family": "Playfair Display",
                                "typography_font_weight": "300",
                                "_animation": "fadeInUp",
                                "_animation_delay": 500
                            },
                            "elements": [],
                            "isInner": false,
                            "widgetType": "heading",
                            "elType": "widget"
                        },
                        {
                            "id": "34d76819",
                            "settings": {
                                "align": "center",
                                "text_color": "#9D9999",
                                "typography_typography": "custom",
                                "typography_font_family": "Jost",
                                "typography_font_size": {
                                    "unit": "px",
                                    "size": 15,
                                    "sizes": []
                                },
                                "_margin": {
                                    "unit": "px",
                                    "top": "0",
                                    "right": "300",
                                    "bottom": "0",
                                    "left": "300",
                                    "isLinked": false
                                },
                                "_z_index": 0,
                                "_animation": "fadeInDown",
                                "_animation_delay": 800,
                                "_margin_mobile": {
                                    "unit": "px",
                                    "top": "0",
                                    "right": "0",
                                    "bottom": "0",
                                    "left": "0",
                                    "isLinked": false
                                },
                                "_padding_mobile": {
                                    "unit": "px",
                                    "top": "0",
                                    "right": "0",
                                    "bottom": "0",
                                    "left": "0",
                                    "isLinked": false
                                },
                                "_margin_tablet": {
                                    "unit": "px",
                                    "top": "0",
                                    "right": "20",
                                    "bottom": "0",
                                    "left": "20",
                                    "isLinked": false
                                },
                                "_padding_tablet": {
                                    "unit": "px",
                                    "top": "0",
                                    "right": "0",
                                    "bottom": "0",
                                    "left": "0",
                                    "isLinked": false
                                }
                            },
                            "elements": [],
                            "isInner": false,
                            "widgetType": "text-editor",
                            "elType": "widget"
                        }
                    ],
                    "isInner": false,
                    "elType": "column"
                }
            ],
            "isInner": false,
            "elType": "section"
        },
        {
            "id": "32af3bd2",
            "settings": {
                "z_index": 0,
                "gap": "no",
                "margin": {
                    "unit": "px",
                    "top": "0",
                    "right": 0,
                    "bottom": "0",
                    "left": 0,
                    "isLinked": false
                },
                "padding": {
                    "unit": "px",
                    "top": "0",
                    "right": "0",
                    "bottom": "0",
                    "left": "0",
                    "isLinked": false
                },
                "margin_mobile": {
                    "unit": "px",
                    "top": "0",
                    "right": 0,
                    "bottom": "0",
                    "left": 0,
                    "isLinked": false
                },
                "padding_mobile": {
                    "unit": "px",
                    "top": "0",
                    "right": "10",
                    "bottom": "0",
                    "left": "10",
                    "isLinked": false
                }
            },
            "elements": [
                {
                    "id": "446a94b6",
                    "settings": {
                        "_column_size": 100,
                        "_inline_size": null,
                        "margin": {
                            "unit": "px",
                            "top": "0",
                            "right": "0",
                            "bottom": "0",
                            "left": "0",
                            "isLinked": false
                        },
                        "padding": {
                            "unit": "px",
                            "top": "0",
                            "right": "0",
                            "bottom": "0",
                            "left": "0",
                            "isLinked": false
                        }
                    },
                    "elements": [
                        {
                            "id": "7976739f",
                            "settings": {
                                "ekit_img_accordion_items": [
                                    {
                                        "ekit_img_accordion_title": "Yellow Taxi",
                                        "_id": "6b85353",
                                        "ekit_img_accordion_bg": {
                                            "url": "https:\/\/demo.puriwp.com\/katesteve\/wp-content\/uploads\/2020\/11\/taxi-1-scaled-1.jpg",
                                            "id": 1930
                                        },
                                        "ekit_img_accordion_enable_icon": "yes",
                                        "ekit_img_accordion_title_icons": {
                                            "value": "icon icon-taxi",
                                            "library": "ekiticons"
                                        },
                                        "ekit_img_accordion_button_label": "Get the App"
                                    },
                                    {
                                        "ekit_img_accordion_icon": "icon icon-minus",
                                        "_id": "e7cc5c8",
                                        "ekit_img_accordion_active": "yes",
                                        "ekit_img_accordion_bg": {
                                            "url": "https:\/\/demo.puriwp.com\/katesteve\/wp-content\/uploads\/2020\/11\/taxi-4.jpg",
                                            "id": 1937
                                        },
                                        "ekit_img_accordion_title": "SUV Taxi",
                                        "ekit_img_accordion_enable_icon": "yes",
                                        "ekit_img_accordion_title_icons": {
                                            "value": "icon icon-taxi",
                                            "library": "ekiticons"
                                        },
                                        "ekit_img_accordion_button_label": "Get The App"
                                    },
                                    {
                                        "ekit_img_accordion_link": "#",
                                        "_id": "d09c72b",
                                        "ekit_img_accordion_bg": {
                                            "url": "https:\/\/demo.puriwp.com\/katesteve\/wp-content\/uploads\/2020\/11\/taxi-2.jpg",
                                            "id": 1932
                                        },
                                        "ekit_img_accordion_title": "Red Taxi",
                                        "ekit_img_accordion_enable_icon": "yes",
                                        "ekit_img_accordion_title_icons": {
                                            "value": "icon icon-taxi",
                                            "library": "ekiticons"
                                        },
                                        "ekit_img_accordion_button_label": "Get The App"
                                    },
                                    {
                                        "ekit_img_accordion_button_label": "Get The App",
                                        "_id": "3acd121",
                                        "ekit_img_accordion_bg": {
                                            "url": "https:\/\/demo.puriwp.com\/katesteve\/wp-content\/uploads\/2020\/11\/taxi-3.jpg",
                                            "id": 1933
                                        },
                                        "ekit_img_accordion_title": "Black Taxi",
                                        "ekit_img_accordion_enable_icon": "yes",
                                        "ekit_img_accordion_title_icons": {
                                            "value": "icon icon-taxi",
                                            "library": "ekiticons"
                                        }
                                    }
                                ],
                                "ekit_img_accordion_bg_active_color_background": "classic",
                                "ekit_img_accordion_bg_active_color_color": "#02010163",
                                "ekit_img_accordion_title_color": "#FFFFFF",
                                "ekit_img_accordion_title_typography_group_typography": "custom",
                                "ekit_img_accordion_title_typography_group_font_family": "Playfair Display",
                                "ekit_img_accordion_title_typography_group_font_size": {
                                    "unit": "px",
                                    "size": 20,
                                    "sizes": []
                                },
                                "ekit_img_accordion_title_typography_group_font_weight": "300",
                                "ekit_img_accordion_title_typography_group_letter_spacing": {
                                    "unit": "px",
                                    "size": 1.6999999999999999555910790149937383830547332763671875,
                                    "sizes": []
                                },
                                "ekit_img_accordion_text_padding": {
                                    "unit": "px",
                                    "top": "15",
                                    "right": "50",
                                    "bottom": "15",
                                    "left": "50",
                                    "isLinked": false
                                },
                                "ekit_img_accordion_btn_typography_typography": "custom",
                                "ekit_img_accordion_btn_typography_font_family": "Montserrat",
                                "ekit_img_accordion_btn_bg_color_group_background": "classic",
                                "ekit_img_accordion_btn_bg_color_group_color": "#AA2923",
                                "ekit_img_accordion_btn_border_group_border": "",
                                "ekit_img_accordion_btn_border_radius": {
                                    "unit": "px",
                                    "top": "0",
                                    "right": "0",
                                    "bottom": "0",
                                    "left": "0",
                                    "isLinked": true
                                },
                                "ekit_img_accordion_section_img_accordion_icon_left_spacing": {
                                    "unit": "px",
                                    "size": 0,
                                    "sizes": []
                                },
                                "ekit_img_accordion_pup_up_icon_color": "#FFFFFF",
                                "ekit_img_accordion_pup_up_project_color": "#FFFFFF",
                                "_margin": {
                                    "unit": "px",
                                    "top": "50",
                                    "right": "0",
                                    "bottom": "0",
                                    "left": "0",
                                    "isLinked": false
                                },
                                "_padding": {
                                    "unit": "px",
                                    "top": "0",
                                    "right": "0",
                                    "bottom": "0",
                                    "left": "0",
                                    "isLinked": false
                                },
                                "items_style_mobile": "vertical"
                            },
                            "elements": [],
                            "isInner": false,
                            "widgetType": "elementskit-image-accordion",
                            "elType": "widget"
                        }
                    ],
                    "isInner": false,
                    "elType": "column"
                }
            ],
            "isInner": false,
            "elType": "section"
        },
        {
            "id": "649fc481",
            "settings": {
                "margin": {
                    "unit": "px",
                    "top": "100",
                    "right": 0,
                    "bottom": "100",
                    "left": 0,
                    "isLinked": true
                },
                "padding": {
                    "unit": "px",
                    "top": "0",
                    "right": "0",
                    "bottom": "0",
                    "left": "0",
                    "isLinked": false
                },
                "margin_mobile": {
                    "unit": "px",
                    "top": "60",
                    "right": 0,
                    "bottom": "60",
                    "left": 0,
                    "isLinked": false
                },
                "padding_mobile": {
                    "unit": "px",
                    "top": "0",
                    "right": "0",
                    "bottom": "0",
                    "left": "0",
                    "isLinked": false
                },
                "margin_tablet": {
                    "unit": "px",
                    "top": "60",
                    "right": 0,
                    "bottom": "60",
                    "left": 0,
                    "isLinked": true
                }
            },
            "elements": [
                {
                    "id": "3aa07441",
                    "settings": {
                        "_column_size": 100,
                        "_inline_size": null,
                        "margin": {
                            "unit": "px",
                            "top": "0",
                            "right": "0",
                            "bottom": "0",
                            "left": "0",
                            "isLinked": false
                        },
                        "padding": {
                            "unit": "px",
                            "top": "0",
                            "right": "0",
                            "bottom": "0",
                            "left": "0",
                            "isLinked": false
                        }
                    },
                    "elements": [
                        {
                            "id": "7a592d1a",
                            "settings": {
                                "title": "|",
                                "align": "center",
                                "title_color": "#AA2923",
                                "typography_typography": "custom",
                                "typography_font_size": {
                                    "unit": "px",
                                    "size": 72,
                                    "sizes": []
                                },
                                "typography_font_weight": "200",
                                "_animation": "slideInDown",
                                "_animation_delay": 700
                            },
                            "elements": [],
                            "isInner": false,
                            "widgetType": "heading",
                            "elType": "widget"
                        }
                    ],
                    "isInner": false,
                    "elType": "column"
                }
            ],
            "isInner": false,
            "elType": "section"
        },
        {
            "id": "3ee5b9e8",
            "settings": {
                "margin": {
                    "unit": "px",
                    "top": "60",
                    "right": 0,
                    "bottom": "0",
                    "left": 0,
                    "isLinked": false
                },
                "gap": "no",
                "padding": {
                    "unit": "px",
                    "top": "0",
                    "right": "0",
                    "bottom": "0",
                    "left": "0",
                    "isLinked": false
                },
                "margin_mobile": {
                    "unit": "px",
                    "top": "0",
                    "right": 0,
                    "bottom": "0",
                    "left": 0,
                    "isLinked": false
                },
                "padding_mobile": {
                    "unit": "px",
                    "top": "0",
                    "right": "10",
                    "bottom": "0",
                    "left": "10",
                    "isLinked": false
                }
            },
            "elements": [
                {
                    "id": "5a5657bf",
                    "settings": {
                        "_column_size": 100,
                        "_inline_size": null
                    },
                    "elements": [
                        {
                            "id": "6fe14337",
                            "settings": {
                                "title": "Hotel",
                                "align": "center",
                                "title_color": "#AA2923",
                                "typography_typography": "custom",
                                "typography_font_family": "Playfair Display",
                                "typography_font_size": {
                                    "unit": "px",
                                    "size": 22,
                                    "sizes": []
                                },
                                "typography_font_weight": "300",
                                "_animation": "fadeIn",
                                "_animation_delay": 300,
                                "header_size": "h4"
                            },
                            "elements": [],
                            "isInner": false,
                            "widgetType": "heading",
                            "elType": "widget"
                        },
                        {
                            "id": "5265de07",
                            "settings": {
                                "title": "Check Availability of Room",
                                "align": "center",
                                "title_color": "#AA2923",
                                "typography_typography": "custom",
                                "typography_font_family": "Playfair Display",
                                "typography_font_weight": "300",
                                "_animation": "fadeInUp",
                                "_animation_delay": 500
                            },
                            "elements": [],
                            "isInner": false,
                            "widgetType": "heading",
                            "elType": "widget"
                        },
                        {
                            "id": "4ebcea76",
                            "settings": {
                                "align": "center",
                                "text_color": "#9D9999",
                                "typography_typography": "custom",
                                "typography_font_family": "Jost",
                                "typography_font_size": {
                                    "unit": "px",
                                    "size": 15,
                                    "sizes": []
                                },
                                "_margin": {
                                    "unit": "px",
                                    "top": "0",
                                    "right": "300",
                                    "bottom": "0",
                                    "left": "300",
                                    "isLinked": false
                                },
                                "editor": "<p>Jalan Raya Gusti Ngurah Rai, Tuban, Kuta, Kabupaten Badung, Bali 80362<\/p>",
                                "_z_index": 0,
                                "_animation": "fadeInDown",
                                "_animation_delay": 800,
                                "_margin_mobile": {
                                    "unit": "px",
                                    "top": "0",
                                    "right": "0",
                                    "bottom": "0",
                                    "left": "0",
                                    "isLinked": false
                                },
                                "_padding_mobile": {
                                    "unit": "px",
                                    "top": "0",
                                    "right": "0",
                                    "bottom": "0",
                                    "left": "0",
                                    "isLinked": false
                                },
                                "_margin_tablet": {
                                    "unit": "px",
                                    "top": "0",
                                    "right": "20",
                                    "bottom": "0",
                                    "left": "20",
                                    "isLinked": false
                                },
                                "_padding_tablet": {
                                    "unit": "px",
                                    "top": "0",
                                    "right": "0",
                                    "bottom": "0",
                                    "left": "0",
                                    "isLinked": false
                                }
                            },
                            "elements": [],
                            "isInner": false,
                            "widgetType": "text-editor",
                            "elType": "widget"
                        }
                    ],
                    "isInner": false,
                    "elType": "column"
                }
            ],
            "isInner": false,
            "elType": "section"
        },
        {
            "id": "5181aa94",
            "settings": {
                "structure": "30",
                "margin": {
                    "unit": "px",
                    "top": "50",
                    "right": 0,
                    "bottom": "0",
                    "left": 0,
                    "isLinked": false
                },
                "padding": {
                    "unit": "px",
                    "top": "0",
                    "right": "0",
                    "bottom": "0",
                    "left": "0",
                    "isLinked": false
                }
            },
            "elements": [
                {
                    "id": "71a1bca7",
                    "settings": {
                        "_column_size": 33,
                        "_inline_size": null
                    },
                    "elements": [
                        {
                            "id": "41a9fde1",
                            "settings": {
                                "selected_icon": {
                                    "value": "fab fa-tripadvisor",
                                    "library": "fa-brands"
                                },
                                "title_text_a": "",
                                "description_text_a": "Lorem ipsum dolor sit amet consectetur adipiscing elit dolor",
                                "background_a_background": "classic",
                                "background_a_color": "#AA2923",
                                "title_text_b": "Tripadvisor",
                                "description_text_b": "",
                                "button_text": "Check Avaliability",
                                "background_b_background": "classic",
                                "background_b_color": "#0B0B0B",
                                "background_b_image": {
                                    "url": "https:\/\/demo.puriwp.com\/katesteve\/wp-content\/uploads\/2020\/11\/gal-7-center.jpg",
                                    "id": 1911
                                },
                                "background_overlay_b": "#0201018F",
                                "height": {
                                    "unit": "px",
                                    "size": 481,
                                    "sizes": []
                                },
                                "padding_a": {
                                    "unit": "px",
                                    "top": "50",
                                    "right": "50",
                                    "bottom": "50",
                                    "left": "50",
                                    "isLinked": true
                                },
                                "icon_primary_color": "#FFFFFF",
                                "description_color_a": "#FFFFFF",
                                "description_typography_a_typography": "custom",
                                "description_typography_a_font_family": "Jost",
                                "description_typography_a_font_weight": "400",
                                "title_spacing_b": {
                                    "unit": "px",
                                    "size": 33,
                                    "sizes": []
                                },
                                "title_color_b": "#FFFFFF",
                                "title_typography_b_typography": "custom",
                                "title_typography_b_font_family": "Jost",
                                "button_typography_typography": "custom",
                                "button_text_color": "#FFFFFF"
                            },
                            "elements": [],
                            "isInner": false,
                            "widgetType": "flip-box",
                            "elType": "widget"
                        }
                    ],
                    "isInner": false,
                    "elType": "column"
                },
                {
                    "id": "4cb0e0a6",
                    "settings": {
                        "_column_size": 33,
                        "_inline_size": null
                    },
                    "elements": [
                        {
                            "id": "1cfd4714",
                            "settings": {
                                "image": {
                                    "url": "https:\/\/demo.puriwp.com\/katesteve\/wp-content\/uploads\/2020\/11\/agoda_mainlogo_stack_reverse_ai_Main-Logo-white.png",
                                    "id": 798
                                },
                                "image_size": "full",
                                "selected_icon": {
                                    "value": "fab fa-airbnb",
                                    "library": "fa-brands"
                                },
                                "title_text_a": "",
                                "description_text_a": "Lorem ipsum dolor sit amet consectetur adipiscing elit dolor",
                                "background_a_background": "classic",
                                "background_a_color": "#AA2923",
                                "title_text_b": "Airbnb",
                                "description_text_b": "",
                                "button_text": "Check Avaliability",
                                "background_b_background": "classic",
                                "background_b_color": "#0B0B0B",
                                "background_b_image": {
                                    "url": "https:\/\/demo.puriwp.com\/katesteve\/wp-content\/uploads\/2020\/11\/gal-5-center.jpg",
                                    "id": 1910
                                },
                                "background_overlay_b": "#0201018F",
                                "height": {
                                    "unit": "px",
                                    "size": 481,
                                    "sizes": []
                                },
                                "padding_a": {
                                    "unit": "px",
                                    "top": "50",
                                    "right": "50",
                                    "bottom": "50",
                                    "left": "50",
                                    "isLinked": true
                                },
                                "icon_primary_color": "#FFFFFF",
                                "description_color_a": "#FFFFFF",
                                "description_typography_a_typography": "custom",
                                "description_typography_a_font_family": "Jost",
                                "description_typography_a_font_weight": "400",
                                "title_spacing_b": {
                                    "unit": "px",
                                    "size": 33,
                                    "sizes": []
                                },
                                "title_color_b": "#FFFFFF",
                                "title_typography_b_typography": "custom",
                                "title_typography_b_font_family": "Jost",
                                "button_typography_typography": "custom",
                                "button_text_color": "#FFFFFF"
                            },
                            "elements": [],
                            "isInner": false,
                            "widgetType": "flip-box",
                            "elType": "widget"
                        }
                    ],
                    "isInner": false,
                    "elType": "column"
                },
                {
                    "id": "62c47b23",
                    "settings": {
                        "_column_size": 33,
                        "_inline_size": null
                    },
                    "elements": [
                        {
                            "id": "79bec513",
                            "settings": {
                                "image": {
                                    "url": "https:\/\/demo.puriwp.com\/katesteve\/wp-content\/uploads\/2020\/11\/589a4c2b5aa6293a4aac48c9.png",
                                    "id": 818
                                },
                                "image_size": "full",
                                "selected_icon": {
                                    "value": "icon icon-paper-plane",
                                    "library": "ekiticons"
                                },
                                "title_text_a": "",
                                "description_text_a": "Lorem ipsum dolor sit amet consectetur adipiscing elit dolor",
                                "background_a_background": "classic",
                                "background_a_color": "#AA2923",
                                "title_text_b": "Travelio",
                                "description_text_b": "",
                                "button_text": "Check Avaliability",
                                "background_b_background": "classic",
                                "background_b_color": "#0B0B0B",
                                "background_b_image": {
                                    "url": "https:\/\/demo.puriwp.com\/katesteve\/wp-content\/uploads\/2020\/11\/gal-2-center.jpg",
                                    "id": 1907
                                },
                                "background_overlay_b": "#0201018F",
                                "height": {
                                    "unit": "px",
                                    "size": 481,
                                    "sizes": []
                                },
                                "padding_a": {
                                    "unit": "px",
                                    "top": "50",
                                    "right": "50",
                                    "bottom": "50",
                                    "left": "50",
                                    "isLinked": true
                                },
                                "icon_primary_color": "#FFFFFF",
                                "description_color_a": "#FFFFFF",
                                "description_typography_a_typography": "custom",
                                "description_typography_a_font_family": "Jost",
                                "description_typography_a_font_weight": "400",
                                "title_spacing_b": {
                                    "unit": "px",
                                    "size": 33,
                                    "sizes": []
                                },
                                "title_color_b": "#FFFFFF",
                                "title_typography_b_typography": "custom",
                                "title_typography_b_font_family": "Jost",
                                "button_typography_typography": "custom",
                                "button_text_color": "#FFFFFF"
                            },
                            "elements": [],
                            "isInner": false,
                            "widgetType": "flip-box",
                            "elType": "widget"
                        }
                    ],
                    "isInner": false,
                    "elType": "column"
                }
            ],
            "isInner": false,
            "elType": "section"
        },
        {
            "id": "48c7be02",
            "settings": {
                "margin": {
                    "unit": "px",
                    "top": "100",
                    "right": 0,
                    "bottom": "100",
                    "left": 0,
                    "isLinked": true
                },
                "padding": {
                    "unit": "px",
                    "top": "0",
                    "right": "0",
                    "bottom": "0",
                    "left": "0",
                    "isLinked": false
                },
                "margin_mobile": {
                    "unit": "px",
                    "top": "60",
                    "right": 0,
                    "bottom": "60",
                    "left": 0,
                    "isLinked": false
                },
                "padding_mobile": {
                    "unit": "px",
                    "top": "0",
                    "right": "0",
                    "bottom": "0",
                    "left": "0",
                    "isLinked": false
                },
                "margin_tablet": {
                    "unit": "px",
                    "top": "60",
                    "right": 0,
                    "bottom": "60",
                    "left": 0,
                    "isLinked": true
                }
            },
            "elements": [
                {
                    "id": "371043fd",
                    "settings": {
                        "_column_size": 100,
                        "_inline_size": null
                    },
                    "elements": [
                        {
                            "id": "7ee4da5b",
                            "settings": {
                                "title": "|",
                                "align": "center",
                                "title_color": "#AA2923",
                                "typography_typography": "custom",
                                "typography_font_size": {
                                    "unit": "px",
                                    "size": 72,
                                    "sizes": []
                                },
                                "typography_font_weight": "200",
                                "_animation": "slideInDown",
                                "_animation_delay": 700
                            },
                            "elements": [],
                            "isInner": false,
                            "widgetType": "heading",
                            "elType": "widget"
                        }
                    ],
                    "isInner": false,
                    "elType": "column"
                }
            ],
            "isInner": false,
            "elType": "section"
        }
    ],
    "page_settings": {
        "ha_grid_zindex": "1000",
        "template": "elementor_header_footer"
    }
}