{
    "version": "0.4",
    "title": "About",
    "type": "page",
    "metadata": {
        "template_type": "single-page",
        "include_in_zip": "1",
        "elementor_pro_required": null,
        "wp_page_template": "elementor_header_footer"
    },
    "content": [
        {
            "id": "42165662",
            "settings": {
                "stretch_section": "section-stretched",
                "content_width": {
                    "unit": "px",
                    "size": 1280,
                    "sizes": []
                },
                "custom_height": {
                    "unit": "px",
                    "size": 310,
                    "sizes": []
                },
                "background_background": "classic",
                "background_color": "#ffffff",
                "background_slideshow_gallery": [
                    {
                        "id": 20,
                        "url": "http:\/\/elementor.doodlias.com\/wenvite\/wp-content\/uploads\/sites\/6\/2020\/08\/slid1.jpg"
                    },
                    {
                        "id": 30,
                        "url": "http:\/\/elementor.doodlias.com\/wenvite\/wp-content\/uploads\/sites\/6\/2020\/08\/slid2.jpg"
                    },
                    {
                        "id": 40,
                        "url": "http:\/\/elementor.doodlias.com\/wenvite\/wp-content\/uploads\/sites\/6\/2020\/08\/slid3.jpg"
                    }
                ],
                "background_slideshow_background_size": "cover",
                "background_slideshow_ken_burns": "yes",
                "background_slideshow_ken_burns_zoom_direction": "out",
                "background_overlay_background": "classic",
                "background_overlay_color": "#606B70",
                "css_filters_css_filter": "custom",
                "overlay_blend_mode": "multiply",
                "border_border": "solid",
                "border_width": {
                    "unit": "px",
                    "top": "20",
                    "right": "20",
                    "bottom": "20",
                    "left": "20",
                    "isLinked": true
                },
                "border_color": "#FFFFFF",
                "border_radius": {
                    "unit": "px",
                    "top": "0",
                    "right": "0",
                    "bottom": "0",
                    "left": "0",
                    "isLinked": true
                },
                "margin": {
                    "unit": "em",
                    "top": "-9.5",
                    "right": 0,
                    "bottom": "0",
                    "left": 0,
                    "isLinked": false
                },
                "padding": {
                    "unit": "em",
                    "top": "12",
                    "right": "1",
                    "bottom": "6",
                    "left": "1",
                    "isLinked": false
                },
                "padding_mobile": {
                    "unit": "em",
                    "top": "",
                    "right": "",
                    "bottom": "",
                    "left": "",
                    "isLinked": true
                },
                "layout": "full_width",
                "background_image": {
                    "url": "http:\/\/elementor.doodlias.com\/wedoo\/wp-content\/uploads\/sites\/6\/2020\/08\/h5.jpg",
                    "id": 807
                },
                "background_repeat": "no-repeat",
                "background_size": "cover",
                "background_position_tablet": "center center",
                "background_repeat_tablet": "no-repeat",
                "background_size_tablet": "cover",
                "background_ypos": {
                    "unit": "em",
                    "size": -35.2000000000000028421709430404007434844970703125,
                    "sizes": []
                },
                "margin_tablet": {
                    "unit": "em",
                    "top": "-8",
                    "right": 0,
                    "bottom": "0",
                    "left": 0,
                    "isLinked": false
                },
                "margin_mobile": {
                    "unit": "em",
                    "top": "-9",
                    "right": 0,
                    "bottom": "0",
                    "left": 0,
                    "isLinked": false
                },
                "padding_tablet": {
                    "unit": "em",
                    "top": "",
                    "right": "",
                    "bottom": "",
                    "left": "",
                    "isLinked": true
                },
                "background_position": "center center"
            },
            "elements": [
                {
                    "id": "1a731373",
                    "settings": {
                        "_column_size": 100,
                        "_inline_size": null
                    },
                    "elements": [
                        {
                            "id": "450463b",
                            "settings": {
                                "title": "About Us",
                                "align": "center",
                                "_element_vertical_align": "center",
                                "typography_typography": "custom",
                                "typography_font_family": "Abril Fatface",
                                "__globals__": {
                                    "title_color": "",
                                    "typography_typography": ""
                                },
                                "header_size": "h1",
                                "title_color": "#FFFFFF",
                                "typography_font_size_mobile": {
                                    "unit": "px",
                                    "size": 50.52000000000000312638803734444081783294677734375,
                                    "sizes": []
                                },
                                "typography_font_weight": "400"
                            },
                            "elements": [],
                            "isInner": false,
                            "widgetType": "heading",
                            "elType": "widget"
                        }
                    ],
                    "isInner": false,
                    "elType": "column"
                }
            ],
            "isInner": false,
            "elType": "section"
        },
        {
            "id": "7c2c85e9",
            "settings": {
                "structure": "20",
                "padding": {
                    "unit": "em",
                    "top": "6",
                    "right": "1",
                    "bottom": "6",
                    "left": "1",
                    "isLinked": false
                }
            },
            "elements": [
                {
                    "id": "120d432b",
                    "settings": {
                        "_column_size": 50,
                        "_inline_size": null,
                        "padding": {
                            "unit": "em",
                            "top": "1",
                            "right": "1",
                            "bottom": "1",
                            "left": "1",
                            "isLinked": true
                        },
                        "content_position": "center"
                    },
                    "elements": [
                        {
                            "id": "5397a3ab",
                            "settings": {
                                "selected_icon": {
                                    "value": "fas fa-dove",
                                    "library": "fa-solid"
                                },
                                "align": "left",
                                "__globals__": {
                                    "primary_color": "globals\/colors?id=primary"
                                },
                                "size": {
                                    "unit": "px",
                                    "size": 36,
                                    "sizes": []
                                }
                            },
                            "elements": [],
                            "isInner": false,
                            "widgetType": "icon",
                            "elType": "widget"
                        },
                        {
                            "id": "6071578b",
                            "settings": {
                                "title": "Our Love Story",
                                "align": "left",
                                "_margin": {
                                    "unit": "px",
                                    "top": "0",
                                    "right": "0",
                                    "bottom": "0",
                                    "left": "0",
                                    "isLinked": false
                                },
                                "__globals__": {
                                    "typography_typography": "",
                                    "title_color": "globals\/colors?id=secondary"
                                },
                                "title_color": "#96849C",
                                "typography_typography": "custom",
                                "typography_font_family": "Abril Fatface",
                                "typography_font_size_mobile": {
                                    "unit": "px",
                                    "size": 50.52000000000000312638803734444081783294677734375,
                                    "sizes": []
                                },
                                "typography_font_weight": "normal"
                            },
                            "elements": [],
                            "isInner": false,
                            "widgetType": "heading",
                            "elType": "widget"
                        },
                        {
                            "id": "5c3631a0",
                            "settings": {
                                "section_editor": "",
                                "editor": "<p>We know about your hectic schedule. We also know the only way you truly understand a subject is by practicing it in a real environment. This is why we've set a playground area that's full of hours of exercises, questions and challenges. It\u00a0even has a gaming section. Donec vel nisi varius, porta justo cursus, mattis ligula.<\/p><p>Nulla vitae magna velit. Orci varius natoque penatibus et magnis dis parturient montes, nascetur ridiculus mus. Morbi dignissim iaculis elementum. Sed condimentum tortor sed leo cursus, vitae dictum odio egestas. Etiam mollis felis a turpis pharetra laoreet. Nulla fermentum tellus felis, at dignissim mauris mollis eu. Cras vitae dictum nunc. Sed elementum dui at tempus luctus. Aenean sit amet vestibulum felis. Cras vehicula, libero in rutrum aliquam, arcu est dapibus risus, in imperdiet est mi commodo dolor. In hac habitasse platea dictumst. Nam suscipit nisl mi, non dignissim justo lacinia a. In hac habitasse platea dictumst. Duis aliquam mollis orci auctor feugiat.<\/p>",
                                "section_style": "",
                                "align": "left",
                                "_section_style": "",
                                "_padding": {
                                    "unit": "px",
                                    "top": "0",
                                    "right": "0",
                                    "bottom": "0",
                                    "left": "0",
                                    "isLinked": ""
                                },
                                "_section_background": "",
                                "_box_shadow_box_shadow": {
                                    "horizontal": "0",
                                    "vertical": "0",
                                    "blur": "10",
                                    "spread": "0",
                                    "inset": "",
                                    "color": "rgba(0,0,0,0.5)"
                                },
                                "_section_responsive": "",
                                "responsive_description": "",
                                "__globals__": {
                                    "text_color": "globals\/colors?id=text",
                                    "typography_typography": "globals\/typography?id=text"
                                }
                            },
                            "elements": [],
                            "isInner": false,
                            "widgetType": "text-editor",
                            "elType": "widget"
                        }
                    ],
                    "isInner": false,
                    "elType": "column"
                },
                {
                    "id": "31af274a",
                    "settings": {
                        "_column_size": 50,
                        "_inline_size": null,
                        "padding": {
                            "unit": "em",
                            "top": "1",
                            "right": "1",
                            "bottom": "1",
                            "left": "1",
                            "isLinked": true
                        },
                        "background_background": "classic",
                        "background_color": "#FFFFFF",
                        "background_image": {
                            "url": "http:\/\/elementor.doodlias.com\/wedoo\/wp-content\/uploads\/sites\/6\/2020\/08\/ab.png",
                            "id": 376
                        },
                        "background_position": "center center",
                        "background_repeat": "no-repeat",
                        "background_size": "contain",
                        "background_overlay_background": "classic",
                        "background_overlay_image": {
                            "url": "http:\/\/elementor.doodlias.com\/wedoo\/wp-content\/uploads\/sites\/6\/2020\/08\/g1.jpg",
                            "id": 36
                        },
                        "background_overlay_opacity": {
                            "unit": "px",
                            "size": 1,
                            "sizes": []
                        },
                        "overlay_blend_mode": "screen",
                        "__globals__": {
                            "background_color": "",
                            "background_overlay_color": "globals\/colors?id=secondary"
                        },
                        "background_overlay_position": "center center",
                        "background_overlay_size": "cover",
                        "css_filters_saturate": {
                            "unit": "px",
                            "size": 55,
                            "sizes": []
                        }
                    },
                    "elements": [
                        {
                            "id": "6d89a415",
                            "settings": {
                                "space": {
                                    "unit": "px",
                                    "size": 538,
                                    "sizes": []
                                }
                            },
                            "elements": [],
                            "isInner": false,
                            "widgetType": "spacer",
                            "elType": "widget"
                        }
                    ],
                    "isInner": false,
                    "elType": "column"
                }
            ],
            "isInner": false,
            "elType": "section"
        },
        {
            "id": "41ce8c5e",
            "settings": {
                "structure": "20",
                "background_background": "classic",
                "background_color": "#FFF9F4",
                "background_xpos": {
                    "unit": "px",
                    "size": -207,
                    "sizes": []
                },
                "background_repeat": "no-repeat",
                "background_overlay_color": "#FFCDCB00",
                "background_overlay_color_stop": {
                    "unit": "%",
                    "size": 48,
                    "sizes": []
                },
                "background_overlay_color_b": "#FFF9F4",
                "background_overlay_color_b_stop": {
                    "unit": "%",
                    "size": 24,
                    "sizes": []
                },
                "background_overlay_gradient_angle": {
                    "unit": "deg",
                    "size": 90,
                    "sizes": []
                },
                "background_overlay_opacity": {
                    "unit": "px",
                    "size": 1,
                    "sizes": []
                },
                "padding": {
                    "unit": "em",
                    "top": "6",
                    "right": "1",
                    "bottom": "6",
                    "left": "1",
                    "isLinked": false
                },
                "__globals__": {
                    "background_color": "globals\/colors?id=accent",
                    "background_overlay_color": "",
                    "background_overlay_color_b": "globals\/colors?id=accent"
                },
                "background_ypos": {
                    "unit": "px",
                    "size": -174,
                    "sizes": []
                }
            },
            "elements": [
                {
                    "id": "647c41b2",
                    "settings": {
                        "_column_size": 50,
                        "_inline_size": null,
                        "padding": {
                            "unit": "em",
                            "top": "01",
                            "right": "01",
                            "bottom": "01",
                            "left": "01",
                            "isLinked": true
                        },
                        "background_color": "#FFFFFF",
                        "border_radius": {
                            "unit": "px",
                            "top": "5",
                            "right": "5",
                            "bottom": "5",
                            "left": "5",
                            "isLinked": true
                        },
                        "box_shadow_box_shadow": {
                            "horizontal": 1,
                            "vertical": 7,
                            "blur": 25,
                            "spread": 2,
                            "color": "rgba(205.5, 164.78652646502837, 137.14891304347827, 0.22)"
                        },
                        "margin": {
                            "unit": "em",
                            "top": "0",
                            "right": "0",
                            "bottom": "0",
                            "left": "0",
                            "isLinked": true
                        }
                    },
                    "elements": [
                        {
                            "id": "720f600b",
                            "settings": [],
                            "elements": [
                                {
                                    "id": "28002e0b",
                                    "settings": {
                                        "_column_size": 100,
                                        "_inline_size": null,
                                        "background_background": "classic",
                                        "background_color": "#FFFFFF",
                                        "border_radius": {
                                            "unit": "px",
                                            "top": "5",
                                            "right": "5",
                                            "bottom": "5",
                                            "left": "5",
                                            "isLinked": true
                                        },
                                        "box_shadow_box_shadow_type": "yes",
                                        "box_shadow_box_shadow": {
                                            "horizontal": 1,
                                            "vertical": 7,
                                            "blur": 25,
                                            "spread": 2,
                                            "color": "rgba(205.5, 164.78652646502837, 137.14891304347827, 0.22)"
                                        },
                                        "margin": {
                                            "unit": "em",
                                            "top": "-1",
                                            "right": "0",
                                            "bottom": "0",
                                            "left": "0",
                                            "isLinked": false
                                        },
                                        "padding": {
                                            "unit": "em",
                                            "top": "1",
                                            "right": "1",
                                            "bottom": "1",
                                            "left": "1",
                                            "isLinked": true
                                        }
                                    },
                                    "elements": [
                                        {
                                            "id": "332fccb0",
                                            "settings": {
                                                "image": {
                                                    "url": "http:\/\/elementor.doodlias.com\/wedoo\/wp-content\/uploads\/sites\/6\/2020\/08\/den.jpg",
                                                    "id": 32
                                                },
                                                "image_size": "full",
                                                "image_border_radius": {
                                                    "unit": "px",
                                                    "top": "25",
                                                    "right": "25",
                                                    "bottom": "25",
                                                    "left": "25",
                                                    "isLinked": true
                                                }
                                            },
                                            "elements": [],
                                            "isInner": false,
                                            "widgetType": "image",
                                            "elType": "widget"
                                        }
                                    ],
                                    "isInner": true,
                                    "elType": "column"
                                }
                            ],
                            "isInner": true,
                            "elType": "section"
                        }
                    ],
                    "isInner": false,
                    "elType": "column"
                },
                {
                    "id": "4e552ea",
                    "settings": {
                        "_column_size": 50,
                        "_inline_size": null,
                        "padding": {
                            "unit": "em",
                            "top": "1",
                            "right": "1",
                            "bottom": "1",
                            "left": "1",
                            "isLinked": true
                        }
                    },
                    "elements": [
                        {
                            "id": "387a6842",
                            "settings": {
                                "selected_icon": {
                                    "value": "fas fa-dove",
                                    "library": "fa-solid"
                                },
                                "align": "left",
                                "__globals__": {
                                    "primary_color": ""
                                },
                                "primary_color": "#FFCDCB",
                                "size": {
                                    "unit": "px",
                                    "size": 36,
                                    "sizes": []
                                }
                            },
                            "elements": [],
                            "isInner": false,
                            "widgetType": "icon",
                            "elType": "widget"
                        },
                        {
                            "id": "24847479",
                            "settings": {
                                "title": "Denise",
                                "align": "left",
                                "_margin": {
                                    "unit": "px",
                                    "top": "0",
                                    "right": "0",
                                    "bottom": "0",
                                    "left": "0",
                                    "isLinked": false
                                },
                                "__globals__": {
                                    "typography_typography": "globals\/typography?id=primary",
                                    "title_color": "globals\/colors?id=secondary"
                                },
                                "title_color": "#96849C",
                                "header_size": "h3"
                            },
                            "elements": [],
                            "isInner": false,
                            "widgetType": "heading",
                            "elType": "widget"
                        },
                        {
                            "id": "35d4ec98",
                            "settings": {
                                "section_editor": "",
                                "editor": "<p>Aenean non eros ullamcorper, vulputate lectus nec, facilisis neque. Ut ullamcorper enim sem, id molestie leo feugiat sit amet. Integer non fringilla urna. Proin convallis maximus semper. Nulla et elit aliquet, molestie dolor vitae, vestibulum tortor. Praesent ut ipsum in felis ornare blandit nec nec sapien. Praesent ex neque, venenatis eget cursus at, auctor id lectus. Nullam ac purus massa. Nulla id ultrices tellus. Nam a dictum sapien. Morbi et velit ut augue faucibus molestie sit amet egestas purus. Nunc gravida varius gravida.<\/p><p>Aenean consequat eget ante quis faucibus. Donec ornare, odio a porttitor lobortis, tellus nisi blandit nulla, ut vehicula sapien nisl sodales sapien. Vestibulum diam arcu, lobortis id dictum ut, dapibus nec libero. Aliquam efficitur erat sed elit aliquam porta. Vivamus blandit ultricies ante, eu consectetur elit tristique quis. Ut eleifend lectus vitae libero vehicula malesuada. Phasellus faucibus elementum neque, quis fringilla elit tempus eget. Curabitur sed nisl ac nisi tincidunt bibendum eu sed augue. Ut fringilla hendrerit magna nec tincidunt. Vivamus id vehicula nibh.<\/p>",
                                "section_style": "",
                                "align": "left",
                                "_section_style": "",
                                "_padding": {
                                    "unit": "px",
                                    "top": "0",
                                    "right": "0",
                                    "bottom": "0",
                                    "left": "0",
                                    "isLinked": ""
                                },
                                "_section_background": "",
                                "_box_shadow_box_shadow": {
                                    "horizontal": "0",
                                    "vertical": "0",
                                    "blur": "10",
                                    "spread": "0",
                                    "inset": "",
                                    "color": "rgba(0,0,0,0.5)"
                                },
                                "_section_responsive": "",
                                "responsive_description": "",
                                "__globals__": {
                                    "text_color": "globals\/colors?id=text",
                                    "typography_typography": "globals\/typography?id=text"
                                }
                            },
                            "elements": [],
                            "isInner": false,
                            "widgetType": "text-editor",
                            "elType": "widget"
                        },
                        {
                            "id": "c6a7419",
                            "settings": {
                                "social_icon_list": [
                                    {
                                        "social_icon": {
                                            "value": "fab fa-facebook-f",
                                            "library": "fa-brands"
                                        },
                                        "_id": "f2b4ae9"
                                    },
                                    {
                                        "social_icon": {
                                            "value": "fab fa-twitter",
                                            "library": "fa-brands"
                                        },
                                        "_id": "ba55e07"
                                    },
                                    {
                                        "social_icon": {
                                            "value": "fab fa-instagram",
                                            "library": "fa-brands"
                                        },
                                        "_id": "0f1d6e8"
                                    }
                                ],
                                "icon_color": "custom",
                                "icon_primary_color": "#FFFFFF00",
                                "icon_secondary_color": "#FFCDCB",
                                "icon_size": {
                                    "unit": "px",
                                    "size": 16,
                                    "sizes": []
                                },
                                "icon_padding": {
                                    "unit": "em",
                                    "size": 0.6999999999999999555910790149937383830547332763671875,
                                    "sizes": []
                                },
                                "icon_spacing": {
                                    "unit": "px",
                                    "size": 19,
                                    "sizes": []
                                },
                                "image_border_border": "solid",
                                "image_border_color": "#FFCDCB",
                                "border_radius": {
                                    "unit": "px",
                                    "top": "50",
                                    "right": "50",
                                    "bottom": "50",
                                    "left": "50",
                                    "isLinked": true
                                },
                                "hover_primary_color": "#96849C",
                                "hover_secondary_color": "#FFFFFF",
                                "_margin": {
                                    "unit": "px",
                                    "top": "0",
                                    "right": "0",
                                    "bottom": "0",
                                    "left": "0",
                                    "isLinked": false
                                },
                                "align": "left",
                                "image_border_width": {
                                    "unit": "px",
                                    "top": "1",
                                    "right": "1",
                                    "bottom": "1",
                                    "left": "1",
                                    "isLinked": true
                                },
                                "_padding": {
                                    "unit": "px",
                                    "top": "0",
                                    "right": "0",
                                    "bottom": "0",
                                    "left": "0",
                                    "isLinked": true
                                },
                                "__globals__": {
                                    "icon_secondary_color": "globals\/colors?id=primary",
                                    "image_border_color": "globals\/colors?id=primary",
                                    "hover_primary_color": "globals\/colors?id=primary",
                                    "hover_border_color": ""
                                }
                            },
                            "elements": [],
                            "isInner": false,
                            "widgetType": "social-icons",
                            "elType": "widget"
                        }
                    ],
                    "isInner": false,
                    "elType": "column"
                }
            ],
            "isInner": false,
            "elType": "section"
        },
        {
            "id": "3f6de52c",
            "settings": {
                "structure": "20",
                "background_background": "classic",
                "background_xpos": {
                    "unit": "px",
                    "size": -207,
                    "sizes": []
                },
                "background_repeat": "no-repeat",
                "background_overlay_color": "#FFCDCB00",
                "background_overlay_color_stop": {
                    "unit": "%",
                    "size": 48,
                    "sizes": []
                },
                "background_overlay_color_b": "#FFF9F4",
                "background_overlay_color_b_stop": {
                    "unit": "%",
                    "size": 24,
                    "sizes": []
                },
                "background_overlay_gradient_angle": {
                    "unit": "deg",
                    "size": 90,
                    "sizes": []
                },
                "background_overlay_opacity": {
                    "unit": "px",
                    "size": 1,
                    "sizes": []
                },
                "padding": {
                    "unit": "em",
                    "top": "6",
                    "right": "1",
                    "bottom": "6",
                    "left": "1",
                    "isLinked": false
                },
                "__globals__": {
                    "background_color": "",
                    "background_overlay_color": "",
                    "background_overlay_color_b": "globals\/colors?id=accent"
                },
                "background_ypos": {
                    "unit": "px",
                    "size": -174,
                    "sizes": []
                }
            },
            "elements": [
                {
                    "id": "69c8d917",
                    "settings": {
                        "_column_size": 50,
                        "_inline_size": null,
                        "padding": {
                            "unit": "em",
                            "top": "1",
                            "right": "1",
                            "bottom": "1",
                            "left": "1",
                            "isLinked": true
                        }
                    },
                    "elements": [
                        {
                            "id": "39ba78be",
                            "settings": {
                                "selected_icon": {
                                    "value": "fas fa-dove",
                                    "library": "fa-solid"
                                },
                                "align": "left",
                                "__globals__": {
                                    "primary_color": ""
                                },
                                "primary_color": "#FFCDCB",
                                "size": {
                                    "unit": "px",
                                    "size": 36,
                                    "sizes": []
                                }
                            },
                            "elements": [],
                            "isInner": false,
                            "widgetType": "icon",
                            "elType": "widget"
                        },
                        {
                            "id": "fe9fe74",
                            "settings": {
                                "title": "Henry",
                                "align": "left",
                                "_margin": {
                                    "unit": "px",
                                    "top": "0",
                                    "right": "0",
                                    "bottom": "0",
                                    "left": "0",
                                    "isLinked": false
                                },
                                "__globals__": {
                                    "typography_typography": "globals\/typography?id=primary",
                                    "title_color": "globals\/colors?id=secondary"
                                },
                                "title_color": "#96849C",
                                "header_size": "h3"
                            },
                            "elements": [],
                            "isInner": false,
                            "widgetType": "heading",
                            "elType": "widget"
                        },
                        {
                            "id": "2afa1190",
                            "settings": {
                                "section_editor": "",
                                "editor": "<p>Aenean non eros ullamcorper, vulputate lectus nec, facilisis neque. Ut ullamcorper enim sem, id molestie leo feugiat sit amet. Integer non fringilla urna. Proin convallis maximus semper. Nulla et elit aliquet, molestie dolor vitae, vestibulum tortor. Praesent ut ipsum in felis ornare blandit nec nec sapien. Praesent ex neque, venenatis eget cursus at, auctor id lectus. Nullam ac purus massa. Nulla id ultrices tellus. Nam a dictum sapien. Morbi et velit ut augue faucibus molestie sit amet egestas purus. Nunc gravida varius gravida.<\/p><p>Aenean consequat eget ante quis faucibus. Donec ornare, odio a porttitor lobortis, tellus nisi blandit nulla, ut vehicula sapien nisl sodales sapien. Vestibulum diam arcu, lobortis id dictum ut, dapibus nec libero. Aliquam efficitur erat sed elit aliquam porta. Vivamus blandit ultricies ante, eu consectetur elit tristique quis. Ut eleifend lectus vitae libero vehicula malesuada. Phasellus faucibus elementum neque, quis fringilla elit tempus eget. Curabitur sed nisl ac nisi tincidunt bibendum eu sed augue. Ut fringilla hendrerit magna nec tincidunt. Vivamus id vehicula nibh.<\/p>",
                                "section_style": "",
                                "align": "left",
                                "_section_style": "",
                                "_padding": {
                                    "unit": "px",
                                    "top": "0",
                                    "right": "0",
                                    "bottom": "0",
                                    "left": "0",
                                    "isLinked": ""
                                },
                                "_section_background": "",
                                "_box_shadow_box_shadow": {
                                    "horizontal": "0",
                                    "vertical": "0",
                                    "blur": "10",
                                    "spread": "0",
                                    "inset": "",
                                    "color": "rgba(0,0,0,0.5)"
                                },
                                "_section_responsive": "",
                                "responsive_description": "",
                                "__globals__": {
                                    "text_color": "globals\/colors?id=text",
                                    "typography_typography": "globals\/typography?id=text"
                                }
                            },
                            "elements": [],
                            "isInner": false,
                            "widgetType": "text-editor",
                            "elType": "widget"
                        },
                        {
                            "id": "619e488a",
                            "settings": {
                                "social_icon_list": [
                                    {
                                        "social_icon": {
                                            "value": "fab fa-facebook-f",
                                            "library": "fa-brands"
                                        },
                                        "_id": "f2b4ae9"
                                    },
                                    {
                                        "social_icon": {
                                            "value": "fab fa-twitter",
                                            "library": "fa-brands"
                                        },
                                        "_id": "ba55e07"
                                    },
                                    {
                                        "social_icon": {
                                            "value": "fab fa-instagram",
                                            "library": "fa-brands"
                                        },
                                        "_id": "0f1d6e8"
                                    }
                                ],
                                "icon_color": "custom",
                                "icon_primary_color": "#FFFFFF00",
                                "icon_secondary_color": "#FFCDCB",
                                "icon_size": {
                                    "unit": "px",
                                    "size": 16,
                                    "sizes": []
                                },
                                "icon_padding": {
                                    "unit": "em",
                                    "size": 0.6999999999999999555910790149937383830547332763671875,
                                    "sizes": []
                                },
                                "icon_spacing": {
                                    "unit": "px",
                                    "size": 19,
                                    "sizes": []
                                },
                                "image_border_border": "solid",
                                "image_border_color": "#FFCDCB",
                                "border_radius": {
                                    "unit": "px",
                                    "top": "50",
                                    "right": "50",
                                    "bottom": "50",
                                    "left": "50",
                                    "isLinked": true
                                },
                                "hover_primary_color": "#96849C",
                                "hover_secondary_color": "#FFFFFF",
                                "_margin": {
                                    "unit": "px",
                                    "top": "0",
                                    "right": "0",
                                    "bottom": "0",
                                    "left": "0",
                                    "isLinked": false
                                },
                                "align": "left",
                                "image_border_width": {
                                    "unit": "px",
                                    "top": "1",
                                    "right": "1",
                                    "bottom": "1",
                                    "left": "1",
                                    "isLinked": true
                                },
                                "_padding": {
                                    "unit": "px",
                                    "top": "0",
                                    "right": "0",
                                    "bottom": "0",
                                    "left": "0",
                                    "isLinked": true
                                },
                                "__globals__": {
                                    "icon_secondary_color": "globals\/colors?id=primary",
                                    "image_border_color": "globals\/colors?id=primary",
                                    "hover_primary_color": "globals\/colors?id=primary",
                                    "hover_border_color": ""
                                }
                            },
                            "elements": [],
                            "isInner": false,
                            "widgetType": "social-icons",
                            "elType": "widget"
                        }
                    ],
                    "isInner": false,
                    "elType": "column"
                },
                {
                    "id": "77256e85",
                    "settings": {
                        "_column_size": 50,
                        "_inline_size": null,
                        "padding": {
                            "unit": "em",
                            "top": "01",
                            "right": "01",
                            "bottom": "01",
                            "left": "01",
                            "isLinked": true
                        },
                        "background_color": "#FFFFFF",
                        "border_radius": {
                            "unit": "px",
                            "top": "5",
                            "right": "5",
                            "bottom": "5",
                            "left": "5",
                            "isLinked": true
                        },
                        "box_shadow_box_shadow": {
                            "horizontal": 1,
                            "vertical": 7,
                            "blur": 25,
                            "spread": 2,
                            "color": "rgba(205.5, 164.78652646502837, 137.14891304347827, 0.22)"
                        },
                        "margin": {
                            "unit": "em",
                            "top": "0",
                            "right": "0",
                            "bottom": "0",
                            "left": "0",
                            "isLinked": true
                        }
                    },
                    "elements": [
                        {
                            "id": "46b0bcfe",
                            "settings": [],
                            "elements": [
                                {
                                    "id": "b146595",
                                    "settings": {
                                        "_column_size": 100,
                                        "_inline_size": null,
                                        "background_background": "classic",
                                        "background_color": "#FFFFFF",
                                        "border_radius": {
                                            "unit": "px",
                                            "top": "5",
                                            "right": "5",
                                            "bottom": "5",
                                            "left": "5",
                                            "isLinked": true
                                        },
                                        "box_shadow_box_shadow_type": "yes",
                                        "box_shadow_box_shadow": {
                                            "horizontal": 1,
                                            "vertical": 7,
                                            "blur": 25,
                                            "spread": 2,
                                            "color": "rgba(199.5, 199.5, 199.5, 0.22)"
                                        },
                                        "margin": {
                                            "unit": "em",
                                            "top": "-1",
                                            "right": "0",
                                            "bottom": "0",
                                            "left": "0",
                                            "isLinked": false
                                        },
                                        "padding": {
                                            "unit": "em",
                                            "top": "1",
                                            "right": "1",
                                            "bottom": "1",
                                            "left": "1",
                                            "isLinked": true
                                        },
                                        "__globals__": {
                                            "background_color": ""
                                        }
                                    },
                                    "elements": [
                                        {
                                            "id": "47e79ede",
                                            "settings": {
                                                "image": {
                                                    "url": "http:\/\/elementor.doodlias.com\/wedoo\/wp-content\/uploads\/sites\/6\/2020\/08\/Hen.jpg",
                                                    "id": 33
                                                },
                                                "image_size": "full",
                                                "image_border_radius": {
                                                    "unit": "px",
                                                    "top": "25",
                                                    "right": "25",
                                                    "bottom": "25",
                                                    "left": "25",
                                                    "isLinked": true
                                                }
                                            },
                                            "elements": [],
                                            "isInner": false,
                                            "widgetType": "image",
                                            "elType": "widget"
                                        }
                                    ],
                                    "isInner": true,
                                    "elType": "column"
                                }
                            ],
                            "isInner": true,
                            "elType": "section"
                        }
                    ],
                    "isInner": false,
                    "elType": "column"
                }
            ],
            "isInner": false,
            "elType": "section"
        },
        {
            "id": "5da2c8e9",
            "settings": {
                "stretch_section": "section-stretched",
                "custom_height": {
                    "unit": "px",
                    "size": 380
                },
                "content_position": "middle",
                "background_background": "classic",
                "background_position": "bottom right",
                "background_repeat": "no-repeat",
                "background_size": "cover",
                "background_overlay_background": "classic",
                "padding": {
                    "unit": "em",
                    "top": "6",
                    "right": "1",
                    "bottom": "6",
                    "left": "1",
                    "isLinked": false
                },
                "content_width": {
                    "unit": "px",
                    "size": ""
                },
                "background_attachment": "fixed",
                "background_overlay_opacity": {
                    "unit": "px",
                    "size": 0.1499999999999999944488848768742172978818416595458984375,
                    "sizes": []
                },
                "margin": {
                    "unit": "px",
                    "top": "0",
                    "right": 0,
                    "bottom": "0",
                    "left": 0,
                    "isLinked": true
                },
                "background_overlay_image": {
                    "url": "http:\/\/elementor.doodlias.com\/wedoo\/wp-content\/uploads\/sites\/6\/2020\/08\/Gallery6.jpg",
                    "id": 159
                },
                "background_overlay_attachment": "fixed",
                "background_overlay_repeat": "no-repeat",
                "background_overlay_size": "cover",
                "overlay_blend_mode": "overlay",
                "__globals__": {
                    "background_color": "globals\/colors?id=secondary",
                    "background_overlay_color": ""
                }
            },
            "elements": [
                {
                    "id": "26506a81",
                    "settings": {
                        "_column_size": 100,
                        "_inline_size": 100,
                        "space_between_widgets": 15,
                        "padding_tablet": {
                            "unit": "px",
                            "top": "0",
                            "right": "20",
                            "bottom": "0",
                            "left": "20",
                            "isLinked": false
                        },
                        "align": "center"
                    },
                    "elements": [
                        {
                            "id": "36f8e698",
                            "settings": {
                                "structure": "20",
                                "margin": {
                                    "unit": "em",
                                    "top": "0",
                                    "right": 0,
                                    "bottom": "0",
                                    "left": 0,
                                    "isLinked": false
                                }
                            },
                            "elements": [
                                {
                                    "id": "4d5686e",
                                    "settings": {
                                        "_column_size": 50,
                                        "_inline_size": 80.2660000000000053432813729159533977508544921875,
                                        "padding": {
                                            "unit": "em",
                                            "top": "1",
                                            "right": "1",
                                            "bottom": "1",
                                            "left": "1",
                                            "isLinked": true
                                        }
                                    },
                                    "elements": [
                                        {
                                            "id": "16ea74fe",
                                            "settings": {
                                                "title": "Be a Witness of Our Love",
                                                "align": "left",
                                                "typography_typography": "custom",
                                                "typography_font_size": {
                                                    "unit": "px",
                                                    "size": 60
                                                },
                                                "typography_text_transform": "none",
                                                "typography_line_height": {
                                                    "unit": "em",
                                                    "size": ""
                                                },
                                                "typography_letter_spacing": {
                                                    "unit": "px",
                                                    "size": ""
                                                },
                                                "_margin": {
                                                    "unit": "px",
                                                    "top": "",
                                                    "right": "",
                                                    "bottom": "",
                                                    "left": "",
                                                    "isLinked": false
                                                },
                                                "typography_line_height_mobile": {
                                                    "unit": "em",
                                                    "size": 1.100000000000000088817841970012523233890533447265625
                                                },
                                                "typography_font_family": "Abril Fatface",
                                                "_element_custom_width": {
                                                    "unit": "px",
                                                    "size": 700,
                                                    "sizes": []
                                                },
                                                "__globals__": {
                                                    "title_color": "globals\/colors?id=accent"
                                                },
                                                "align_mobile": "left",
                                                "typography_font_size_mobile": {
                                                    "unit": "px",
                                                    "size": 50.52000000000000312638803734444081783294677734375,
                                                    "sizes": []
                                                }
                                            },
                                            "elements": [],
                                            "isInner": false,
                                            "widgetType": "heading",
                                            "elType": "widget"
                                        },
                                        {
                                            "id": "d9e18c1",
                                            "settings": {
                                                "align": "left",
                                                "text_color": "#ffffff",
                                                "typography_typography": "custom",
                                                "typography_font_size": {
                                                    "unit": "px",
                                                    "size": 15
                                                },
                                                "typography_font_weight": "300",
                                                "typography_line_height": {
                                                    "unit": "px",
                                                    "size": ""
                                                },
                                                "_padding_tablet": {
                                                    "unit": "px",
                                                    "top": "0",
                                                    "right": "0",
                                                    "bottom": "0",
                                                    "left": "0",
                                                    "isLinked": true
                                                },
                                                "typography_font_family": "Open Sans",
                                                "_margin": {
                                                    "unit": "em",
                                                    "top": "",
                                                    "right": "",
                                                    "bottom": "",
                                                    "left": "",
                                                    "isLinked": true
                                                },
                                                "_element_custom_width": {
                                                    "unit": "px",
                                                    "size": 700,
                                                    "sizes": []
                                                }
                                            },
                                            "elements": [],
                                            "isInner": false,
                                            "widgetType": "text-editor",
                                            "elType": "widget"
                                        }
                                    ],
                                    "isInner": true,
                                    "elType": "column"
                                },
                                {
                                    "id": "ade83fc",
                                    "settings": {
                                        "_column_size": 50,
                                        "_inline_size": 19.690999999999998948396751075051724910736083984375,
                                        "content_position": "center",
                                        "border_border": "solid",
                                        "border_width": {
                                            "unit": "px",
                                            "top": "0",
                                            "right": "0",
                                            "bottom": "0",
                                            "left": "1",
                                            "isLinked": false
                                        },
                                        "padding": {
                                            "unit": "em",
                                            "top": "1",
                                            "right": "1",
                                            "bottom": "1",
                                            "left": "1",
                                            "isLinked": true
                                        },
                                        "__globals__": {
                                            "border_color": "globals\/colors?id=accent"
                                        },
                                        "border_width_mobile": {
                                            "unit": "px",
                                            "top": "0",
                                            "right": "0",
                                            "bottom": "0",
                                            "left": "0",
                                            "isLinked": true
                                        }
                                    },
                                    "elements": [
                                        {
                                            "id": "7ca59452",
                                            "settings": {
                                                "text": "RSVP",
                                                "align": "right",
                                                "text_padding": {
                                                    "unit": "px",
                                                    "top": "18",
                                                    "right": "50",
                                                    "bottom": "18",
                                                    "left": "50",
                                                    "isLinked": false
                                                },
                                                "align_mobile": "justify"
                                            },
                                            "elements": [],
                                            "isInner": false,
                                            "widgetType": "button",
                                            "elType": "widget"
                                        }
                                    ],
                                    "isInner": true,
                                    "elType": "column"
                                }
                            ],
                            "isInner": true,
                            "elType": "section"
                        }
                    ],
                    "isInner": false,
                    "elType": "column"
                }
            ],
            "isInner": false,
            "elType": "section"
        }
    ],
    "page_settings": {
        "eael_ext_toc_title": "Table of Contents",
        "hide_title": "yes",
        "template": "elementor_header_footer"
    }
}