{
    "version": "0.4",
    "title": "Contact",
    "type": "page",
    "metadata": {
        "template_type": "single-page",
        "include_in_zip": "1",
        "elementor_pro_required": null,
        "wp_page_template": "elementor_header_footer"
    },
    "content": [
        {
            "id": "1ce44b61",
            "settings": {
                "stretch_section": "section-stretched",
                "content_width": {
                    "unit": "px",
                    "size": 1280,
                    "sizes": []
                },
                "custom_height": {
                    "unit": "px",
                    "size": 310,
                    "sizes": []
                },
                "background_background": "classic",
                "background_color": "#ffffff",
                "background_slideshow_gallery": [
                    {
                        "id": 20,
                        "url": "http:\/\/elementor.doodlias.com\/wenvite\/wp-content\/uploads\/sites\/6\/2020\/08\/slid1.jpg"
                    },
                    {
                        "id": 30,
                        "url": "http:\/\/elementor.doodlias.com\/wenvite\/wp-content\/uploads\/sites\/6\/2020\/08\/slid2.jpg"
                    },
                    {
                        "id": 40,
                        "url": "http:\/\/elementor.doodlias.com\/wenvite\/wp-content\/uploads\/sites\/6\/2020\/08\/slid3.jpg"
                    }
                ],
                "background_slideshow_background_size": "cover",
                "background_slideshow_ken_burns": "yes",
                "background_slideshow_ken_burns_zoom_direction": "out",
                "background_overlay_background": "classic",
                "background_overlay_color": "#606B70",
                "css_filters_css_filter": "custom",
                "overlay_blend_mode": "multiply",
                "border_border": "solid",
                "border_width": {
                    "unit": "px",
                    "top": "20",
                    "right": "20",
                    "bottom": "20",
                    "left": "20",
                    "isLinked": true
                },
                "border_color": "#FFFFFF",
                "border_radius": {
                    "unit": "px",
                    "top": "0",
                    "right": "0",
                    "bottom": "0",
                    "left": "0",
                    "isLinked": true
                },
                "margin": {
                    "unit": "em",
                    "top": "-9.5",
                    "right": 0,
                    "bottom": "0",
                    "left": 0,
                    "isLinked": false
                },
                "padding": {
                    "unit": "em",
                    "top": "12",
                    "right": "1",
                    "bottom": "6",
                    "left": "1",
                    "isLinked": false
                },
                "padding_mobile": {
                    "unit": "em",
                    "top": "",
                    "right": "",
                    "bottom": "",
                    "left": "",
                    "isLinked": true
                },
                "layout": "full_width",
                "background_image": {
                    "url": "http:\/\/elementor.doodlias.com\/wedoo\/wp-content\/uploads\/sites\/6\/2020\/08\/h1.jpg",
                    "id": 781
                },
                "background_repeat": "no-repeat",
                "background_size": "cover",
                "background_position_tablet": "center center",
                "background_repeat_tablet": "no-repeat",
                "background_size_tablet": "cover",
                "background_ypos": {
                    "unit": "em",
                    "size": -35.2000000000000028421709430404007434844970703125,
                    "sizes": []
                },
                "margin_tablet": {
                    "unit": "em",
                    "top": "-8",
                    "right": 0,
                    "bottom": "0",
                    "left": 0,
                    "isLinked": false
                },
                "padding_tablet": {
                    "unit": "em",
                    "top": "",
                    "right": "",
                    "bottom": "",
                    "left": "",
                    "isLinked": true
                },
                "margin_mobile": {
                    "unit": "em",
                    "top": "-9",
                    "right": 0,
                    "bottom": "0",
                    "left": 0,
                    "isLinked": false
                },
                "background_position": "center center"
            },
            "elements": [
                {
                    "id": "36da7259",
                    "settings": {
                        "_column_size": 100,
                        "_inline_size": null
                    },
                    "elements": [
                        {
                            "id": "6a0d122",
                            "settings": {
                                "title": "Contact Us",
                                "align": "center",
                                "_element_vertical_align": "center",
                                "__globals__": {
                                    "title_color": "",
                                    "typography_typography": ""
                                },
                                "header_size": "h1",
                                "title_color": "#FFFFFF",
                                "typography_typography": "custom",
                                "typography_font_family": "Abril Fatface",
                                "typography_font_size_mobile": {
                                    "unit": "px",
                                    "size": 50.52000000000000312638803734444081783294677734375,
                                    "sizes": []
                                },
                                "typography_font_weight": "400"
                            },
                            "elements": [],
                            "isInner": false,
                            "widgetType": "heading",
                            "elType": "widget"
                        }
                    ],
                    "isInner": false,
                    "elType": "column"
                }
            ],
            "isInner": false,
            "elType": "section"
        },
        {
            "id": "37c9a835",
            "settings": {
                "structure": "20",
                "custom_height": {
                    "unit": "px",
                    "size": 800,
                    "sizes": []
                },
                "background_background": "classic",
                "background_repeat": "no-repeat",
                "background_size": "cover",
                "background_overlay_background": "classic",
                "background_overlay_color": "#FFFFFF",
                "background_overlay_opacity": {
                    "unit": "px",
                    "size": 0.79000000000000003552713678800500929355621337890625,
                    "sizes": []
                },
                "background_color": "#FFFFFF",
                "margin": {
                    "unit": "em",
                    "top": "",
                    "right": 0,
                    "bottom": "",
                    "left": 0,
                    "isLinked": false
                },
                "padding": {
                    "unit": "em",
                    "top": "6",
                    "right": "1",
                    "bottom": "6",
                    "left": "1",
                    "isLinked": false
                },
                "padding_tablet": {
                    "unit": "em",
                    "top": "",
                    "right": "",
                    "bottom": "",
                    "left": "",
                    "isLinked": true
                }
            },
            "elements": [
                {
                    "id": "672c7e14",
                    "settings": {
                        "_column_size": 50,
                        "_inline_size": null,
                        "margin": {
                            "unit": "em",
                            "top": "",
                            "right": "",
                            "bottom": "",
                            "left": "",
                            "isLinked": true
                        },
                        "_inline_size_tablet": 50,
                        "padding": {
                            "unit": "em",
                            "top": "1",
                            "right": "1",
                            "bottom": "1",
                            "left": "1",
                            "isLinked": true
                        },
                        "padding_mobile": {
                            "unit": "em",
                            "top": "",
                            "right": "",
                            "bottom": "",
                            "left": "",
                            "isLinked": true
                        },
                        "padding_tablet": {
                            "unit": "em",
                            "top": "",
                            "right": "",
                            "bottom": "",
                            "left": "",
                            "isLinked": true
                        }
                    },
                    "elements": [
                        {
                            "id": "36a667e4",
                            "settings": {
                                "selected_icon": {
                                    "value": "fas fa-dove",
                                    "library": "fa-solid"
                                },
                                "__globals__": {
                                    "primary_color": "globals\/colors?id=primary"
                                },
                                "align": "left",
                                "align_tablet": "left",
                                "size": {
                                    "unit": "px",
                                    "size": 36,
                                    "sizes": []
                                },
                                "align_mobile": "center"
                            },
                            "elements": [],
                            "isInner": false,
                            "widgetType": "icon",
                            "elType": "widget"
                        },
                        {
                            "id": "39417c7e",
                            "settings": {
                                "title": "Save The Date",
                                "header_size": "h3",
                                "__globals__": {
                                    "typography_typography": "",
                                    "title_color": "globals\/colors?id=secondary"
                                },
                                "title_color": "#96849C",
                                "typography_typography": "custom",
                                "typography_font_family": "Abril Fatface",
                                "typography_font_size": {
                                    "unit": "px",
                                    "size": 37.89999999999999857891452847979962825775146484375,
                                    "sizes": []
                                },
                                "typography_font_weight": "normal"
                            },
                            "elements": [],
                            "isInner": false,
                            "widgetType": "heading",
                            "elType": "widget"
                        },
                        {
                            "id": "20d5ee8e",
                            "settings": {
                                "title": "27.12.20",
                                "align_tablet": "left",
                                "_margin_mobile": {
                                    "unit": "px",
                                    "top": "0",
                                    "right": "0",
                                    "bottom": "0",
                                    "left": "0",
                                    "isLinked": false
                                },
                                "_padding_mobile": {
                                    "unit": "px",
                                    "top": "0",
                                    "right": "0",
                                    "bottom": "0",
                                    "left": "0",
                                    "isLinked": false
                                },
                                "__globals__": {
                                    "typography_typography": "",
                                    "title_color": "globals\/colors?id=primary"
                                },
                                "title_color": "#96849C",
                                "typography_typography": "custom",
                                "typography_font_family": "Abril Fatface",
                                "typography_font_size": {
                                    "unit": "px",
                                    "size": 89.7600000000000051159076974727213382720947265625,
                                    "sizes": []
                                },
                                "typography_font_size_mobile": {
                                    "unit": "px",
                                    "size": 67.340000000000003410605131648480892181396484375,
                                    "sizes": []
                                },
                                "typography_font_weight": "normal"
                            },
                            "elements": [],
                            "isInner": false,
                            "widgetType": "heading",
                            "elType": "widget"
                        },
                        {
                            "id": "43b297c",
                            "settings": {
                                "editor": "<p>3688 Hickory Heights Drive<\/p><p>Baltimore, MD 2120<\/p><p><b>T:<\/b> (01) 480-502-8196<\/p><p><b>F:<\/b> (01) 480-502-8185<\/p><p><b>E<\/b>: company@mail.com<\/p>",
                                "align_tablet": "left",
                                "_padding_tablet": {
                                    "unit": "px",
                                    "top": "0",
                                    "right": "0",
                                    "bottom": "0",
                                    "left": "0",
                                    "isLinked": true
                                },
                                "__globals__": {
                                    "typography_typography": "globals\/typography?id=text",
                                    "text_color": "globals\/colors?id=text"
                                },
                                "text_color": "#7A7A7A"
                            },
                            "elements": [],
                            "isInner": false,
                            "widgetType": "text-editor",
                            "elType": "widget"
                        },
                        {
                            "id": "753798a1",
                            "settings": {
                                "image": {
                                    "url": "http:\/\/elementor.doodlias.com\/wedoo\/wp-content\/uploads\/sites\/6\/2020\/08\/vidcover.jpg",
                                    "id": 191
                                }
                            },
                            "elements": [],
                            "isInner": false,
                            "widgetType": "image",
                            "elType": "widget"
                        }
                    ],
                    "isInner": false,
                    "elType": "column"
                },
                {
                    "id": "e7f3635",
                    "settings": {
                        "_column_size": 50,
                        "_inline_size": null,
                        "_inline_size_tablet": 50,
                        "margin_mobile": {
                            "unit": "px",
                            "top": "0",
                            "right": "0",
                            "bottom": "0",
                            "left": "0",
                            "isLinked": false
                        },
                        "padding_tablet": {
                            "unit": "em",
                            "top": "",
                            "right": "",
                            "bottom": "",
                            "left": "",
                            "isLinked": true
                        },
                        "padding_mobile": {
                            "unit": "em",
                            "top": "",
                            "right": "",
                            "bottom": "",
                            "left": "",
                            "isLinked": false
                        },
                        "margin": {
                            "unit": "em",
                            "top": "0",
                            "right": "0",
                            "bottom": "0",
                            "left": "0",
                            "isLinked": true
                        },
                        "padding": {
                            "unit": "em",
                            "top": "1",
                            "right": "1",
                            "bottom": "1",
                            "left": "1",
                            "isLinked": true
                        },
                        "__globals__": {
                            "background_color": "globals\/colors?id=accent"
                        }
                    },
                    "elements": [
                        {
                            "id": "422e2d75",
                            "settings": {
                                "selected_icon": {
                                    "value": "fas fa-dove",
                                    "library": "fa-solid"
                                },
                                "__globals__": {
                                    "primary_color": "globals\/colors?id=primary"
                                },
                                "align": "left",
                                "align_tablet": "left",
                                "size": {
                                    "unit": "px",
                                    "size": 36,
                                    "sizes": []
                                },
                                "align_mobile": "center"
                            },
                            "elements": [],
                            "isInner": false,
                            "widgetType": "icon",
                            "elType": "widget"
                        },
                        {
                            "id": "4b3f362f",
                            "settings": {
                                "title": "Get In touch",
                                "align_tablet": "left",
                                "__globals__": {
                                    "typography_typography": "",
                                    "title_color": "globals\/colors?id=secondary"
                                },
                                "title_color": "#96849C",
                                "typography_typography": "custom",
                                "typography_font_family": "Abril Fatface",
                                "typography_font_size": {
                                    "unit": "px",
                                    "size": 50.52000000000000312638803734444081783294677734375,
                                    "sizes": []
                                },
                                "typography_font_size_mobile": {
                                    "unit": "px",
                                    "size": 37.89999999999999857891452847979962825775146484375,
                                    "sizes": []
                                },
                                "typography_font_weight": "normal",
                                "align_mobile": "center"
                            },
                            "elements": [],
                            "isInner": false,
                            "widgetType": "heading",
                            "elType": "widget"
                        },
                        {
                            "id": "14a624f6",
                            "settings": {
                                "contact_form_list": "27",
                                "text_indent": {
                                    "unit": "%",
                                    "size": "",
                                    "sizes": []
                                },
                                "input_width": {
                                    "unit": "%",
                                    "size": 100,
                                    "sizes": []
                                },
                                "textarea_width": {
                                    "unit": "%",
                                    "size": 100,
                                    "sizes": []
                                },
                                "_padding": {
                                    "unit": "em",
                                    "top": "2",
                                    "right": "2",
                                    "bottom": "2",
                                    "left": "2",
                                    "isLinked": true
                                },
                                "_background_background": "classic",
                                "_border_radius": {
                                    "unit": "px",
                                    "top": "10",
                                    "right": "10",
                                    "bottom": "10",
                                    "left": "10",
                                    "isLinked": true
                                },
                                "__globals__": {
                                    "_background_color": "globals\/colors?id=accent",
                                    "typography_label_typography": ""
                                },
                                "input_spacing": {
                                    "unit": "px",
                                    "size": 15,
                                    "sizes": []
                                },
                                "typography_label_typography": "custom",
                                "typography_label_font_family": "Open Sans",
                                "typography_label_font_weight": "400",
                                "typography_label_line_height": {
                                    "unit": "em",
                                    "size": 2,
                                    "sizes": []
                                },
                                "button_width": {
                                    "unit": "px",
                                    "size": "",
                                    "sizes": []
                                },
                                "button_padding": {
                                    "unit": "px",
                                    "top": "18",
                                    "right": "50",
                                    "bottom": "16",
                                    "left": "50",
                                    "isLinked": false
                                },
                                "_background_color": "#FFF9F4",
                                "_padding_tablet": {
                                    "unit": "em",
                                    "top": "1",
                                    "right": "1",
                                    "bottom": "1",
                                    "left": "1",
                                    "isLinked": true
                                },
                                "button_width_mobile": {
                                    "unit": "%",
                                    "size": 100,
                                    "sizes": []
                                }
                            },
                            "elements": [],
                            "isInner": false,
                            "widgetType": "pp-contact-form-7",
                            "elType": "widget"
                        }
                    ],
                    "isInner": false,
                    "elType": "column"
                }
            ],
            "isInner": false,
            "elType": "section"
        },
        {
            "id": "4d8e2fb1",
            "settings": {
                "layout": "full_width",
                "margin": {
                    "unit": "em",
                    "top": "",
                    "right": 0,
                    "bottom": "",
                    "left": 0,
                    "isLinked": false
                }
            },
            "elements": [
                {
                    "id": "7e00bb47",
                    "settings": {
                        "_column_size": 100,
                        "_inline_size": null
                    },
                    "elements": [
                        {
                            "id": "dc68f4c",
                            "settings": {
                                "address": "London Eye, London, United Kingdom",
                                "height": {
                                    "unit": "px",
                                    "size": 650,
                                    "sizes": []
                                },
                                "css_filters_css_filter": "custom",
                                "css_filters_saturate": {
                                    "unit": "px",
                                    "size": 0,
                                    "sizes": []
                                }
                            },
                            "elements": [],
                            "isInner": false,
                            "widgetType": "google_maps",
                            "elType": "widget"
                        }
                    ],
                    "isInner": false,
                    "elType": "column"
                }
            ],
            "isInner": false,
            "elType": "section"
        }
    ],
    "page_settings": {
        "eael_ext_toc_title": "Table of Contents",
        "hide_title": "yes",
        "template": "elementor_header_footer"
    }
}