{
    "version": "0.4",
    "title": "Footer",
    "type": "section",
    "metadata": {
        "template_type": "section-footer",
        "include_in_zip": "1",
        "elementor_pro_required": null,
        "wp_page_template": "elementor_canvas"
    },
    "content": [
        {
            "id": "6bebffa7",
            "settings": {
                "custom_height": {
                    "unit": "px",
                    "size": 200,
                    "sizes": []
                },
                "padding_mobile": {
                    "unit": "px",
                    "top": "0",
                    "right": "0",
                    "bottom": "0",
                    "left": "0",
                    "isLinked": true
                },
                "padding": {
                    "unit": "em",
                    "top": "3",
                    "right": "1",
                    "bottom": "3",
                    "left": "1",
                    "isLinked": false
                },
                "__globals__": {
                    "background_color": "globals\/colors?id=text"
                }
            },
            "elements": [
                {
                    "id": "795229ad",
                    "settings": {
                        "_column_size": 100,
                        "_inline_size": null,
                        "padding": {
                            "unit": "em",
                            "top": "1",
                            "right": "1",
                            "bottom": "1",
                            "left": "1",
                            "isLinked": true
                        }
                    },
                    "elements": [
                        {
                            "id": "27db28c8",
                            "settings": {
                                "structure": "50",
                                "margin": {
                                    "unit": "px",
                                    "top": "0",
                                    "right": 0,
                                    "bottom": "0",
                                    "left": 0,
                                    "isLinked": false
                                }
                            },
                            "elements": [
                                {
                                    "id": "29c3290e",
                                    "settings": {
                                        "_column_size": 20,
                                        "_inline_size": 17.05199999999999960209606797434389591217041015625,
                                        "_inline_size_tablet": 100,
                                        "_inline_size_mobile": 100,
                                        "content_position_mobile": "center",
                                        "align_tablet": "center",
                                        "align_mobile": "center",
                                        "padding": {
                                            "unit": "em",
                                            "top": "",
                                            "right": "",
                                            "bottom": "",
                                            "left": "",
                                            "isLinked": true
                                        }
                                    },
                                    "elements": [
                                        {
                                            "id": "1693fc4c",
                                            "settings": {
                                                "site_logo_fallback": "yes",
                                                "custom_image": {
                                                    "url": "http:\/\/elementor.doodlias.com\/wedoo\/wp-content\/uploads\/sites\/6\/2020\/08\/logofooter.png",
                                                    "id": 409
                                                },
                                                "site_logo_size_size": "full",
                                                "align": "left",
                                                "site_logo_size_custom_dimension": {
                                                    "width": "500",
                                                    "height": "200"
                                                },
                                                "align_tablet": "center",
                                                "_element_width_tablet": "initial",
                                                "_element_width_mobile": "initial",
                                                "_element_custom_width_tablet": {
                                                    "unit": "px",
                                                    "size": 200,
                                                    "sizes": []
                                                },
                                                "_element_custom_width_mobile": {
                                                    "unit": "px",
                                                    "size": 200,
                                                    "sizes": []
                                                }
                                            },
                                            "elements": [],
                                            "isInner": false,
                                            "widgetType": "site-logo",
                                            "elType": "widget"
                                        }
                                    ],
                                    "isInner": true,
                                    "elType": "column"
                                },
                                {
                                    "id": "44ed9b0b",
                                    "settings": {
                                        "_column_size": 20,
                                        "_inline_size": 24.73400000000000176214598468504846096038818359375,
                                        "_inline_size_tablet": 40,
                                        "content_position": "center",
                                        "padding": {
                                            "unit": "em",
                                            "top": "",
                                            "right": "",
                                            "bottom": "",
                                            "left": "",
                                            "isLinked": true
                                        }
                                    },
                                    "elements": [
                                        {
                                            "id": "304669f6",
                                            "settings": {
                                                "title": "\u00a9 2021 wedoo -  All right reserved",
                                                "header_size": "div",
                                                "align_mobile": "center",
                                                "__globals__": {
                                                    "typography_typography": "globals\/typography?id=text",
                                                    "title_color": "globals\/colors?id=secondary"
                                                }
                                            },
                                            "elements": [],
                                            "isInner": false,
                                            "widgetType": "heading",
                                            "elType": "widget"
                                        }
                                    ],
                                    "isInner": true,
                                    "elType": "column"
                                },
                                {
                                    "id": "486811d1",
                                    "settings": {
                                        "_column_size": 20,
                                        "_inline_size": 30.875,
                                        "_inline_size_tablet": 20,
                                        "_inline_size_mobile": 10,
                                        "content_position": "center"
                                    },
                                    "elements": [
                                        {
                                            "id": "7b59047f",
                                            "settings": {
                                                "text": "Divider",
                                                "__globals__": {
                                                    "color": "globals\/colors?id=secondary"
                                                }
                                            },
                                            "elements": [],
                                            "isInner": false,
                                            "widgetType": "divider",
                                            "elType": "widget"
                                        }
                                    ],
                                    "isInner": true,
                                    "elType": "column"
                                },
                                {
                                    "id": "50150f0c",
                                    "settings": {
                                        "_column_size": 20,
                                        "_inline_size": 10.074999999999999289457264239899814128875732421875,
                                        "_inline_size_tablet": 15,
                                        "_inline_size_mobile": 31,
                                        "content_position": "center"
                                    },
                                    "elements": [
                                        {
                                            "id": "64b89450",
                                            "settings": {
                                                "title": "Follow Us :",
                                                "header_size": "div",
                                                "__globals__": {
                                                    "typography_typography": "globals\/typography?id=text",
                                                    "title_color": "globals\/colors?id=secondary"
                                                }
                                            },
                                            "elements": [],
                                            "isInner": false,
                                            "widgetType": "heading",
                                            "elType": "widget"
                                        }
                                    ],
                                    "isInner": true,
                                    "elType": "column"
                                },
                                {
                                    "id": "25bdf26e",
                                    "settings": {
                                        "_column_size": 20,
                                        "_inline_size": 17.22200000000000130739863379858434200286865234375,
                                        "_inline_size_tablet": 25,
                                        "_inline_size_mobile": 59,
                                        "content_position": "center"
                                    },
                                    "elements": [
                                        {
                                            "id": "9b6491",
                                            "settings": {
                                                "social_icon_list": [
                                                    {
                                                        "social_icon": {
                                                            "value": "fab fa-facebook-f",
                                                            "library": "fa-brands"
                                                        },
                                                        "_id": "f2b4ae9"
                                                    },
                                                    {
                                                        "social_icon": {
                                                            "value": "fab fa-twitter",
                                                            "library": "fa-brands"
                                                        },
                                                        "_id": "ba55e07"
                                                    },
                                                    {
                                                        "social_icon": {
                                                            "value": "fab fa-instagram",
                                                            "library": "fa-brands"
                                                        },
                                                        "_id": "0f1d6e8"
                                                    }
                                                ],
                                                "icon_color": "custom",
                                                "icon_primary_color": "#FFFFFF",
                                                "icon_secondary_color": "#FFCDCB",
                                                "icon_size": {
                                                    "unit": "px",
                                                    "size": 16,
                                                    "sizes": []
                                                },
                                                "icon_padding": {
                                                    "unit": "em",
                                                    "size": 0.6999999999999999555910790149937383830547332763671875,
                                                    "sizes": []
                                                },
                                                "icon_spacing": {
                                                    "unit": "px",
                                                    "size": 19,
                                                    "sizes": []
                                                },
                                                "image_border_border": "solid",
                                                "image_border_color": "#FFCDCB",
                                                "border_radius": {
                                                    "unit": "px",
                                                    "top": "50",
                                                    "right": "50",
                                                    "bottom": "50",
                                                    "left": "50",
                                                    "isLinked": true
                                                },
                                                "hover_primary_color": "#96849C",
                                                "hover_secondary_color": "#FFFFFF",
                                                "_margin": {
                                                    "unit": "px",
                                                    "top": "0",
                                                    "right": "0",
                                                    "bottom": "0",
                                                    "left": "0",
                                                    "isLinked": false
                                                },
                                                "align": "right",
                                                "image_border_width": {
                                                    "unit": "px",
                                                    "top": "1",
                                                    "right": "1",
                                                    "bottom": "1",
                                                    "left": "1",
                                                    "isLinked": true
                                                },
                                                "_padding": {
                                                    "unit": "px",
                                                    "top": "0",
                                                    "right": "0",
                                                    "bottom": "0",
                                                    "left": "0",
                                                    "isLinked": true
                                                },
                                                "__globals__": {
                                                    "icon_secondary_color": "globals\/colors?id=primary",
                                                    "image_border_color": "globals\/colors?id=primary",
                                                    "hover_primary_color": "globals\/colors?id=primary",
                                                    "hover_border_color": ""
                                                }
                                            },
                                            "elements": [],
                                            "isInner": false,
                                            "widgetType": "social-icons",
                                            "elType": "widget"
                                        }
                                    ],
                                    "isInner": true,
                                    "elType": "column"
                                }
                            ],
                            "isInner": true,
                            "elType": "section"
                        }
                    ],
                    "isInner": false,
                    "elType": "column"
                }
            ],
            "isInner": false,
            "elType": "section"
        }
    ],
    "page_settings": {
        "hide_title": "yes",
        "eael_ext_toc_title": "Table of Contents",
        "template": "elementor_canvas"
    }
}