{
    "version": "0.4",
    "title": "Gallery",
    "type": "page",
    "metadata": {
        "template_type": "single-page",
        "include_in_zip": "1",
        "elementor_pro_required": null,
        "wp_page_template": "elementor_header_footer"
    },
    "content": [
        {
            "id": "861ea63",
            "settings": {
                "stretch_section": "section-stretched",
                "content_width": {
                    "unit": "px",
                    "size": 1280,
                    "sizes": []
                },
                "custom_height": {
                    "unit": "px",
                    "size": 310,
                    "sizes": []
                },
                "background_background": "classic",
                "background_color": "#ffffff",
                "background_slideshow_gallery": [
                    {
                        "id": 20,
                        "url": "http:\/\/elementor.doodlias.com\/wenvite\/wp-content\/uploads\/sites\/6\/2020\/08\/slid1.jpg"
                    },
                    {
                        "id": 30,
                        "url": "http:\/\/elementor.doodlias.com\/wenvite\/wp-content\/uploads\/sites\/6\/2020\/08\/slid2.jpg"
                    },
                    {
                        "id": 40,
                        "url": "http:\/\/elementor.doodlias.com\/wenvite\/wp-content\/uploads\/sites\/6\/2020\/08\/slid3.jpg"
                    }
                ],
                "background_slideshow_background_size": "cover",
                "background_slideshow_ken_burns": "yes",
                "background_slideshow_ken_burns_zoom_direction": "out",
                "background_overlay_background": "classic",
                "background_overlay_color": "#606B70",
                "css_filters_css_filter": "custom",
                "overlay_blend_mode": "multiply",
                "border_border": "solid",
                "border_width": {
                    "unit": "px",
                    "top": "20",
                    "right": "20",
                    "bottom": "20",
                    "left": "20",
                    "isLinked": true
                },
                "border_color": "#FFFFFF",
                "border_radius": {
                    "unit": "px",
                    "top": "0",
                    "right": "0",
                    "bottom": "0",
                    "left": "0",
                    "isLinked": true
                },
                "margin": {
                    "unit": "em",
                    "top": "-9.5",
                    "right": 0,
                    "bottom": "0",
                    "left": 0,
                    "isLinked": false
                },
                "padding": {
                    "unit": "em",
                    "top": "12",
                    "right": "1",
                    "bottom": "6",
                    "left": "1",
                    "isLinked": false
                },
                "padding_mobile": {
                    "unit": "em",
                    "top": "",
                    "right": "",
                    "bottom": "",
                    "left": "",
                    "isLinked": true
                },
                "layout": "full_width",
                "background_image": {
                    "url": "http:\/\/elementor.doodlias.com\/wedoo\/wp-content\/uploads\/sites\/6\/2020\/08\/h3.jpg",
                    "id": 802
                },
                "background_repeat": "no-repeat",
                "background_size": "cover",
                "background_position_tablet": "center center",
                "background_repeat_tablet": "no-repeat",
                "background_size_tablet": "cover",
                "background_ypos": {
                    "unit": "em",
                    "size": -35.2000000000000028421709430404007434844970703125,
                    "sizes": []
                },
                "margin_tablet": {
                    "unit": "em",
                    "top": "-8",
                    "right": 0,
                    "bottom": "0",
                    "left": 0,
                    "isLinked": false
                },
                "padding_tablet": {
                    "unit": "em",
                    "top": "",
                    "right": "",
                    "bottom": "",
                    "left": "",
                    "isLinked": true
                },
                "margin_mobile": {
                    "unit": "em",
                    "top": "-9",
                    "right": 0,
                    "bottom": "0",
                    "left": 0,
                    "isLinked": false
                },
                "background_position": "center center"
            },
            "elements": [
                {
                    "id": "301d048f",
                    "settings": {
                        "_column_size": 100,
                        "_inline_size": null
                    },
                    "elements": [
                        {
                            "id": "56d070e4",
                            "settings": {
                                "title": "Gallery",
                                "align": "center",
                                "_element_vertical_align": "center",
                                "__globals__": {
                                    "title_color": "",
                                    "typography_typography": ""
                                },
                                "header_size": "h1",
                                "title_color": "#FFFFFF",
                                "typography_typography": "custom",
                                "typography_font_family": "Abril Fatface",
                                "typography_font_size_mobile": {
                                    "unit": "px",
                                    "size": 50.52000000000000312638803734444081783294677734375,
                                    "sizes": []
                                },
                                "typography_font_weight": "400"
                            },
                            "elements": [],
                            "isInner": false,
                            "widgetType": "heading",
                            "elType": "widget"
                        }
                    ],
                    "isInner": false,
                    "elType": "column"
                }
            ],
            "isInner": false,
            "elType": "section"
        },
        {
            "id": "33645461",
            "settings": {
                "gap": "no",
                "custom_height": {
                    "unit": "px",
                    "size": 1100
                },
                "content_position": "middle",
                "padding": {
                    "unit": "em",
                    "top": "6",
                    "right": "1",
                    "bottom": "6",
                    "left": "1",
                    "isLinked": false
                },
                "padding_tablet": {
                    "unit": "em",
                    "top": "",
                    "right": "",
                    "bottom": "",
                    "left": "",
                    "isLinked": false
                },
                "padding_mobile": {
                    "unit": "em",
                    "top": "",
                    "right": "",
                    "bottom": "",
                    "left": "",
                    "isLinked": false
                }
            },
            "elements": [
                {
                    "id": "36af2947",
                    "settings": {
                        "_column_size": 100,
                        "padding": {
                            "unit": "em",
                            "top": "1",
                            "right": "1",
                            "bottom": "1",
                            "left": "1",
                            "isLinked": true
                        }
                    },
                    "elements": [
                        {
                            "id": "431696fa",
                            "settings": {
                                "selected_icon": {
                                    "value": "fas fa-dove",
                                    "library": "fa-solid"
                                },
                                "__globals__": {
                                    "primary_color": "globals\/colors?id=primary"
                                },
                                "align_tablet": "center",
                                "size": {
                                    "unit": "px",
                                    "size": 36,
                                    "sizes": []
                                },
                                "_z_index": 3
                            },
                            "elements": [],
                            "isInner": false,
                            "widgetType": "icon",
                            "elType": "widget"
                        },
                        {
                            "id": "14d36b21",
                            "settings": {
                                "title": "Our Moments",
                                "align": "center",
                                "align_tablet": "center",
                                "title_color": "#96849C",
                                "typography_typography": "custom",
                                "typography_font_family": "Abril Fatface",
                                "typography_font_size_mobile": {
                                    "unit": "px",
                                    "size": 50.52000000000000312638803734444081783294677734375,
                                    "sizes": []
                                },
                                "typography_font_weight": "normal",
                                "_margin": {
                                    "unit": "em",
                                    "top": "",
                                    "right": "",
                                    "bottom": "",
                                    "left": "",
                                    "isLinked": false
                                },
                                "_element_custom_width": {
                                    "unit": "px",
                                    "size": 700,
                                    "sizes": []
                                },
                                "_element_vertical_align": "center",
                                "__globals__": {
                                    "title_color": "globals\/colors?id=secondary",
                                    "typography_typography": ""
                                }
                            },
                            "elements": [],
                            "isInner": false,
                            "widgetType": "heading",
                            "elType": "widget"
                        },
                        {
                            "id": "a116145",
                            "settings": {
                                "align": "center",
                                "_z_index": 3,
                                "_element_custom_width": {
                                    "unit": "px",
                                    "size": 900,
                                    "sizes": []
                                },
                                "__globals__": {
                                    "typography_typography": "globals\/typography?id=text",
                                    "text_color": "globals\/colors?id=text"
                                }
                            },
                            "elements": [],
                            "isInner": false,
                            "widgetType": "text-editor",
                            "elType": "widget"
                        },
                        {
                            "id": "12a728ea",
                            "settings": {
                                "wp_gallery": [
                                    {
                                        "id": 154,
                                        "url": "http:\/\/elementor.doodlias.com\/wedoo\/wp-content\/uploads\/sites\/6\/2020\/08\/Gallery1.jpg"
                                    },
                                    {
                                        "id": 155,
                                        "url": "http:\/\/elementor.doodlias.com\/wedoo\/wp-content\/uploads\/sites\/6\/2020\/08\/Gallery2.jpg"
                                    },
                                    {
                                        "id": 156,
                                        "url": "http:\/\/elementor.doodlias.com\/wedoo\/wp-content\/uploads\/sites\/6\/2020\/08\/Gallery3.jpg"
                                    },
                                    {
                                        "id": 157,
                                        "url": "http:\/\/elementor.doodlias.com\/wedoo\/wp-content\/uploads\/sites\/6\/2020\/08\/Gallery4.jpg"
                                    },
                                    {
                                        "id": 158,
                                        "url": "http:\/\/elementor.doodlias.com\/wedoo\/wp-content\/uploads\/sites\/6\/2020\/08\/Gallery5.jpg"
                                    },
                                    {
                                        "id": 159,
                                        "url": "http:\/\/elementor.doodlias.com\/wedoo\/wp-content\/uploads\/sites\/6\/2020\/08\/Gallery6.jpg"
                                    },
                                    {
                                        "id": 656,
                                        "url": "http:\/\/elementor.doodlias.com\/wedoo\/wp-content\/uploads\/sites\/6\/2021\/01\/Gallery7.jpg"
                                    },
                                    {
                                        "id": 657,
                                        "url": "http:\/\/elementor.doodlias.com\/wedoo\/wp-content\/uploads\/sites\/6\/2021\/01\/Gallery8.jpg"
                                    },
                                    {
                                        "id": 658,
                                        "url": "http:\/\/elementor.doodlias.com\/wedoo\/wp-content\/uploads\/sites\/6\/2021\/01\/Gallery9.jpg"
                                    }
                                ],
                                "thumbnail_size": "full",
                                "gallery_columns": "3",
                                "image_spacing": "custom",
                                "image_spacing_custom": {
                                    "unit": "px",
                                    "size": 10
                                },
                                "image_border_radius": {
                                    "unit": "px",
                                    "top": "0",
                                    "right": "0",
                                    "bottom": "0",
                                    "left": "0",
                                    "isLinked": true
                                },
                                "_padding": {
                                    "unit": "px",
                                    "top": "0",
                                    "right": "0",
                                    "bottom": "0",
                                    "left": "0",
                                    "isLinked": false
                                },
                                "_padding_tablet": {
                                    "unit": "px",
                                    "top": "15",
                                    "right": "0",
                                    "bottom": "0",
                                    "left": "0",
                                    "isLinked": false
                                },
                                "open_lightbox": "yes"
                            },
                            "elements": [],
                            "isInner": false,
                            "widgetType": "image-gallery",
                            "elType": "widget"
                        }
                    ],
                    "isInner": false,
                    "elType": "column"
                }
            ],
            "isInner": false,
            "elType": "section"
        },
        {
            "id": "10d3c12f",
            "settings": {
                "stretch_section": "section-stretched",
                "custom_height": {
                    "unit": "px",
                    "size": 380
                },
                "content_position": "middle",
                "background_background": "classic",
                "background_position": "bottom right",
                "background_repeat": "no-repeat",
                "background_size": "cover",
                "background_overlay_background": "classic",
                "padding": {
                    "unit": "em",
                    "top": "6",
                    "right": "1",
                    "bottom": "6",
                    "left": "1",
                    "isLinked": false
                },
                "content_width": {
                    "unit": "px",
                    "size": ""
                },
                "background_attachment": "fixed",
                "background_overlay_opacity": {
                    "unit": "px",
                    "size": 0.1000000000000000055511151231257827021181583404541015625,
                    "sizes": []
                },
                "margin": {
                    "unit": "px",
                    "top": "0",
                    "right": 0,
                    "bottom": "0",
                    "left": 0,
                    "isLinked": true
                },
                "background_overlay_image": {
                    "url": "http:\/\/elementor.doodlias.com\/wedoo\/wp-content\/uploads\/sites\/6\/2020\/08\/servicesingle.jpg",
                    "id": 113
                },
                "background_overlay_attachment": "fixed",
                "background_overlay_repeat": "no-repeat",
                "background_overlay_size": "cover",
                "overlay_blend_mode": "overlay",
                "__globals__": {
                    "background_color": "globals\/colors?id=secondary",
                    "background_overlay_color": ""
                }
            },
            "elements": [
                {
                    "id": "311d04c6",
                    "settings": {
                        "_column_size": 100,
                        "_inline_size": 100,
                        "space_between_widgets": 15,
                        "padding_tablet": {
                            "unit": "px",
                            "top": "0",
                            "right": "20",
                            "bottom": "0",
                            "left": "20",
                            "isLinked": false
                        },
                        "align": "center"
                    },
                    "elements": [
                        {
                            "id": "3190e6bc",
                            "settings": {
                                "selected_icon": {
                                    "value": "fas fa-dove",
                                    "library": "fa-solid"
                                },
                                "__globals__": {
                                    "primary_color": "globals\/colors?id=primary"
                                },
                                "size": {
                                    "unit": "px",
                                    "size": 36,
                                    "sizes": []
                                }
                            },
                            "elements": [],
                            "isInner": false,
                            "widgetType": "icon",
                            "elType": "widget"
                        },
                        {
                            "id": "72d667eb",
                            "settings": {
                                "title": "Friend Says",
                                "align": "center",
                                "__globals__": {
                                    "typography_typography": "",
                                    "title_color": "globals\/colors?id=accent"
                                },
                                "_z_index": 1,
                                "title_color": "#FFF9F4",
                                "typography_typography": "custom",
                                "typography_font_family": "Abril Fatface",
                                "typography_font_size_mobile": {
                                    "unit": "px",
                                    "size": 50.52000000000000312638803734444081783294677734375,
                                    "sizes": []
                                },
                                "typography_font_weight": "normal"
                            },
                            "elements": [],
                            "isInner": false,
                            "widgetType": "heading",
                            "elType": "widget"
                        },
                        {
                            "id": "7fbf1bbe",
                            "settings": {
                                "gap": "no",
                                "structure": "20",
                                "padding": {
                                    "unit": "em",
                                    "top": "0",
                                    "right": "0",
                                    "bottom": "1",
                                    "left": "0",
                                    "isLinked": false
                                },
                                "padding_mobile": {
                                    "unit": "px",
                                    "top": "15",
                                    "right": "0",
                                    "bottom": "0",
                                    "left": "0",
                                    "isLinked": false
                                }
                            },
                            "elements": [
                                {
                                    "id": "426b3b37",
                                    "settings": {
                                        "_column_size": 50,
                                        "_inline_size": null,
                                        "padding": {
                                            "unit": "em",
                                            "top": "1",
                                            "right": "1",
                                            "bottom": "1",
                                            "left": "1",
                                            "isLinked": true
                                        },
                                        "padding_mobile": {
                                            "unit": "px",
                                            "top": "0",
                                            "right": "0",
                                            "bottom": "0",
                                            "left": "0",
                                            "isLinked": true
                                        },
                                        "margin_mobile": {
                                            "unit": "px",
                                            "top": "0",
                                            "right": "0",
                                            "bottom": "50",
                                            "left": "0",
                                            "isLinked": false
                                        }
                                    },
                                    "elements": [
                                        {
                                            "id": "1ef106d8",
                                            "settings": {
                                                "icon": "fa fa-quote-left",
                                                "align": "left",
                                                "primary_color": "#FFCDCB4D",
                                                "size": {
                                                    "unit": "px",
                                                    "size": 38
                                                },
                                                "hover_animation": "grow",
                                                "selected_icon": {
                                                    "value": "fas fa-quote-left",
                                                    "library": "fa-solid"
                                                },
                                                "__fa4_migrated": {
                                                    "selected_icon": true
                                                },
                                                "__globals__": {
                                                    "primary_color": ""
                                                }
                                            },
                                            "elements": [],
                                            "isInner": false,
                                            "widgetType": "icon",
                                            "elType": "widget"
                                        },
                                        {
                                            "id": "3c445670",
                                            "settings": {
                                                "testimonial_content": "Click edit button to change this text. Lorem ipsum dolor sit amet, consectetur adipiscing elit. Ut elit tellus, luctus nec ullamcorper mattis, pulvinar dapibus leo.",
                                                "testimonial_image": {
                                                    "url": "",
                                                    "id": ""
                                                },
                                                "testimonial_name": "Clara D. Brooks",
                                                "testimonial_job": "Las Vegas, NV 89109",
                                                "testimonial_alignment": "left",
                                                "content_content_color": "#FFFFFF",
                                                "content_typography_typography": "custom",
                                                "content_typography_font_size": {
                                                    "unit": "px",
                                                    "size": 16,
                                                    "sizes": []
                                                },
                                                "name_text_color": "#FFCDCB",
                                                "name_typography_typography": "custom",
                                                "name_typography_font_size": {
                                                    "unit": "px",
                                                    "size": 24,
                                                    "sizes": []
                                                },
                                                "job_typography_typography": "custom",
                                                "name_typography_font_family": "Abril Fatface",
                                                "content_typography_font_family": "Open Sans",
                                                "content_typography_font_weight": "400",
                                                "name_typography_font_weight": "normal",
                                                "job_typography_font_family": "Open Sans",
                                                "job_typography_font_weight": "400",
                                                "__globals__": {
                                                    "content_typography_typography": "",
                                                    "content_content_color": "",
                                                    "name_typography_typography": "",
                                                    "name_text_color": "",
                                                    "job_typography_typography": "",
                                                    "job_text_color": "globals\/colors?id=accent"
                                                }
                                            },
                                            "elements": [],
                                            "isInner": false,
                                            "widgetType": "testimonial",
                                            "elType": "widget"
                                        }
                                    ],
                                    "isInner": true,
                                    "elType": "column"
                                },
                                {
                                    "id": "3c5235c7",
                                    "settings": {
                                        "_column_size": 50,
                                        "_inline_size": null,
                                        "padding": {
                                            "unit": "em",
                                            "top": "1",
                                            "right": "1",
                                            "bottom": "1",
                                            "left": "1",
                                            "isLinked": true
                                        },
                                        "padding_mobile": {
                                            "unit": "px",
                                            "top": "0",
                                            "right": "0",
                                            "bottom": "0",
                                            "left": "0",
                                            "isLinked": true
                                        },
                                        "margin_mobile": {
                                            "unit": "px",
                                            "top": "0",
                                            "right": "0",
                                            "bottom": "50",
                                            "left": "0",
                                            "isLinked": false
                                        }
                                    },
                                    "elements": [
                                        {
                                            "id": "18f48632",
                                            "settings": {
                                                "icon": "fa fa-quote-left",
                                                "align": "left",
                                                "primary_color": "#FFCDCB4D",
                                                "size": {
                                                    "unit": "px",
                                                    "size": 38
                                                },
                                                "hover_animation": "grow",
                                                "selected_icon": {
                                                    "value": "fas fa-quote-left",
                                                    "library": "fa-solid"
                                                },
                                                "__fa4_migrated": {
                                                    "selected_icon": true
                                                },
                                                "__globals__": {
                                                    "primary_color": ""
                                                }
                                            },
                                            "elements": [],
                                            "isInner": false,
                                            "widgetType": "icon",
                                            "elType": "widget"
                                        },
                                        {
                                            "id": "100d3e",
                                            "settings": {
                                                "testimonial_content": "Click edit button to change this text. Lorem ipsum dolor sit amet, consectetur adipiscing elit. Ut elit tellus, luctus nec ullamcorper mattis, pulvinar dapibus leo.",
                                                "testimonial_image": {
                                                    "url": "",
                                                    "id": ""
                                                },
                                                "testimonial_name": "Lisa Washington",
                                                "testimonial_job": "Las Vegas, NV 89109",
                                                "testimonial_alignment": "left",
                                                "content_content_color": "#FFFFFF",
                                                "content_typography_typography": "custom",
                                                "content_typography_font_size": {
                                                    "unit": "px",
                                                    "size": 16,
                                                    "sizes": []
                                                },
                                                "name_text_color": "#FFCDCB",
                                                "name_typography_typography": "custom",
                                                "name_typography_font_size": {
                                                    "unit": "px",
                                                    "size": 24,
                                                    "sizes": []
                                                },
                                                "job_typography_typography": "custom",
                                                "name_typography_font_family": "Abril Fatface",
                                                "content_typography_font_family": "Open Sans",
                                                "content_typography_font_weight": "400",
                                                "name_typography_font_weight": "normal",
                                                "job_typography_font_family": "Open Sans",
                                                "job_typography_font_weight": "400",
                                                "__globals__": {
                                                    "content_typography_typography": "",
                                                    "content_content_color": "",
                                                    "name_typography_typography": "",
                                                    "name_text_color": "",
                                                    "job_typography_typography": "",
                                                    "job_text_color": "globals\/colors?id=accent"
                                                }
                                            },
                                            "elements": [],
                                            "isInner": false,
                                            "widgetType": "testimonial",
                                            "elType": "widget"
                                        }
                                    ],
                                    "isInner": true,
                                    "elType": "column"
                                }
                            ],
                            "isInner": true,
                            "elType": "section"
                        }
                    ],
                    "isInner": false,
                    "elType": "column"
                }
            ],
            "isInner": false,
            "elType": "section"
        }
    ],
    "page_settings": {
        "eael_ext_toc_title": "Table of Contents",
        "hide_title": "yes",
        "template": "elementor_header_footer"
    }
}