{
    "version": "0.4",
    "title": "Global Kit Styles",
    "type": "section",
    "metadata": {
        "template_type": "global-styles",
        "include_in_zip": "1",
        "elementor_pro_required": null,
        "additional_template_information": [
            "These are the global theme styles configured through the Elementor Theme Styles area."
        ],
        "wp_page_template": "default"
    },
    "content": [],
    "page_settings": {
        "body_typography_typography": "custom",
        "body_typography_font_family": "Open Sans",
        "h1_typography_typography": "custom",
        "h2_typography_typography": "custom",
        "h3_typography_typography": "custom",
        "h4_typography_typography": "custom",
        "button_typography_typography": "custom",
        "button_typography_font_family": "Open Sans",
        "button_typography_font_weight": "bold",
        "button_text_color": "#FFFFFF",
        "button_background_color": "#FFCDCB",
        "button_border_radius": {
            "unit": "px",
            "top": "60",
            "right": "60",
            "bottom": "60",
            "left": "60",
            "isLinked": "1"
        },
        "button_hover_text_color": "#FFFFFF",
        "button_hover_background_color": "#EFA7A4",
        "viewport_md": "",
        "viewport_lg": "",
        "system_colors": [
            {
                "_id": "primary",
                "title": "Primary",
                "color": "#FFCDCB"
            },
            {
                "_id": "secondary",
                "title": "Secondary",
                "color": "#96849C"
            },
            {
                "_id": "text",
                "title": "Text",
                "color": "#7A7A7A"
            },
            {
                "_id": "accent",
                "title": "Accent",
                "color": "#FFF9F4"
            }
        ],
        "custom_colors": [],
        "system_typography": [
            {
                "_id": "primary",
                "title": "Primary Headline",
                "typography_typography": "custom",
                "typography_font_family": "Abril Fatface",
                "typography_font_weight": "normal"
            },
            {
                "_id": "secondary",
                "title": "Secondary Headline",
                "typography_typography": "custom",
                "typography_font_family": "Abril Fatface",
                "typography_font_weight": "400"
            },
            {
                "_id": "text",
                "title": "Body Text",
                "typography_typography": "custom",
                "typography_font_family": "Open Sans",
                "typography_font_weight": "400"
            },
            {
                "_id": "accent",
                "title": "Accent Text",
                "typography_typography": "custom",
                "typography_font_family": "Open Sans",
                "typography_font_weight": "bold"
            }
        ],
        "custom_typography": [],
        "default_generic_fonts": "Sans-serif",
        "site_name": "wedoo",
        "site_description": "Just another Template Kit site",
        "page_title_selector": "h1.entry-title",
        "activeItemIndex": 1,
        "link_normal_typography_typography": "custom",
        "link_normal_typography_font_family": "Open Sans",
        "h5_typography_typography": "custom",
        "h6_typography_typography": "custom",
        "body_typography_font_size": {
            "unit": "px",
            "size": 16,
            "sizes": []
        },
        "button_padding": {
            "unit": "px",
            "top": "18",
            "right": "32",
            "bottom": "18",
            "left": "32",
            "isLinked": false
        },
        "h1_typography_font_size": {
            "unit": "px",
            "size": 89.780000000000001136868377216160297393798828125,
            "sizes": []
        },
        "h2_typography_font_size": {
            "unit": "px",
            "size": 67.340000000000003410605131648480892181396484375,
            "sizes": []
        },
        "h3_typography_font_size": {
            "unit": "px",
            "size": 50.52000000000000312638803734444081783294677734375,
            "sizes": []
        },
        "h4_typography_font_size": {
            "unit": "px",
            "size": 37.89999999999999857891452847979962825775146484375,
            "sizes": []
        },
        "h5_typography_font_size": {
            "unit": "px",
            "size": 28.42999999999999971578290569595992565155029296875,
            "sizes": []
        },
        "h6_typography_font_size": {
            "unit": "px",
            "size": 21.3299999999999982946974341757595539093017578125,
            "sizes": []
        },
        "body_color": "#7A7A7A",
        "h1_color": "#96849C",
        "h2_color": "#96849C",
        "h3_color": "#96849C",
        "h4_color": "#96849C",
        "h5_color": "#96849C",
        "h6_color": "#96849C",
        "__globals__": {
            "body_color": "globals\/colors?id=text",
            "h1_color": "globals\/colors?id=secondary",
            "h2_color": "globals\/colors?id=secondary",
            "h3_color": "globals\/colors?id=secondary",
            "h4_color": "globals\/colors?id=secondary",
            "h5_color": "globals\/colors?id=secondary",
            "h6_color": "globals\/colors?id=secondary",
            "button_hover_background_color": "",
            "button_hover_text_color": "",
            "button_typography_typography": "",
            "button_background_color": "globals\/colors?id=primary",
            "form_label_typography_typography": "globals\/typography?id=text",
            "form_label_color": "globals\/colors?id=secondary",
            "form_field_typography_typography": "globals\/typography?id=text",
            "form_field_text_color": "globals\/colors?id=text",
            "form_field_background_color": "",
            "form_field_focus_background_color": "",
            "form_field_border_color": "globals\/colors?id=accent",
            "form_field_focus_border_color": "globals\/colors?id=primary",
            "lightbox_color": ""
        },
        "form_label_color": "#96849C",
        "form_label_typography_typography": "custom",
        "form_label_typography_font_family": "Open Sans",
        "form_label_typography_font_weight": "400",
        "form_field_typography_typography": "custom",
        "form_field_typography_font_family": "Open Sans",
        "form_field_typography_font_weight": "400",
        "form_field_text_color": "#7A7A7A",
        "form_field_background_color": "#FFFFFF",
        "form_field_focus_background_color": "#FFFFFF",
        "form_field_border_border": "solid",
        "form_field_border_width": {
            "unit": "px",
            "top": "1",
            "right": "1",
            "bottom": "1",
            "left": "1",
            "isLinked": true
        },
        "form_field_focus_border_border": "solid",
        "form_field_focus_border_width": {
            "unit": "px",
            "top": "1",
            "right": "1",
            "bottom": "1",
            "left": "1",
            "isLinked": true
        },
        "form_field_border_color": "#FFF9F4",
        "form_field_focus_border_color": "#FFCDCB",
        "lightbox_color": "#270F2FA3"
    }
}