{
    "version": "0.4",
    "title": "Header",
    "type": "section",
    "metadata": {
        "template_type": "section-header",
        "include_in_zip": "1",
        "elementor_pro_required": null,
        "wp_page_template": "elementor_canvas"
    },
    "content": [
        {
            "id": "4a1db407",
            "settings": {
                "padding": {
                    "unit": "em",
                    "top": "2",
                    "right": "1",
                    "bottom": "2",
                    "left": "1",
                    "isLinked": false
                },
                "__globals__": {
                    "background_color": "globals\/colors?id=secondary"
                }
            },
            "elements": [
                {
                    "id": "5030e9a1",
                    "settings": {
                        "_column_size": 100,
                        "_inline_size": null
                    },
                    "elements": [
                        {
                            "id": "1215a848",
                            "settings": {
                                "structure": "22",
                                "gap": "no",
                                "margin": {
                                    "unit": "px",
                                    "top": "0",
                                    "right": 0,
                                    "bottom": "0",
                                    "left": 0,
                                    "isLinked": true
                                },
                                "z_index": 99
                            },
                            "elements": [
                                {
                                    "id": "638c2f10",
                                    "settings": {
                                        "_column_size": 33,
                                        "_inline_size": 21.518000000000000682121026329696178436279296875,
                                        "_inline_size_mobile": 60,
                                        "content_position": "center",
                                        "_inline_size_tablet": 30
                                    },
                                    "elements": [
                                        {
                                            "id": "4e0a285a",
                                            "settings": {
                                                "site_logo_fallback": "yes",
                                                "custom_image": {
                                                    "url": "http:\/\/elementor.doodlias.com\/wedoo\/wp-content\/uploads\/sites\/6\/2020\/08\/logores.png",
                                                    "id": 407
                                                },
                                                "site_logo_size_size": "full",
                                                "align": "left"
                                            },
                                            "elements": [],
                                            "isInner": false,
                                            "widgetType": "site-logo",
                                            "elType": "widget"
                                        }
                                    ],
                                    "isInner": true,
                                    "elType": "column"
                                },
                                {
                                    "id": "22fde0c1",
                                    "settings": {
                                        "_column_size": 66,
                                        "_inline_size": 78.147999999999996134647517465054988861083984375,
                                        "_inline_size_mobile": 40,
                                        "content_position": "center",
                                        "_inline_size_tablet": 70
                                    },
                                    "elements": [
                                        {
                                            "id": "7ecea6fd",
                                            "settings": {
                                                "menu": "menu-1",
                                                "navmenu_align": "right",
                                                "padding_horizontal_menu_item": {
                                                    "unit": "px",
                                                    "size": 29,
                                                    "sizes": []
                                                },
                                                "__globals__": {
                                                    "menu_typography_typography": "",
                                                    "color_menu_item": "",
                                                    "color_menu_item_hover": "globals\/colors?id=primary",
                                                    "color_menu_item_active": "globals\/colors?id=primary",
                                                    "all_text_color": "globals\/colors?id=accent",
                                                    "all_hover_color": "globals\/colors?id=secondary",
                                                    "background_color_dropdown_item_hover": "globals\/colors?id=primary",
                                                    "toggle_color": "",
                                                    "toggle_hover_color": "",
                                                    "color_dropdown_item": "globals\/colors?id=secondary",
                                                    "color_dropdown_item_hover": "globals\/colors?id=secondary",
                                                    "color_dropdown_item_active": "globals\/colors?id=primary",
                                                    "background_color_dropdown_item_active": "globals\/colors?id=secondary"
                                                },
                                                "schema_support": "",
                                                "submenu_animation": "slide_up",
                                                "resp_align": "right",
                                                "width_dropdown_item": {
                                                    "unit": "px",
                                                    "size": 272,
                                                    "sizes": []
                                                },
                                                "padding_horizontal_dropdown_item": {
                                                    "unit": "px",
                                                    "size": 66,
                                                    "sizes": []
                                                },
                                                "padding_horizontal_dropdown_item_mobile": {
                                                    "unit": "px",
                                                    "size": 22,
                                                    "sizes": []
                                                },
                                                "padding_vertical_dropdown_item": {
                                                    "unit": "px",
                                                    "size": 14,
                                                    "sizes": []
                                                },
                                                "distance_from_menu_tablet": {
                                                    "unit": "px",
                                                    "size": 9,
                                                    "sizes": []
                                                },
                                                "distance_from_menu_mobile": {
                                                    "unit": "px",
                                                    "size": 14,
                                                    "sizes": []
                                                },
                                                "dropdown_divider_border": "none",
                                                "divider_border_color": "#C4C4C42E",
                                                "menu_typography_typography": "custom",
                                                "menu_typography_font_family": "Open Sans",
                                                "menu_typography_font_weight": "bold",
                                                "menu_typography_letter_spacing": {
                                                    "unit": "px",
                                                    "size": 1.100000000000000088817841970012523233890533447265625,
                                                    "sizes": []
                                                },
                                                "color_menu_item": "#FFFFFF",
                                                "color_menu_item_hover": "#FFCDCB",
                                                "color_menu_item_active": "#FFCDCB",
                                                "background_color_dropdown_item_hover": "#FFCDCB",
                                                "toggle_color": "#FFFFFF",
                                                "toggle_hover_color": "#FFCDCB",
                                                "all_text_color": "#FFF9F4",
                                                "all_hover_color": "#96849C",
                                                "padding_vertical_menu_item": {
                                                    "unit": "px",
                                                    "size": "",
                                                    "sizes": []
                                                },
                                                "color_dropdown_item": "#96849C",
                                                "color_dropdown_item_hover": "#96849C",
                                                "color_dropdown_item_active": "#FFCDCB",
                                                "dropdown_border_radius": {
                                                    "unit": "px",
                                                    "top": "0",
                                                    "right": "0",
                                                    "bottom": "10",
                                                    "left": "10",
                                                    "isLinked": false
                                                },
                                                "distance_from_menu": {
                                                    "unit": "px",
                                                    "size": 8,
                                                    "sizes": []
                                                }
                                            },
                                            "elements": [],
                                            "isInner": false,
                                            "widgetType": "navigation-menu",
                                            "elType": "widget"
                                        }
                                    ],
                                    "isInner": true,
                                    "elType": "column"
                                }
                            ],
                            "isInner": true,
                            "elType": "section"
                        }
                    ],
                    "isInner": false,
                    "elType": "column"
                }
            ],
            "isInner": false,
            "elType": "section"
        }
    ],
    "page_settings": {
        "hide_title": "yes",
        "eael_ext_toc_title": "Table of Contents",
        "template": "elementor_canvas"
    }
}