{
    "version": "0.4",
    "title": "Single-Service",
    "type": "page",
    "metadata": {
        "template_type": "single-page",
        "include_in_zip": "1",
        "elementor_pro_required": null,
        "wp_page_template": "elementor_header_footer"
    },
    "content": [
        {
            "id": "10196e9e",
            "settings": {
                "stretch_section": "section-stretched",
                "content_width": {
                    "unit": "px",
                    "size": 1280,
                    "sizes": []
                },
                "custom_height": {
                    "unit": "px",
                    "size": 310,
                    "sizes": []
                },
                "background_background": "classic",
                "background_color": "#ffffff",
                "background_slideshow_gallery": [
                    {
                        "id": 20,
                        "url": "http:\/\/elementor.doodlias.com\/wenvite\/wp-content\/uploads\/sites\/6\/2020\/08\/slid1.jpg"
                    },
                    {
                        "id": 30,
                        "url": "http:\/\/elementor.doodlias.com\/wenvite\/wp-content\/uploads\/sites\/6\/2020\/08\/slid2.jpg"
                    },
                    {
                        "id": 40,
                        "url": "http:\/\/elementor.doodlias.com\/wenvite\/wp-content\/uploads\/sites\/6\/2020\/08\/slid3.jpg"
                    }
                ],
                "background_slideshow_background_size": "cover",
                "background_slideshow_ken_burns": "yes",
                "background_slideshow_ken_burns_zoom_direction": "out",
                "background_overlay_background": "classic",
                "background_overlay_color": "#606B70",
                "css_filters_css_filter": "custom",
                "overlay_blend_mode": "multiply",
                "border_border": "solid",
                "border_width": {
                    "unit": "px",
                    "top": "20",
                    "right": "20",
                    "bottom": "20",
                    "left": "20",
                    "isLinked": true
                },
                "border_color": "#FFFFFF",
                "border_radius": {
                    "unit": "px",
                    "top": "0",
                    "right": "0",
                    "bottom": "0",
                    "left": "0",
                    "isLinked": true
                },
                "margin": {
                    "unit": "em",
                    "top": "-9.5",
                    "right": 0,
                    "bottom": "0",
                    "left": 0,
                    "isLinked": false
                },
                "padding": {
                    "unit": "em",
                    "top": "12",
                    "right": "1",
                    "bottom": "6",
                    "left": "1",
                    "isLinked": false
                },
                "padding_mobile": {
                    "unit": "em",
                    "top": "",
                    "right": "",
                    "bottom": "",
                    "left": "",
                    "isLinked": true
                },
                "layout": "full_width",
                "background_image": {
                    "url": "http:\/\/elementor.doodlias.com\/wedoo\/wp-content\/uploads\/sites\/6\/2020\/08\/h4.jpg",
                    "id": 782
                },
                "background_repeat": "no-repeat",
                "background_size": "cover",
                "background_position_tablet": "center center",
                "background_repeat_tablet": "no-repeat",
                "background_size_tablet": "cover",
                "background_ypos": {
                    "unit": "em",
                    "size": -35.2000000000000028421709430404007434844970703125,
                    "sizes": []
                },
                "margin_tablet": {
                    "unit": "em",
                    "top": "-8",
                    "right": 0,
                    "bottom": "0",
                    "left": 0,
                    "isLinked": false
                },
                "padding_tablet": {
                    "unit": "em",
                    "top": "",
                    "right": "",
                    "bottom": "",
                    "left": "",
                    "isLinked": true
                },
                "margin_mobile": {
                    "unit": "em",
                    "top": "-9",
                    "right": 0,
                    "bottom": "0",
                    "left": 0,
                    "isLinked": false
                },
                "background_position": "center center"
            },
            "elements": [
                {
                    "id": "6e42ac1e",
                    "settings": {
                        "_column_size": 100,
                        "_inline_size": null
                    },
                    "elements": [
                        {
                            "id": "ad67bd1",
                            "settings": {
                                "title": "Our Schedule",
                                "align": "center",
                                "_element_vertical_align": "center",
                                "__globals__": {
                                    "title_color": "",
                                    "typography_typography": ""
                                },
                                "header_size": "h1",
                                "title_color": "#FFFFFF",
                                "typography_typography": "custom",
                                "typography_font_family": "Abril Fatface",
                                "typography_font_size_mobile": {
                                    "unit": "px",
                                    "size": 50.52000000000000312638803734444081783294677734375,
                                    "sizes": []
                                },
                                "typography_font_weight": "400"
                            },
                            "elements": [],
                            "isInner": false,
                            "widgetType": "heading",
                            "elType": "widget"
                        }
                    ],
                    "isInner": false,
                    "elType": "column"
                }
            ],
            "isInner": false,
            "elType": "section"
        },
        {
            "id": "1c3330dc",
            "settings": {
                "structure": "21",
                "padding": {
                    "unit": "em",
                    "top": "1",
                    "right": "1",
                    "bottom": "6",
                    "left": "1",
                    "isLinked": false
                },
                "background_color": "#FBFBFB"
            },
            "elements": [
                {
                    "id": "1e17649e",
                    "settings": {
                        "_column_size": 66,
                        "_inline_size": null,
                        "padding": {
                            "unit": "em",
                            "top": "1",
                            "right": "1",
                            "bottom": "1",
                            "left": "1",
                            "isLinked": true
                        }
                    },
                    "elements": [
                        {
                            "id": "348e15d4",
                            "settings": {
                                "selected_icon": {
                                    "value": "fas fa-dove",
                                    "library": "fa-solid"
                                },
                                "__globals__": {
                                    "primary_color": "globals\/colors?id=primary"
                                },
                                "align": "left",
                                "align_mobile": "left",
                                "size": {
                                    "unit": "px",
                                    "size": 36,
                                    "sizes": []
                                }
                            },
                            "elements": [],
                            "isInner": false,
                            "widgetType": "icon",
                            "elType": "widget"
                        },
                        {
                            "id": "6450735f",
                            "settings": {
                                "title": "Orci varius natoque penatibus et magnis dis",
                                "__globals__": {
                                    "typography_typography": "",
                                    "title_color": "globals\/colors?id=secondary"
                                },
                                "title_color": "#96849C",
                                "typography_typography": "custom",
                                "typography_font_family": "Abril Fatface",
                                "typography_font_weight": "normal",
                                "typography_font_size": {
                                    "unit": "px",
                                    "size": 50.52000000000000312638803734444081783294677734375,
                                    "sizes": []
                                },
                                "typography_font_size_mobile": {
                                    "unit": "px",
                                    "size": 37.89999999999999857891452847979962825775146484375,
                                    "sizes": []
                                }
                            },
                            "elements": [],
                            "isInner": false,
                            "widgetType": "heading",
                            "elType": "widget"
                        },
                        {
                            "id": "5b2f9ccb",
                            "settings": {
                                "image": {
                                    "url": "http:\/\/elementor.doodlias.com\/wedoo\/wp-content\/uploads\/sites\/6\/2020\/08\/servicesingle.jpg",
                                    "id": 113
                                },
                                "image_size": "full"
                            },
                            "elements": [],
                            "isInner": false,
                            "widgetType": "image",
                            "elType": "widget"
                        },
                        {
                            "id": "431fc333",
                            "settings": {
                                "__globals__": {
                                    "typography_typography": "globals\/typography?id=text",
                                    "text_color": "globals\/colors?id=text"
                                },
                                "editor": "<p>Proin euismod ante eu magna venenatis, at tristique diam condimentum. Praesent at arcu eget ipsum euismod rutrum. In fringilla neque in libero efficitur, sed pulvinar arcu eleifend. Donec dolor risus, sagittis venenatis urna faucibus, mollis lacinia purus. Sed neque felis, rhoncus quis felis vitae, mattis tincidunt nisi. Nam ac arcu ac lorem vestibulum tristique sit amet non justo.<\/p>"
                            },
                            "elements": [],
                            "isInner": false,
                            "widgetType": "text-editor",
                            "elType": "widget"
                        },
                        {
                            "id": "274cca8a",
                            "settings": {
                                "_padding": {
                                    "unit": "em",
                                    "top": "0",
                                    "right": "0",
                                    "bottom": "0",
                                    "left": "2",
                                    "isLinked": false
                                },
                                "_border_border": "solid",
                                "_border_width": {
                                    "unit": "px",
                                    "top": "0",
                                    "right": "0",
                                    "bottom": "0",
                                    "left": "1",
                                    "isLinked": false
                                },
                                "__globals__": {
                                    "typography_typography": "globals\/typography?id=text",
                                    "text_color": "globals\/colors?id=text",
                                    "_border_color": "globals\/colors?id=primary"
                                }
                            },
                            "elements": [],
                            "isInner": false,
                            "widgetType": "text-editor",
                            "elType": "widget"
                        },
                        {
                            "id": "7586ad39",
                            "settings": {
                                "title": "Nam posuere et justo ut tempus.",
                                "header_size": "h3",
                                "__globals__": {
                                    "typography_typography": "",
                                    "title_color": "globals\/colors?id=secondary"
                                },
                                "title_color": "#96849C",
                                "typography_typography": "custom",
                                "typography_font_family": "Abril Fatface",
                                "typography_font_size": {
                                    "unit": "px",
                                    "size": 28.42999999999999971578290569595992565155029296875,
                                    "sizes": []
                                },
                                "typography_font_weight": "normal"
                            },
                            "elements": [],
                            "isInner": false,
                            "widgetType": "heading",
                            "elType": "widget"
                        },
                        {
                            "id": "79b12ca7",
                            "settings": {
                                "editor": "<p>Ut aliquet luctus felis, a hendrerit velit suscipit ut. Cras a mauris lectus. Praesent ut odio libero. Phasellus finibus diam vitae nisl fringilla, quis rhoncus nibh sagittis. Nullam hendrerit risus est, in interdum ipsum vestibulum iaculis. Suspendisse rutrum enim non felis congue, ac elementum velit interdum. Vivamus pellentesque mauris sit amet accumsan ultricies. Mauris at ipsum leo.<\/p>",
                                "__globals__": {
                                    "typography_typography": "globals\/typography?id=text",
                                    "text_color": "globals\/colors?id=text"
                                }
                            },
                            "elements": [],
                            "isInner": false,
                            "widgetType": "text-editor",
                            "elType": "widget"
                        }
                    ],
                    "isInner": false,
                    "elType": "column"
                },
                {
                    "id": "727fe750",
                    "settings": {
                        "_column_size": 33,
                        "_inline_size": null,
                        "padding": {
                            "unit": "em",
                            "top": "1",
                            "right": "1",
                            "bottom": "1",
                            "left": "1",
                            "isLinked": true
                        },
                        "padding_tablet": {
                            "unit": "em",
                            "top": "",
                            "right": "",
                            "bottom": "",
                            "left": "",
                            "isLinked": true
                        }
                    },
                    "elements": [
                        {
                            "id": "52881775",
                            "settings": {
                                "title": "Categories",
                                "header_size": "h3",
                                "__globals__": {
                                    "typography_typography": "",
                                    "title_color": "globals\/colors?id=secondary"
                                },
                                "typography_typography": "custom",
                                "typography_font_family": "Abril Fatface",
                                "typography_font_size": {
                                    "unit": "px",
                                    "size": 28.42999999999999971578290569595992565155029296875,
                                    "sizes": []
                                },
                                "typography_font_weight": "400",
                                "title_color": "#96849C"
                            },
                            "elements": [],
                            "isInner": false,
                            "widgetType": "heading",
                            "elType": "widget"
                        },
                        {
                            "id": "1bff90f7",
                            "settings": [],
                            "elements": [
                                {
                                    "id": "4003b218",
                                    "settings": {
                                        "_column_size": 100,
                                        "_inline_size": null,
                                        "background_background": "classic",
                                        "border_radius": {
                                            "unit": "px",
                                            "top": "25",
                                            "right": "25",
                                            "bottom": "25",
                                            "left": "25",
                                            "isLinked": true
                                        },
                                        "padding": {
                                            "unit": "em",
                                            "top": "1",
                                            "right": "1",
                                            "bottom": "1",
                                            "left": "1",
                                            "isLinked": true
                                        },
                                        "__globals__": {
                                            "background_color": "globals\/colors?id=accent"
                                        }
                                    },
                                    "elements": [
                                        {
                                            "id": "3a7ab37d",
                                            "settings": {
                                                "text": "Vestibulum quam",
                                                "background_color": "#02010100",
                                                "border_border": "solid",
                                                "border_width": {
                                                    "unit": "px",
                                                    "top": "0",
                                                    "right": "0",
                                                    "bottom": "1",
                                                    "left": "0",
                                                    "isLinked": false
                                                },
                                                "text_padding": {
                                                    "unit": "em",
                                                    "top": "0.5",
                                                    "right": "1",
                                                    "bottom": "0.5",
                                                    "left": "1",
                                                    "isLinked": false
                                                },
                                                "__globals__": {
                                                    "button_text_color": "globals\/colors?id=secondary",
                                                    "border_color": "globals\/colors?id=primary",
                                                    "hover_color": "globals\/colors?id=primary",
                                                    "typography_typography": ""
                                                },
                                                "selected_icon": {
                                                    "value": "fas fa-dove",
                                                    "library": "fa-solid"
                                                },
                                                "icon_indent": {
                                                    "unit": "px",
                                                    "size": 16,
                                                    "sizes": []
                                                },
                                                "hover_color": "#C7A43B",
                                                "border_color": "#C7A43B",
                                                "typography_typography": "custom",
                                                "typography_font_family": "IBM Plex Sans",
                                                "typography_font_size": {
                                                    "unit": "px",
                                                    "size": 16,
                                                    "sizes": []
                                                },
                                                "typography_font_weight": "normal",
                                                "typography_text_transform": "none",
                                                "button_text_color": "#15395A",
                                                "_margin": {
                                                    "unit": "em",
                                                    "top": "0",
                                                    "right": "0",
                                                    "bottom": "0",
                                                    "left": "0",
                                                    "isLinked": false
                                                },
                                                "border_radius": {
                                                    "unit": "px",
                                                    "top": "0",
                                                    "right": "0",
                                                    "bottom": "0",
                                                    "left": "0",
                                                    "isLinked": true
                                                }
                                            },
                                            "elements": [],
                                            "isInner": false,
                                            "widgetType": "button",
                                            "elType": "widget"
                                        },
                                        {
                                            "id": "63394d3",
                                            "settings": {
                                                "text": "Aenean ac nisi et eros",
                                                "background_color": "#02010100",
                                                "border_border": "solid",
                                                "border_width": {
                                                    "unit": "px",
                                                    "top": "0",
                                                    "right": "0",
                                                    "bottom": "1",
                                                    "left": "0",
                                                    "isLinked": false
                                                },
                                                "text_padding": {
                                                    "unit": "em",
                                                    "top": "0.5",
                                                    "right": "1",
                                                    "bottom": "0.5",
                                                    "left": "1",
                                                    "isLinked": false
                                                },
                                                "__globals__": {
                                                    "button_text_color": "globals\/colors?id=secondary",
                                                    "border_color": "globals\/colors?id=primary",
                                                    "hover_color": "globals\/colors?id=primary",
                                                    "typography_typography": ""
                                                },
                                                "selected_icon": {
                                                    "value": "fas fa-dove",
                                                    "library": "fa-solid"
                                                },
                                                "icon_indent": {
                                                    "unit": "px",
                                                    "size": 16,
                                                    "sizes": []
                                                },
                                                "hover_color": "#C7A43B",
                                                "border_color": "#C7A43B",
                                                "typography_typography": "custom",
                                                "typography_font_family": "IBM Plex Sans",
                                                "typography_font_size": {
                                                    "unit": "px",
                                                    "size": 16,
                                                    "sizes": []
                                                },
                                                "typography_font_weight": "normal",
                                                "typography_text_transform": "none",
                                                "button_text_color": "#15395A",
                                                "_margin": {
                                                    "unit": "em",
                                                    "top": "0",
                                                    "right": "0",
                                                    "bottom": "0",
                                                    "left": "0",
                                                    "isLinked": false
                                                },
                                                "border_radius": {
                                                    "unit": "px",
                                                    "top": "0",
                                                    "right": "0",
                                                    "bottom": "0",
                                                    "left": "0",
                                                    "isLinked": true
                                                }
                                            },
                                            "elements": [],
                                            "isInner": false,
                                            "widgetType": "button",
                                            "elType": "widget"
                                        },
                                        {
                                            "id": "32bd7fe5",
                                            "settings": {
                                                "text": "In a mattis libero",
                                                "background_color": "#02010100",
                                                "border_border": "solid",
                                                "border_width": {
                                                    "unit": "px",
                                                    "top": "0",
                                                    "right": "0",
                                                    "bottom": "1",
                                                    "left": "0",
                                                    "isLinked": false
                                                },
                                                "text_padding": {
                                                    "unit": "em",
                                                    "top": "0.5",
                                                    "right": "1",
                                                    "bottom": "0.5",
                                                    "left": "1",
                                                    "isLinked": false
                                                },
                                                "__globals__": {
                                                    "button_text_color": "globals\/colors?id=secondary",
                                                    "border_color": "globals\/colors?id=primary",
                                                    "hover_color": "globals\/colors?id=primary",
                                                    "typography_typography": ""
                                                },
                                                "selected_icon": {
                                                    "value": "fas fa-dove",
                                                    "library": "fa-solid"
                                                },
                                                "icon_indent": {
                                                    "unit": "px",
                                                    "size": 16,
                                                    "sizes": []
                                                },
                                                "hover_color": "#C7A43B",
                                                "border_color": "#C7A43B",
                                                "typography_typography": "custom",
                                                "typography_font_family": "IBM Plex Sans",
                                                "typography_font_size": {
                                                    "unit": "px",
                                                    "size": 16,
                                                    "sizes": []
                                                },
                                                "typography_font_weight": "normal",
                                                "typography_text_transform": "none",
                                                "button_text_color": "#15395A",
                                                "_margin": {
                                                    "unit": "em",
                                                    "top": "0",
                                                    "right": "0",
                                                    "bottom": "0",
                                                    "left": "0",
                                                    "isLinked": false
                                                },
                                                "border_radius": {
                                                    "unit": "px",
                                                    "top": "0",
                                                    "right": "0",
                                                    "bottom": "0",
                                                    "left": "0",
                                                    "isLinked": true
                                                }
                                            },
                                            "elements": [],
                                            "isInner": false,
                                            "widgetType": "button",
                                            "elType": "widget"
                                        },
                                        {
                                            "id": "27d55b87",
                                            "settings": {
                                                "text": "Aliquam commodo",
                                                "background_color": "#02010100",
                                                "border_border": "solid",
                                                "border_width": {
                                                    "unit": "px",
                                                    "top": "0",
                                                    "right": "0",
                                                    "bottom": "1",
                                                    "left": "0",
                                                    "isLinked": false
                                                },
                                                "text_padding": {
                                                    "unit": "em",
                                                    "top": "0.5",
                                                    "right": "1",
                                                    "bottom": "0.5",
                                                    "left": "1",
                                                    "isLinked": false
                                                },
                                                "__globals__": {
                                                    "button_text_color": "globals\/colors?id=secondary",
                                                    "border_color": "globals\/colors?id=primary",
                                                    "hover_color": "globals\/colors?id=primary",
                                                    "typography_typography": ""
                                                },
                                                "selected_icon": {
                                                    "value": "fas fa-dove",
                                                    "library": "fa-solid"
                                                },
                                                "icon_indent": {
                                                    "unit": "px",
                                                    "size": 16,
                                                    "sizes": []
                                                },
                                                "hover_color": "#C7A43B",
                                                "border_color": "#C7A43B",
                                                "typography_typography": "custom",
                                                "typography_font_family": "IBM Plex Sans",
                                                "typography_font_size": {
                                                    "unit": "px",
                                                    "size": 16,
                                                    "sizes": []
                                                },
                                                "typography_font_weight": "normal",
                                                "typography_text_transform": "none",
                                                "button_text_color": "#15395A",
                                                "_margin": {
                                                    "unit": "em",
                                                    "top": "0",
                                                    "right": "0",
                                                    "bottom": "0",
                                                    "left": "0",
                                                    "isLinked": false
                                                },
                                                "border_radius": {
                                                    "unit": "px",
                                                    "top": "0",
                                                    "right": "0",
                                                    "bottom": "0",
                                                    "left": "0",
                                                    "isLinked": true
                                                }
                                            },
                                            "elements": [],
                                            "isInner": false,
                                            "widgetType": "button",
                                            "elType": "widget"
                                        },
                                        {
                                            "id": "7fb8b760",
                                            "settings": {
                                                "text": "Nam elementum",
                                                "background_color": "#02010100",
                                                "border_border": "solid",
                                                "border_width": {
                                                    "unit": "px",
                                                    "top": "0",
                                                    "right": "0",
                                                    "bottom": "1",
                                                    "left": "0",
                                                    "isLinked": false
                                                },
                                                "text_padding": {
                                                    "unit": "em",
                                                    "top": "0.5",
                                                    "right": "1",
                                                    "bottom": "0.5",
                                                    "left": "1",
                                                    "isLinked": false
                                                },
                                                "__globals__": {
                                                    "button_text_color": "globals\/colors?id=secondary",
                                                    "border_color": "globals\/colors?id=primary",
                                                    "hover_color": "globals\/colors?id=primary",
                                                    "typography_typography": ""
                                                },
                                                "selected_icon": {
                                                    "value": "fas fa-dove",
                                                    "library": "fa-solid"
                                                },
                                                "icon_indent": {
                                                    "unit": "px",
                                                    "size": 16,
                                                    "sizes": []
                                                },
                                                "hover_color": "#C7A43B",
                                                "border_color": "#C7A43B",
                                                "typography_typography": "custom",
                                                "typography_font_family": "IBM Plex Sans",
                                                "typography_font_size": {
                                                    "unit": "px",
                                                    "size": 16,
                                                    "sizes": []
                                                },
                                                "typography_font_weight": "normal",
                                                "typography_text_transform": "none",
                                                "button_text_color": "#15395A",
                                                "_margin": {
                                                    "unit": "em",
                                                    "top": "0",
                                                    "right": "0",
                                                    "bottom": "0",
                                                    "left": "0",
                                                    "isLinked": false
                                                },
                                                "border_radius": {
                                                    "unit": "px",
                                                    "top": "0",
                                                    "right": "0",
                                                    "bottom": "0",
                                                    "left": "0",
                                                    "isLinked": true
                                                }
                                            },
                                            "elements": [],
                                            "isInner": false,
                                            "widgetType": "button",
                                            "elType": "widget"
                                        }
                                    ],
                                    "isInner": true,
                                    "elType": "column"
                                }
                            ],
                            "isInner": true,
                            "elType": "section"
                        },
                        {
                            "id": "435b68f2",
                            "settings": {
                                "space": {
                                    "unit": "em",
                                    "size": 1,
                                    "sizes": []
                                }
                            },
                            "elements": [],
                            "isInner": false,
                            "widgetType": "spacer",
                            "elType": "widget"
                        },
                        {
                            "id": "37f1b726",
                            "settings": {
                                "title": "Wedding Location",
                                "header_size": "h3",
                                "__globals__": {
                                    "typography_typography": "",
                                    "title_color": "globals\/colors?id=secondary"
                                },
                                "typography_typography": "custom",
                                "typography_font_family": "Abril Fatface",
                                "typography_font_size": {
                                    "unit": "px",
                                    "size": 28.42999999999999971578290569595992565155029296875,
                                    "sizes": []
                                },
                                "typography_font_weight": "normal",
                                "title_color": "#96849C"
                            },
                            "elements": [],
                            "isInner": false,
                            "widgetType": "heading",
                            "elType": "widget"
                        },
                        {
                            "id": "7e0568d9",
                            "settings": [],
                            "elements": [
                                {
                                    "id": "1b23f177",
                                    "settings": {
                                        "_column_size": 100,
                                        "_inline_size": null,
                                        "background_background": "classic",
                                        "border_radius": {
                                            "unit": "px",
                                            "top": "25",
                                            "right": "25",
                                            "bottom": "25",
                                            "left": "25",
                                            "isLinked": true
                                        },
                                        "padding": {
                                            "unit": "em",
                                            "top": "0",
                                            "right": "0",
                                            "bottom": "0",
                                            "left": "0",
                                            "isLinked": true
                                        },
                                        "__globals__": {
                                            "background_color": "globals\/colors?id=primary"
                                        }
                                    },
                                    "elements": [
                                        {
                                            "id": "23ff44a4",
                                            "settings": {
                                                "address": "London Eye, London, United Kingdom",
                                                "css_filters_css_filter": "custom",
                                                "css_filters_saturate": {
                                                    "unit": "px",
                                                    "size": 0,
                                                    "sizes": []
                                                }
                                            },
                                            "elements": [],
                                            "isInner": false,
                                            "widgetType": "google_maps",
                                            "elType": "widget"
                                        },
                                        {
                                            "id": "109d458d",
                                            "settings": {
                                                "editor": "<p>3688 Hickory Heights Drive<\/p><p>Baltimore, MD 2120<\/p><p><b>T:<\/b> (01) 480-502-8196<\/p><p><b>F:<\/b> (01) 480-502-8185<\/p><p><b>E<\/b>: company@mail.com<\/p>",
                                                "typography_typography": "custom",
                                                "typography_font_family": "Open Sans",
                                                "typography_font_weight": "400",
                                                "_padding": {
                                                    "unit": "em",
                                                    "top": "0",
                                                    "right": "1",
                                                    "bottom": "1",
                                                    "left": "2",
                                                    "isLinked": false
                                                },
                                                "_padding_tablet": {
                                                    "unit": "em",
                                                    "top": "0",
                                                    "right": "1",
                                                    "bottom": "1",
                                                    "left": "1",
                                                    "isLinked": false
                                                },
                                                "_padding_mobile": {
                                                    "unit": "em",
                                                    "top": "0",
                                                    "right": "1",
                                                    "bottom": "1",
                                                    "left": "2",
                                                    "isLinked": false
                                                },
                                                "__globals__": {
                                                    "typography_typography": "globals\/typography?id=text",
                                                    "text_color": "globals\/colors?id=secondary"
                                                }
                                            },
                                            "elements": [],
                                            "isInner": false,
                                            "widgetType": "text-editor",
                                            "elType": "widget"
                                        }
                                    ],
                                    "isInner": true,
                                    "elType": "column"
                                }
                            ],
                            "isInner": true,
                            "elType": "section"
                        }
                    ],
                    "isInner": false,
                    "elType": "column"
                }
            ],
            "isInner": false,
            "elType": "section"
        },
        {
            "id": "11e8db4b",
            "settings": {
                "stretch_section": "section-stretched",
                "custom_height": {
                    "unit": "px",
                    "size": 380
                },
                "content_position": "middle",
                "background_background": "classic",
                "background_position": "bottom right",
                "background_repeat": "no-repeat",
                "background_size": "cover",
                "background_overlay_background": "classic",
                "padding": {
                    "unit": "em",
                    "top": "6",
                    "right": "1",
                    "bottom": "6",
                    "left": "1",
                    "isLinked": false
                },
                "content_width": {
                    "unit": "px",
                    "size": ""
                },
                "background_attachment": "fixed",
                "background_overlay_opacity": {
                    "unit": "px",
                    "size": 0.1499999999999999944488848768742172978818416595458984375,
                    "sizes": []
                },
                "margin": {
                    "unit": "px",
                    "top": "0",
                    "right": 0,
                    "bottom": "0",
                    "left": 0,
                    "isLinked": true
                },
                "background_overlay_image": {
                    "url": "http:\/\/elementor.doodlias.com\/wedoo\/wp-content\/uploads\/sites\/6\/2020\/08\/Gallery6.jpg",
                    "id": 159
                },
                "background_overlay_attachment": "fixed",
                "background_overlay_repeat": "no-repeat",
                "background_overlay_size": "cover",
                "overlay_blend_mode": "overlay",
                "__globals__": {
                    "background_color": "globals\/colors?id=secondary",
                    "background_overlay_color": ""
                }
            },
            "elements": [
                {
                    "id": "27885a2f",
                    "settings": {
                        "_column_size": 100,
                        "_inline_size": 100,
                        "space_between_widgets": 15,
                        "padding_tablet": {
                            "unit": "px",
                            "top": "0",
                            "right": "20",
                            "bottom": "0",
                            "left": "20",
                            "isLinked": false
                        },
                        "align": "center"
                    },
                    "elements": [
                        {
                            "id": "43fb2edf",
                            "settings": {
                                "structure": "20",
                                "margin": {
                                    "unit": "em",
                                    "top": "0",
                                    "right": 0,
                                    "bottom": "0",
                                    "left": 0,
                                    "isLinked": false
                                }
                            },
                            "elements": [
                                {
                                    "id": "6e560982",
                                    "settings": {
                                        "_column_size": 50,
                                        "_inline_size": 80.2660000000000053432813729159533977508544921875,
                                        "padding": {
                                            "unit": "em",
                                            "top": "1",
                                            "right": "1",
                                            "bottom": "1",
                                            "left": "1",
                                            "isLinked": true
                                        }
                                    },
                                    "elements": [
                                        {
                                            "id": "745e2563",
                                            "settings": {
                                                "title": "Be a Witness of Our Love",
                                                "align": "left",
                                                "typography_typography": "custom",
                                                "typography_font_size": {
                                                    "unit": "px",
                                                    "size": 60
                                                },
                                                "typography_text_transform": "none",
                                                "typography_line_height": {
                                                    "unit": "em",
                                                    "size": ""
                                                },
                                                "typography_letter_spacing": {
                                                    "unit": "px",
                                                    "size": ""
                                                },
                                                "_margin": {
                                                    "unit": "px",
                                                    "top": "",
                                                    "right": "",
                                                    "bottom": "",
                                                    "left": "",
                                                    "isLinked": false
                                                },
                                                "typography_line_height_mobile": {
                                                    "unit": "em",
                                                    "size": 1.100000000000000088817841970012523233890533447265625
                                                },
                                                "typography_font_family": "Abril Fatface",
                                                "_element_custom_width": {
                                                    "unit": "px",
                                                    "size": 700,
                                                    "sizes": []
                                                },
                                                "__globals__": {
                                                    "title_color": "globals\/colors?id=accent"
                                                },
                                                "align_mobile": "left",
                                                "typography_font_size_mobile": {
                                                    "unit": "px",
                                                    "size": 50.52000000000000312638803734444081783294677734375,
                                                    "sizes": []
                                                }
                                            },
                                            "elements": [],
                                            "isInner": false,
                                            "widgetType": "heading",
                                            "elType": "widget"
                                        },
                                        {
                                            "id": "17dc4f5d",
                                            "settings": {
                                                "align": "left",
                                                "text_color": "#ffffff",
                                                "typography_typography": "custom",
                                                "typography_font_size": {
                                                    "unit": "px",
                                                    "size": 15
                                                },
                                                "typography_font_weight": "300",
                                                "typography_line_height": {
                                                    "unit": "px",
                                                    "size": ""
                                                },
                                                "_padding_tablet": {
                                                    "unit": "px",
                                                    "top": "0",
                                                    "right": "0",
                                                    "bottom": "0",
                                                    "left": "0",
                                                    "isLinked": true
                                                },
                                                "typography_font_family": "Open Sans",
                                                "_margin": {
                                                    "unit": "em",
                                                    "top": "",
                                                    "right": "",
                                                    "bottom": "",
                                                    "left": "",
                                                    "isLinked": true
                                                },
                                                "_element_custom_width": {
                                                    "unit": "px",
                                                    "size": 700,
                                                    "sizes": []
                                                }
                                            },
                                            "elements": [],
                                            "isInner": false,
                                            "widgetType": "text-editor",
                                            "elType": "widget"
                                        }
                                    ],
                                    "isInner": true,
                                    "elType": "column"
                                },
                                {
                                    "id": "1c9fb108",
                                    "settings": {
                                        "_column_size": 50,
                                        "_inline_size": 19.690999999999998948396751075051724910736083984375,
                                        "content_position": "center",
                                        "border_border": "solid",
                                        "border_width": {
                                            "unit": "px",
                                            "top": "0",
                                            "right": "0",
                                            "bottom": "0",
                                            "left": "1",
                                            "isLinked": false
                                        },
                                        "padding": {
                                            "unit": "em",
                                            "top": "1",
                                            "right": "1",
                                            "bottom": "1",
                                            "left": "1",
                                            "isLinked": true
                                        },
                                        "__globals__": {
                                            "border_color": "globals\/colors?id=accent"
                                        },
                                        "border_width_mobile": {
                                            "unit": "px",
                                            "top": "0",
                                            "right": "0",
                                            "bottom": "0",
                                            "left": "0",
                                            "isLinked": true
                                        }
                                    },
                                    "elements": [
                                        {
                                            "id": "6414f54d",
                                            "settings": {
                                                "text": "RSVP",
                                                "align": "right",
                                                "text_padding": {
                                                    "unit": "px",
                                                    "top": "18",
                                                    "right": "50",
                                                    "bottom": "18",
                                                    "left": "50",
                                                    "isLinked": false
                                                },
                                                "align_mobile": "justify"
                                            },
                                            "elements": [],
                                            "isInner": false,
                                            "widgetType": "button",
                                            "elType": "widget"
                                        }
                                    ],
                                    "isInner": true,
                                    "elType": "column"
                                }
                            ],
                            "isInner": true,
                            "elType": "section"
                        }
                    ],
                    "isInner": false,
                    "elType": "column"
                }
            ],
            "isInner": false,
            "elType": "section"
        }
    ],
    "page_settings": {
        "eael_ext_toc_title": "Table of Contents",
        "hide_title": "yes",
        "template": "elementor_header_footer"
    }
}