{
    "version": "0.4",
    "title": "Testimonial",
    "type": "page",
    "metadata": {
        "template_type": "single-page",
        "include_in_zip": "1",
        "elementor_pro_required": null,
        "wp_page_template": "elementor_header_footer"
    },
    "content": [
        {
            "id": "6ef690c8",
            "settings": {
                "stretch_section": "section-stretched",
                "content_width": {
                    "unit": "px",
                    "size": 1280,
                    "sizes": []
                },
                "custom_height": {
                    "unit": "px",
                    "size": 310,
                    "sizes": []
                },
                "background_background": "classic",
                "background_color": "#ffffff",
                "background_slideshow_gallery": [
                    {
                        "id": 20,
                        "url": "http:\/\/elementor.doodlias.com\/wenvite\/wp-content\/uploads\/sites\/6\/2020\/08\/slid1.jpg"
                    },
                    {
                        "id": 30,
                        "url": "http:\/\/elementor.doodlias.com\/wenvite\/wp-content\/uploads\/sites\/6\/2020\/08\/slid2.jpg"
                    },
                    {
                        "id": 40,
                        "url": "http:\/\/elementor.doodlias.com\/wenvite\/wp-content\/uploads\/sites\/6\/2020\/08\/slid3.jpg"
                    }
                ],
                "background_slideshow_background_size": "cover",
                "background_slideshow_ken_burns": "yes",
                "background_slideshow_ken_burns_zoom_direction": "out",
                "background_overlay_background": "classic",
                "background_overlay_color": "#606B70",
                "css_filters_css_filter": "custom",
                "overlay_blend_mode": "multiply",
                "border_border": "solid",
                "border_width": {
                    "unit": "px",
                    "top": "20",
                    "right": "20",
                    "bottom": "20",
                    "left": "20",
                    "isLinked": true
                },
                "border_color": "#FFFFFF",
                "border_radius": {
                    "unit": "px",
                    "top": "0",
                    "right": "0",
                    "bottom": "0",
                    "left": "0",
                    "isLinked": true
                },
                "margin": {
                    "unit": "em",
                    "top": "-9.5",
                    "right": 0,
                    "bottom": "0",
                    "left": 0,
                    "isLinked": false
                },
                "padding": {
                    "unit": "em",
                    "top": "12",
                    "right": "1",
                    "bottom": "6",
                    "left": "1",
                    "isLinked": false
                },
                "padding_mobile": {
                    "unit": "em",
                    "top": "",
                    "right": "",
                    "bottom": "",
                    "left": "",
                    "isLinked": true
                },
                "layout": "full_width",
                "background_image": {
                    "url": "http:\/\/elementor.doodlias.com\/wedoo\/wp-content\/uploads\/sites\/6\/2020\/08\/h6.jpg",
                    "id": 806
                },
                "background_repeat": "no-repeat",
                "background_size": "cover",
                "background_position_tablet": "center center",
                "background_repeat_tablet": "no-repeat",
                "background_size_tablet": "cover",
                "background_ypos": {
                    "unit": "em",
                    "size": -35.2000000000000028421709430404007434844970703125,
                    "sizes": []
                },
                "margin_tablet": {
                    "unit": "em",
                    "top": "-8",
                    "right": 0,
                    "bottom": "0",
                    "left": 0,
                    "isLinked": false
                },
                "padding_tablet": {
                    "unit": "em",
                    "top": "",
                    "right": "",
                    "bottom": "",
                    "left": "",
                    "isLinked": true
                },
                "margin_mobile": {
                    "unit": "em",
                    "top": "-9",
                    "right": 0,
                    "bottom": "0",
                    "left": 0,
                    "isLinked": false
                },
                "background_position": "center center"
            },
            "elements": [
                {
                    "id": "2d48e1cb",
                    "settings": {
                        "_column_size": 100,
                        "_inline_size": null
                    },
                    "elements": [
                        {
                            "id": "660d77a0",
                            "settings": {
                                "title": "Testimony",
                                "align": "center",
                                "_element_vertical_align": "center",
                                "__globals__": {
                                    "title_color": "",
                                    "typography_typography": ""
                                },
                                "header_size": "h1",
                                "title_color": "#FFFFFF",
                                "typography_typography": "custom",
                                "typography_font_family": "Abril Fatface",
                                "typography_font_size_mobile": {
                                    "unit": "px",
                                    "size": 50.52000000000000312638803734444081783294677734375,
                                    "sizes": []
                                },
                                "typography_font_weight": "400",
                                "align_mobile": "center"
                            },
                            "elements": [],
                            "isInner": false,
                            "widgetType": "heading",
                            "elType": "widget"
                        }
                    ],
                    "isInner": false,
                    "elType": "column"
                }
            ],
            "isInner": false,
            "elType": "section"
        },
        {
            "id": "6f519e4",
            "settings": {
                "gap": "no",
                "custom_height": {
                    "unit": "px",
                    "size": 900
                },
                "content_position": "middle",
                "padding": {
                    "unit": "em",
                    "top": "6",
                    "right": "1",
                    "bottom": "6",
                    "left": "1",
                    "isLinked": false
                },
                "padding_tablet": {
                    "unit": "em",
                    "top": "",
                    "right": "",
                    "bottom": "",
                    "left": "",
                    "isLinked": false
                },
                "padding_mobile": {
                    "unit": "px",
                    "top": "50",
                    "right": "20",
                    "bottom": "50",
                    "left": "20",
                    "isLinked": false
                }
            },
            "elements": [
                {
                    "id": "14cd8467",
                    "settings": {
                        "_column_size": 100,
                        "padding": {
                            "unit": "em",
                            "top": "1",
                            "right": "1",
                            "bottom": "1",
                            "left": "1",
                            "isLinked": true
                        }
                    },
                    "elements": [
                        {
                            "id": "763a03c0",
                            "settings": {
                                "selected_icon": {
                                    "value": "fas fa-dove",
                                    "library": "fa-solid"
                                },
                                "__globals__": {
                                    "primary_color": "globals\/colors?id=primary"
                                },
                                "align_tablet": "center",
                                "size": {
                                    "unit": "px",
                                    "size": 36,
                                    "sizes": []
                                },
                                "_z_index": 3
                            },
                            "elements": [],
                            "isInner": false,
                            "widgetType": "icon",
                            "elType": "widget"
                        },
                        {
                            "id": "3dac2374",
                            "settings": {
                                "title": "Friends Say",
                                "align": "center",
                                "align_tablet": "center",
                                "title_color": "#96849C",
                                "typography_typography": "custom",
                                "typography_font_family": "Abril Fatface",
                                "typography_font_size_mobile": {
                                    "unit": "px",
                                    "size": 50.52000000000000312638803734444081783294677734375,
                                    "sizes": []
                                },
                                "typography_font_weight": "normal",
                                "_margin": {
                                    "unit": "em",
                                    "top": "",
                                    "right": "",
                                    "bottom": "",
                                    "left": "",
                                    "isLinked": false
                                },
                                "_element_custom_width": {
                                    "unit": "px",
                                    "size": 700,
                                    "sizes": []
                                },
                                "_element_vertical_align": "center",
                                "__globals__": {
                                    "title_color": "globals\/colors?id=secondary",
                                    "typography_typography": ""
                                }
                            },
                            "elements": [],
                            "isInner": false,
                            "widgetType": "heading",
                            "elType": "widget"
                        },
                        {
                            "id": "1048ba66",
                            "settings": {
                                "align": "center",
                                "__globals__": {
                                    "typography_typography": "globals\/typography?id=text",
                                    "text_color": "globals\/colors?id=text"
                                }
                            },
                            "elements": [],
                            "isInner": false,
                            "widgetType": "text-editor",
                            "elType": "widget"
                        },
                        {
                            "id": "7c09320c",
                            "settings": {
                                "gap": "no",
                                "structure": "20",
                                "padding": {
                                    "unit": "em",
                                    "top": "0",
                                    "right": "0",
                                    "bottom": "1",
                                    "left": "0",
                                    "isLinked": false
                                },
                                "padding_mobile": {
                                    "unit": "px",
                                    "top": "15",
                                    "right": "0",
                                    "bottom": "0",
                                    "left": "0",
                                    "isLinked": false
                                }
                            },
                            "elements": [
                                {
                                    "id": "6a149855",
                                    "settings": {
                                        "_column_size": 50,
                                        "_inline_size": null,
                                        "padding": {
                                            "unit": "em",
                                            "top": "1",
                                            "right": "1",
                                            "bottom": "1",
                                            "left": "1",
                                            "isLinked": true
                                        },
                                        "padding_mobile": {
                                            "unit": "px",
                                            "top": "0",
                                            "right": "0",
                                            "bottom": "0",
                                            "left": "0",
                                            "isLinked": true
                                        },
                                        "margin_mobile": {
                                            "unit": "px",
                                            "top": "0",
                                            "right": "0",
                                            "bottom": "50",
                                            "left": "0",
                                            "isLinked": false
                                        }
                                    },
                                    "elements": [
                                        {
                                            "id": "71e1eb8c",
                                            "settings": {
                                                "icon": "fa fa-quote-left",
                                                "align": "left",
                                                "primary_color": "#FFCDCB4D",
                                                "size": {
                                                    "unit": "px",
                                                    "size": 38
                                                },
                                                "hover_animation": "grow",
                                                "selected_icon": {
                                                    "value": "fas fa-quote-left",
                                                    "library": "fa-solid"
                                                },
                                                "__fa4_migrated": {
                                                    "selected_icon": true
                                                },
                                                "__globals__": {
                                                    "primary_color": ""
                                                }
                                            },
                                            "elements": [],
                                            "isInner": false,
                                            "widgetType": "icon",
                                            "elType": "widget"
                                        },
                                        {
                                            "id": "629d1f6c",
                                            "settings": {
                                                "testimonial_content": "Click edit button to change this text. Lorem ipsum dolor sit amet, consectetur adipiscing elit. Ut elit tellus, luctus nec ullamcorper mattis, pulvinar dapibus leo.",
                                                "testimonial_image": {
                                                    "url": "",
                                                    "id": ""
                                                },
                                                "testimonial_name": "Clara D. Brooks",
                                                "testimonial_job": "Las Vegas, NV 89109",
                                                "testimonial_alignment": "left",
                                                "content_content_color": "#7A7A7A",
                                                "content_typography_typography": "custom",
                                                "content_typography_font_size": {
                                                    "unit": "px",
                                                    "size": 16,
                                                    "sizes": []
                                                },
                                                "name_text_color": "#96849C",
                                                "name_typography_typography": "custom",
                                                "name_typography_font_size": {
                                                    "unit": "px",
                                                    "size": 24,
                                                    "sizes": []
                                                },
                                                "job_text_color": "#7A7A7A",
                                                "job_typography_typography": "custom",
                                                "name_typography_font_family": "Abril Fatface",
                                                "content_typography_font_family": "Open Sans",
                                                "content_typography_font_weight": "400",
                                                "name_typography_font_weight": "normal",
                                                "job_typography_font_family": "Open Sans",
                                                "job_typography_font_weight": "400",
                                                "__globals__": {
                                                    "content_typography_typography": "",
                                                    "content_content_color": "globals\/colors?id=text",
                                                    "name_typography_typography": "",
                                                    "name_text_color": "globals\/colors?id=secondary",
                                                    "job_typography_typography": "",
                                                    "job_text_color": "globals\/colors?id=text"
                                                }
                                            },
                                            "elements": [],
                                            "isInner": false,
                                            "widgetType": "testimonial",
                                            "elType": "widget"
                                        }
                                    ],
                                    "isInner": true,
                                    "elType": "column"
                                },
                                {
                                    "id": "456e92f7",
                                    "settings": {
                                        "_column_size": 50,
                                        "_inline_size": null,
                                        "padding": {
                                            "unit": "em",
                                            "top": "1",
                                            "right": "1",
                                            "bottom": "1",
                                            "left": "1",
                                            "isLinked": true
                                        },
                                        "padding_mobile": {
                                            "unit": "px",
                                            "top": "0",
                                            "right": "0",
                                            "bottom": "0",
                                            "left": "0",
                                            "isLinked": true
                                        },
                                        "margin_mobile": {
                                            "unit": "px",
                                            "top": "0",
                                            "right": "0",
                                            "bottom": "50",
                                            "left": "0",
                                            "isLinked": false
                                        }
                                    },
                                    "elements": [
                                        {
                                            "id": "3b5ec9e0",
                                            "settings": {
                                                "icon": "fa fa-quote-left",
                                                "align": "left",
                                                "primary_color": "#FFCDCB4D",
                                                "size": {
                                                    "unit": "px",
                                                    "size": 38
                                                },
                                                "hover_animation": "grow",
                                                "selected_icon": {
                                                    "value": "fas fa-quote-left",
                                                    "library": "fa-solid"
                                                },
                                                "__fa4_migrated": {
                                                    "selected_icon": true
                                                },
                                                "__globals__": {
                                                    "primary_color": ""
                                                }
                                            },
                                            "elements": [],
                                            "isInner": false,
                                            "widgetType": "icon",
                                            "elType": "widget"
                                        },
                                        {
                                            "id": "ca056cd",
                                            "settings": {
                                                "testimonial_content": "Click edit button to change this text. Lorem ipsum dolor sit amet, consectetur adipiscing elit. Ut elit tellus, luctus nec ullamcorper mattis, pulvinar dapibus leo.",
                                                "testimonial_image": {
                                                    "url": "",
                                                    "id": ""
                                                },
                                                "testimonial_name": "Lisa Washington",
                                                "testimonial_job": "Las Vegas, NV 89109",
                                                "testimonial_alignment": "left",
                                                "content_content_color": "#7A7A7A",
                                                "content_typography_typography": "custom",
                                                "content_typography_font_size": {
                                                    "unit": "px",
                                                    "size": 16,
                                                    "sizes": []
                                                },
                                                "name_text_color": "#96849C",
                                                "name_typography_typography": "custom",
                                                "name_typography_font_size": {
                                                    "unit": "px",
                                                    "size": 24,
                                                    "sizes": []
                                                },
                                                "job_text_color": "#7A7A7A",
                                                "job_typography_typography": "custom",
                                                "name_typography_font_family": "Abril Fatface",
                                                "content_typography_font_family": "Open Sans",
                                                "content_typography_font_weight": "400",
                                                "name_typography_font_weight": "normal",
                                                "job_typography_font_family": "Open Sans",
                                                "job_typography_font_weight": "400",
                                                "__globals__": {
                                                    "content_typography_typography": "",
                                                    "content_content_color": "globals\/colors?id=text",
                                                    "name_typography_typography": "",
                                                    "name_text_color": "globals\/colors?id=secondary",
                                                    "job_typography_typography": "",
                                                    "job_text_color": "globals\/colors?id=text"
                                                }
                                            },
                                            "elements": [],
                                            "isInner": false,
                                            "widgetType": "testimonial",
                                            "elType": "widget"
                                        }
                                    ],
                                    "isInner": true,
                                    "elType": "column"
                                }
                            ],
                            "isInner": true,
                            "elType": "section"
                        },
                        {
                            "id": "574bfb7e",
                            "settings": {
                                "gap": "no",
                                "structure": "20",
                                "padding": {
                                    "unit": "em",
                                    "top": "0",
                                    "right": "0",
                                    "bottom": "1",
                                    "left": "0",
                                    "isLinked": false
                                },
                                "padding_mobile": {
                                    "unit": "px",
                                    "top": "15",
                                    "right": "0",
                                    "bottom": "0",
                                    "left": "0",
                                    "isLinked": false
                                }
                            },
                            "elements": [
                                {
                                    "id": "5f80ff41",
                                    "settings": {
                                        "_column_size": 50,
                                        "_inline_size": null,
                                        "padding": {
                                            "unit": "em",
                                            "top": "1",
                                            "right": "1",
                                            "bottom": "1",
                                            "left": "1",
                                            "isLinked": true
                                        },
                                        "padding_mobile": {
                                            "unit": "px",
                                            "top": "0",
                                            "right": "0",
                                            "bottom": "0",
                                            "left": "0",
                                            "isLinked": true
                                        },
                                        "margin_mobile": {
                                            "unit": "px",
                                            "top": "0",
                                            "right": "0",
                                            "bottom": "50",
                                            "left": "0",
                                            "isLinked": false
                                        }
                                    },
                                    "elements": [
                                        {
                                            "id": "5545d0ea",
                                            "settings": {
                                                "icon": "fa fa-quote-left",
                                                "align": "left",
                                                "primary_color": "#FFCDCB4D",
                                                "size": {
                                                    "unit": "px",
                                                    "size": 38
                                                },
                                                "hover_animation": "grow",
                                                "selected_icon": {
                                                    "value": "fas fa-quote-left",
                                                    "library": "fa-solid"
                                                },
                                                "__fa4_migrated": {
                                                    "selected_icon": true
                                                },
                                                "__globals__": {
                                                    "primary_color": ""
                                                }
                                            },
                                            "elements": [],
                                            "isInner": false,
                                            "widgetType": "icon",
                                            "elType": "widget"
                                        },
                                        {
                                            "id": "76dde72f",
                                            "settings": {
                                                "testimonial_content": "Click edit button to change this text. Lorem ipsum dolor sit amet, consectetur adipiscing elit. Ut elit tellus, luctus nec ullamcorper mattis, pulvinar dapibus leo.",
                                                "testimonial_image": {
                                                    "url": "",
                                                    "id": ""
                                                },
                                                "testimonial_name": "Stefania J. Doyle",
                                                "testimonial_job": "Las Vegas, NV 89109",
                                                "testimonial_alignment": "left",
                                                "content_content_color": "#7A7A7A",
                                                "content_typography_typography": "custom",
                                                "content_typography_font_size": {
                                                    "unit": "px",
                                                    "size": 16,
                                                    "sizes": []
                                                },
                                                "name_text_color": "#96849C",
                                                "name_typography_typography": "custom",
                                                "name_typography_font_size": {
                                                    "unit": "px",
                                                    "size": 24,
                                                    "sizes": []
                                                },
                                                "job_text_color": "#7A7A7A",
                                                "job_typography_typography": "custom",
                                                "name_typography_font_family": "Abril Fatface",
                                                "content_typography_font_family": "Open Sans",
                                                "content_typography_font_weight": "400",
                                                "name_typography_font_weight": "normal",
                                                "job_typography_font_family": "Open Sans",
                                                "job_typography_font_weight": "400",
                                                "__globals__": {
                                                    "content_typography_typography": "",
                                                    "content_content_color": "globals\/colors?id=text",
                                                    "name_typography_typography": "",
                                                    "name_text_color": "globals\/colors?id=secondary",
                                                    "job_typography_typography": "",
                                                    "job_text_color": "globals\/colors?id=text"
                                                }
                                            },
                                            "elements": [],
                                            "isInner": false,
                                            "widgetType": "testimonial",
                                            "elType": "widget"
                                        }
                                    ],
                                    "isInner": true,
                                    "elType": "column"
                                },
                                {
                                    "id": "1bf3bf2d",
                                    "settings": {
                                        "_column_size": 50,
                                        "_inline_size": null,
                                        "padding": {
                                            "unit": "em",
                                            "top": "1",
                                            "right": "1",
                                            "bottom": "1",
                                            "left": "1",
                                            "isLinked": true
                                        },
                                        "padding_mobile": {
                                            "unit": "px",
                                            "top": "0",
                                            "right": "0",
                                            "bottom": "0",
                                            "left": "0",
                                            "isLinked": true
                                        },
                                        "margin_mobile": {
                                            "unit": "px",
                                            "top": "0",
                                            "right": "0",
                                            "bottom": "50",
                                            "left": "0",
                                            "isLinked": false
                                        }
                                    },
                                    "elements": [
                                        {
                                            "id": "3b103b80",
                                            "settings": {
                                                "icon": "fa fa-quote-left",
                                                "align": "left",
                                                "primary_color": "#FFCDCB4D",
                                                "size": {
                                                    "unit": "px",
                                                    "size": 38
                                                },
                                                "hover_animation": "grow",
                                                "selected_icon": {
                                                    "value": "fas fa-quote-left",
                                                    "library": "fa-solid"
                                                },
                                                "__fa4_migrated": {
                                                    "selected_icon": true
                                                },
                                                "__globals__": {
                                                    "primary_color": ""
                                                }
                                            },
                                            "elements": [],
                                            "isInner": false,
                                            "widgetType": "icon",
                                            "elType": "widget"
                                        },
                                        {
                                            "id": "13dc885b",
                                            "settings": {
                                                "testimonial_content": "Click edit button to change this text. Lorem ipsum dolor sit amet, consectetur adipiscing elit. Ut elit tellus, luctus nec ullamcorper mattis, pulvinar dapibus leo.",
                                                "testimonial_image": {
                                                    "url": "",
                                                    "id": ""
                                                },
                                                "testimonial_name": "Kenneth McCumber",
                                                "testimonial_job": "Las Vegas, NV 89109",
                                                "testimonial_alignment": "left",
                                                "content_content_color": "#7A7A7A",
                                                "content_typography_typography": "custom",
                                                "content_typography_font_size": {
                                                    "unit": "px",
                                                    "size": 16,
                                                    "sizes": []
                                                },
                                                "name_text_color": "#96849C",
                                                "name_typography_typography": "custom",
                                                "name_typography_font_size": {
                                                    "unit": "px",
                                                    "size": 24,
                                                    "sizes": []
                                                },
                                                "job_text_color": "#7A7A7A",
                                                "job_typography_typography": "custom",
                                                "name_typography_font_family": "Abril Fatface",
                                                "content_typography_font_family": "Open Sans",
                                                "content_typography_font_weight": "400",
                                                "name_typography_font_weight": "normal",
                                                "job_typography_font_family": "Open Sans",
                                                "job_typography_font_weight": "400",
                                                "__globals__": {
                                                    "content_typography_typography": "",
                                                    "content_content_color": "globals\/colors?id=text",
                                                    "name_typography_typography": "",
                                                    "name_text_color": "globals\/colors?id=secondary",
                                                    "job_typography_typography": "",
                                                    "job_text_color": "globals\/colors?id=text"
                                                }
                                            },
                                            "elements": [],
                                            "isInner": false,
                                            "widgetType": "testimonial",
                                            "elType": "widget"
                                        }
                                    ],
                                    "isInner": true,
                                    "elType": "column"
                                }
                            ],
                            "isInner": true,
                            "elType": "section"
                        },
                        {
                            "id": "52336056",
                            "settings": {
                                "gap": "no",
                                "structure": "20",
                                "padding": {
                                    "unit": "em",
                                    "top": "0",
                                    "right": "0",
                                    "bottom": "1",
                                    "left": "0",
                                    "isLinked": false
                                },
                                "padding_mobile": {
                                    "unit": "px",
                                    "top": "15",
                                    "right": "0",
                                    "bottom": "0",
                                    "left": "0",
                                    "isLinked": false
                                }
                            },
                            "elements": [
                                {
                                    "id": "7fe8e333",
                                    "settings": {
                                        "_column_size": 50,
                                        "_inline_size": null,
                                        "padding": {
                                            "unit": "em",
                                            "top": "1",
                                            "right": "1",
                                            "bottom": "1",
                                            "left": "1",
                                            "isLinked": true
                                        },
                                        "padding_mobile": {
                                            "unit": "px",
                                            "top": "0",
                                            "right": "0",
                                            "bottom": "0",
                                            "left": "0",
                                            "isLinked": true
                                        },
                                        "margin_mobile": {
                                            "unit": "px",
                                            "top": "0",
                                            "right": "0",
                                            "bottom": "50",
                                            "left": "0",
                                            "isLinked": false
                                        }
                                    },
                                    "elements": [
                                        {
                                            "id": "16249e90",
                                            "settings": {
                                                "icon": "fa fa-quote-left",
                                                "align": "left",
                                                "primary_color": "#FFCDCB4D",
                                                "size": {
                                                    "unit": "px",
                                                    "size": 38
                                                },
                                                "hover_animation": "grow",
                                                "selected_icon": {
                                                    "value": "fas fa-quote-left",
                                                    "library": "fa-solid"
                                                },
                                                "__fa4_migrated": {
                                                    "selected_icon": true
                                                },
                                                "__globals__": {
                                                    "primary_color": ""
                                                }
                                            },
                                            "elements": [],
                                            "isInner": false,
                                            "widgetType": "icon",
                                            "elType": "widget"
                                        },
                                        {
                                            "id": "592eb75",
                                            "settings": {
                                                "testimonial_content": "Click edit button to change this text. Lorem ipsum dolor sit amet, consectetur adipiscing elit. Ut elit tellus, luctus nec ullamcorper mattis, pulvinar dapibus leo.",
                                                "testimonial_image": {
                                                    "url": "",
                                                    "id": ""
                                                },
                                                "testimonial_name": "Melanie Dobreh",
                                                "testimonial_job": "Las Vegas, NV 89109",
                                                "testimonial_alignment": "left",
                                                "content_content_color": "#7A7A7A",
                                                "content_typography_typography": "custom",
                                                "content_typography_font_size": {
                                                    "unit": "px",
                                                    "size": 16,
                                                    "sizes": []
                                                },
                                                "name_text_color": "#96849C",
                                                "name_typography_typography": "custom",
                                                "name_typography_font_size": {
                                                    "unit": "px",
                                                    "size": 24,
                                                    "sizes": []
                                                },
                                                "job_text_color": "#7A7A7A",
                                                "job_typography_typography": "custom",
                                                "name_typography_font_family": "Abril Fatface",
                                                "content_typography_font_family": "Open Sans",
                                                "content_typography_font_weight": "400",
                                                "name_typography_font_weight": "normal",
                                                "job_typography_font_family": "Open Sans",
                                                "job_typography_font_weight": "400",
                                                "__globals__": {
                                                    "content_typography_typography": "",
                                                    "content_content_color": "globals\/colors?id=text",
                                                    "name_typography_typography": "",
                                                    "name_text_color": "globals\/colors?id=secondary",
                                                    "job_typography_typography": "",
                                                    "job_text_color": "globals\/colors?id=text"
                                                }
                                            },
                                            "elements": [],
                                            "isInner": false,
                                            "widgetType": "testimonial",
                                            "elType": "widget"
                                        }
                                    ],
                                    "isInner": true,
                                    "elType": "column"
                                },
                                {
                                    "id": "369396bb",
                                    "settings": {
                                        "_column_size": 50,
                                        "_inline_size": null,
                                        "padding": {
                                            "unit": "em",
                                            "top": "1",
                                            "right": "1",
                                            "bottom": "1",
                                            "left": "1",
                                            "isLinked": true
                                        },
                                        "padding_mobile": {
                                            "unit": "px",
                                            "top": "0",
                                            "right": "0",
                                            "bottom": "0",
                                            "left": "0",
                                            "isLinked": true
                                        },
                                        "margin_mobile": {
                                            "unit": "px",
                                            "top": "0",
                                            "right": "0",
                                            "bottom": "50",
                                            "left": "0",
                                            "isLinked": false
                                        }
                                    },
                                    "elements": [
                                        {
                                            "id": "2dc21e03",
                                            "settings": {
                                                "icon": "fa fa-quote-left",
                                                "align": "left",
                                                "primary_color": "#FFCDCB4D",
                                                "size": {
                                                    "unit": "px",
                                                    "size": 38
                                                },
                                                "hover_animation": "grow",
                                                "selected_icon": {
                                                    "value": "fas fa-quote-left",
                                                    "library": "fa-solid"
                                                },
                                                "__fa4_migrated": {
                                                    "selected_icon": true
                                                },
                                                "__globals__": {
                                                    "primary_color": ""
                                                }
                                            },
                                            "elements": [],
                                            "isInner": false,
                                            "widgetType": "icon",
                                            "elType": "widget"
                                        },
                                        {
                                            "id": "768aa382",
                                            "settings": {
                                                "testimonial_content": "Click edit button to change this text. Lorem ipsum dolor sit amet, consectetur adipiscing elit. Ut elit tellus, luctus nec ullamcorper mattis, pulvinar dapibus leo.",
                                                "testimonial_image": {
                                                    "url": "",
                                                    "id": ""
                                                },
                                                "testimonial_name": "Alex Furtado",
                                                "testimonial_job": "Las Vegas, NV 89109",
                                                "testimonial_alignment": "left",
                                                "content_content_color": "#7A7A7A",
                                                "content_typography_typography": "custom",
                                                "content_typography_font_size": {
                                                    "unit": "px",
                                                    "size": 16,
                                                    "sizes": []
                                                },
                                                "name_text_color": "#96849C",
                                                "name_typography_typography": "custom",
                                                "name_typography_font_size": {
                                                    "unit": "px",
                                                    "size": 24,
                                                    "sizes": []
                                                },
                                                "job_text_color": "#7A7A7A",
                                                "job_typography_typography": "custom",
                                                "name_typography_font_family": "Abril Fatface",
                                                "content_typography_font_family": "Open Sans",
                                                "content_typography_font_weight": "400",
                                                "name_typography_font_weight": "normal",
                                                "job_typography_font_family": "Open Sans",
                                                "job_typography_font_weight": "400",
                                                "__globals__": {
                                                    "content_typography_typography": "",
                                                    "content_content_color": "globals\/colors?id=text",
                                                    "name_typography_typography": "",
                                                    "name_text_color": "globals\/colors?id=secondary",
                                                    "job_typography_typography": "",
                                                    "job_text_color": "globals\/colors?id=text"
                                                }
                                            },
                                            "elements": [],
                                            "isInner": false,
                                            "widgetType": "testimonial",
                                            "elType": "widget"
                                        }
                                    ],
                                    "isInner": true,
                                    "elType": "column"
                                }
                            ],
                            "isInner": true,
                            "elType": "section"
                        }
                    ],
                    "isInner": false,
                    "elType": "column"
                }
            ],
            "isInner": false,
            "elType": "section"
        },
        {
            "id": "4da42161",
            "settings": {
                "stretch_section": "section-stretched",
                "custom_height": {
                    "unit": "px",
                    "size": 380
                },
                "content_position": "middle",
                "background_background": "classic",
                "background_position": "bottom right",
                "background_repeat": "no-repeat",
                "background_size": "cover",
                "background_overlay_background": "classic",
                "padding": {
                    "unit": "em",
                    "top": "6",
                    "right": "1",
                    "bottom": "6",
                    "left": "1",
                    "isLinked": false
                },
                "content_width": {
                    "unit": "px",
                    "size": ""
                },
                "background_attachment": "fixed",
                "background_overlay_opacity": {
                    "unit": "px",
                    "size": 0.1499999999999999944488848768742172978818416595458984375,
                    "sizes": []
                },
                "margin": {
                    "unit": "px",
                    "top": "0",
                    "right": 0,
                    "bottom": "0",
                    "left": 0,
                    "isLinked": true
                },
                "background_overlay_image": {
                    "url": "http:\/\/elementor.doodlias.com\/wedoo\/wp-content\/uploads\/sites\/6\/2020\/08\/Gallery6.jpg",
                    "id": 159
                },
                "background_overlay_attachment": "fixed",
                "background_overlay_repeat": "no-repeat",
                "background_overlay_size": "cover",
                "overlay_blend_mode": "overlay",
                "__globals__": {
                    "background_color": "globals\/colors?id=secondary",
                    "background_overlay_color": ""
                }
            },
            "elements": [
                {
                    "id": "b49f55d",
                    "settings": {
                        "_column_size": 100,
                        "_inline_size": 100,
                        "space_between_widgets": 15,
                        "padding_tablet": {
                            "unit": "px",
                            "top": "0",
                            "right": "20",
                            "bottom": "0",
                            "left": "20",
                            "isLinked": false
                        },
                        "align": "center"
                    },
                    "elements": [
                        {
                            "id": "484f9e4b",
                            "settings": {
                                "structure": "20",
                                "margin": {
                                    "unit": "em",
                                    "top": "0",
                                    "right": 0,
                                    "bottom": "0",
                                    "left": 0,
                                    "isLinked": false
                                }
                            },
                            "elements": [
                                {
                                    "id": "201e9315",
                                    "settings": {
                                        "_column_size": 50,
                                        "_inline_size": 80.2660000000000053432813729159533977508544921875,
                                        "padding": {
                                            "unit": "em",
                                            "top": "1",
                                            "right": "1",
                                            "bottom": "1",
                                            "left": "1",
                                            "isLinked": true
                                        }
                                    },
                                    "elements": [
                                        {
                                            "id": "6f9ea8f5",
                                            "settings": {
                                                "title": "Be a Witness of Our Love",
                                                "align": "left",
                                                "typography_typography": "custom",
                                                "typography_font_size": {
                                                    "unit": "px",
                                                    "size": 60
                                                },
                                                "typography_text_transform": "none",
                                                "typography_line_height": {
                                                    "unit": "em",
                                                    "size": ""
                                                },
                                                "typography_letter_spacing": {
                                                    "unit": "px",
                                                    "size": ""
                                                },
                                                "_margin": {
                                                    "unit": "px",
                                                    "top": "",
                                                    "right": "",
                                                    "bottom": "",
                                                    "left": "",
                                                    "isLinked": false
                                                },
                                                "typography_line_height_mobile": {
                                                    "unit": "em",
                                                    "size": 1.100000000000000088817841970012523233890533447265625
                                                },
                                                "typography_font_family": "Abril Fatface",
                                                "_element_custom_width": {
                                                    "unit": "px",
                                                    "size": 700,
                                                    "sizes": []
                                                },
                                                "__globals__": {
                                                    "title_color": "globals\/colors?id=accent"
                                                },
                                                "align_mobile": "left",
                                                "typography_font_size_mobile": {
                                                    "unit": "px",
                                                    "size": 50.52000000000000312638803734444081783294677734375,
                                                    "sizes": []
                                                }
                                            },
                                            "elements": [],
                                            "isInner": false,
                                            "widgetType": "heading",
                                            "elType": "widget"
                                        },
                                        {
                                            "id": "364afc9e",
                                            "settings": {
                                                "align": "left",
                                                "text_color": "#ffffff",
                                                "typography_typography": "custom",
                                                "typography_font_size": {
                                                    "unit": "px",
                                                    "size": 15
                                                },
                                                "typography_font_weight": "300",
                                                "typography_line_height": {
                                                    "unit": "px",
                                                    "size": ""
                                                },
                                                "_padding_tablet": {
                                                    "unit": "px",
                                                    "top": "0",
                                                    "right": "0",
                                                    "bottom": "0",
                                                    "left": "0",
                                                    "isLinked": true
                                                },
                                                "typography_font_family": "Open Sans",
                                                "_margin": {
                                                    "unit": "em",
                                                    "top": "",
                                                    "right": "",
                                                    "bottom": "",
                                                    "left": "",
                                                    "isLinked": true
                                                },
                                                "_element_custom_width": {
                                                    "unit": "px",
                                                    "size": 700,
                                                    "sizes": []
                                                }
                                            },
                                            "elements": [],
                                            "isInner": false,
                                            "widgetType": "text-editor",
                                            "elType": "widget"
                                        }
                                    ],
                                    "isInner": true,
                                    "elType": "column"
                                },
                                {
                                    "id": "13fff163",
                                    "settings": {
                                        "_column_size": 50,
                                        "_inline_size": 19.690999999999998948396751075051724910736083984375,
                                        "content_position": "center",
                                        "border_border": "solid",
                                        "border_width": {
                                            "unit": "px",
                                            "top": "0",
                                            "right": "0",
                                            "bottom": "0",
                                            "left": "1",
                                            "isLinked": false
                                        },
                                        "padding": {
                                            "unit": "em",
                                            "top": "1",
                                            "right": "1",
                                            "bottom": "1",
                                            "left": "1",
                                            "isLinked": true
                                        },
                                        "__globals__": {
                                            "border_color": "globals\/colors?id=accent"
                                        },
                                        "border_width_mobile": {
                                            "unit": "px",
                                            "top": "0",
                                            "right": "0",
                                            "bottom": "0",
                                            "left": "0",
                                            "isLinked": true
                                        }
                                    },
                                    "elements": [
                                        {
                                            "id": "780ebc77",
                                            "settings": {
                                                "text": "RSVP",
                                                "align": "right",
                                                "text_padding": {
                                                    "unit": "px",
                                                    "top": "18",
                                                    "right": "50",
                                                    "bottom": "18",
                                                    "left": "50",
                                                    "isLinked": false
                                                },
                                                "align_mobile": "justify"
                                            },
                                            "elements": [],
                                            "isInner": false,
                                            "widgetType": "button",
                                            "elType": "widget"
                                        }
                                    ],
                                    "isInner": true,
                                    "elType": "column"
                                }
                            ],
                            "isInner": true,
                            "elType": "section"
                        }
                    ],
                    "isInner": false,
                    "elType": "column"
                }
            ],
            "isInner": false,
            "elType": "section"
        }
    ],
    "page_settings": {
        "eael_ext_toc_title": "Table of Contents",
        "hide_title": "yes",
        "template": "elementor_header_footer"
    }
}