{
    "version": "0.4",
    "title": "Default Kit",
    "type": "section",
    "metadata": {
        "template_type": "global-styles",
        "include_in_zip": "1",
        "elementor_pro_required": null,
        "additional_template_information": [
            "These are the global theme styles configured through the Elementor Theme Styles area."
        ],
        "wp_page_template": "default"
    },
    "content": [],
    "page_settings": {
        "body_typography_typography": "custom",
        "body_typography_font_family": "Poppins",
        "body_typography_font_size": {
            "unit": "px",
            "size": "15",
            "sizes": []
        },
        "body_typography_letter_spacing": {
            "unit": "px",
            "size": "0.8",
            "sizes": []
        },
        "h1_typography_typography": "custom",
        "h1_typography_font_family": "Cormorant Garamond",
        "h1_typography_font_size": {
            "unit": "px",
            "size": "84",
            "sizes": []
        },
        "h1_typography_font_weight": "500",
        "h1_typography_letter_spacing": {
            "unit": "px",
            "size": "0",
            "sizes": []
        },
        "body_color": "#6E6E6E",
        "body_typography_font_weight": "400",
        "h1_color": "#000000",
        "h2_color": "#000000",
        "h2_typography_typography": "custom",
        "h2_typography_font_family": "Cormorant Garamond",
        "h2_typography_font_size": {
            "unit": "px",
            "size": "60",
            "sizes": []
        },
        "h2_typography_font_weight": "500",
        "h2_typography_line_height": {
            "unit": "px",
            "size": "",
            "sizes": []
        },
        "h3_color": "#000000",
        "h3_typography_typography": "custom",
        "h3_typography_font_family": "Cormorant Garamond",
        "h3_typography_font_size": {
            "unit": "px",
            "size": "36",
            "sizes": []
        },
        "h3_typography_font_weight": "500",
        "h4_color": "#000000",
        "h4_typography_typography": "custom",
        "h4_typography_font_family": "Cormorant Garamond",
        "h4_typography_font_size": {
            "unit": "px",
            "size": "32",
            "sizes": []
        },
        "h4_typography_font_weight": "500",
        "h5_color": "#000000",
        "h5_typography_typography": "custom",
        "h5_typography_font_family": "Cormorant Garamond",
        "h5_typography_font_size": {
            "unit": "px",
            "size": "28",
            "sizes": []
        },
        "h5_typography_font_weight": "500",
        "h6_color": "#000000",
        "h6_typography_typography": "custom",
        "h6_typography_font_family": "Cormorant Garamond",
        "h6_typography_font_size": {
            "unit": "px",
            "size": "24",
            "sizes": []
        },
        "button_typography_typography": "custom",
        "button_typography_font_family": "Poppins",
        "button_typography_font_size": {
            "unit": "px",
            "size": "15",
            "sizes": []
        },
        "button_typography_font_weight": "400",
        "button_typography_text_transform": "capitalize",
        "button_typography_letter_spacing": {
            "unit": "px",
            "size": "2.6",
            "sizes": []
        },
        "button_text_color": "#FFFFFF",
        "button_background_color": "#BF6F5F",
        "button_border_radius": {
            "unit": "px",
            "top": "0",
            "right": "0",
            "bottom": "0",
            "left": "0",
            "isLinked": "1"
        },
        "button_hover_background_color": "#804A40",
        "button_padding": {
            "unit": "px",
            "top": "21",
            "right": "45",
            "bottom": "21",
            "left": "45",
            "isLinked": ""
        },
        "h2_typography_letter_spacing": {
            "unit": "px",
            "size": "0",
            "sizes": []
        },
        "h3_typography_letter_spacing": {
            "unit": "px",
            "size": "0",
            "sizes": []
        },
        "h4_typography_letter_spacing": {
            "unit": "px",
            "size": "0",
            "sizes": []
        },
        "h5_typography_letter_spacing": {
            "unit": "px",
            "size": "0",
            "sizes": []
        },
        "h6_typography_letter_spacing": {
            "unit": "px",
            "size": "0",
            "sizes": []
        },
        "body_typography_line_height": {
            "unit": "px",
            "size": "28",
            "sizes": []
        },
        "h1_typography_text_transform": "capitalize",
        "h2_typography_text_transform": "capitalize",
        "h3_typography_text_transform": "capitalize",
        "h4_typography_text_transform": "capitalize",
        "h5_typography_text_transform": "capitalize",
        "h6_typography_text_transform": "capitalize",
        "h1_typography_font_size_tablet": {
            "unit": "px",
            "size": "74",
            "sizes": []
        },
        "h2_typography_font_size_tablet": {
            "unit": "px",
            "size": "52",
            "sizes": []
        },
        "h3_typography_font_size_tablet": {
            "unit": "px",
            "size": "32",
            "sizes": []
        },
        "h1_typography_font_size_mobile": {
            "unit": "px",
            "size": "56",
            "sizes": []
        },
        "h2_typography_font_size_mobile": {
            "unit": "px",
            "size": "42",
            "sizes": []
        },
        "h3_typography_font_size_mobile": {
            "unit": "px",
            "size": "30",
            "sizes": []
        },
        "h5_typography_font_size_tablet": {
            "unit": "px",
            "size": "24",
            "sizes": []
        },
        "h6_typography_font_size_tablet": {
            "unit": "px",
            "size": "22",
            "sizes": []
        },
        "form_label_color": "#000000",
        "form_label_typography_typography": "custom",
        "form_label_typography_font_family": "Cormorant Garamond",
        "form_label_typography_font_size": {
            "unit": "px",
            "size": "20",
            "sizes": []
        },
        "form_label_typography_font_weight": "500",
        "form_label_typography_line_height": {
            "unit": "em",
            "size": "1.6",
            "sizes": []
        },
        "form_label_typography_letter_spacing": {
            "unit": "px",
            "size": "0",
            "sizes": []
        },
        "form_field_typography_typography": "custom",
        "form_field_typography_font_family": "Poppins",
        "form_field_typography_font_size": {
            "unit": "px",
            "size": "14",
            "sizes": []
        },
        "form_field_border_border": "solid",
        "form_field_border_width": {
            "unit": "px",
            "top": "1",
            "right": "1",
            "bottom": "1",
            "left": "1",
            "isLinked": "1"
        },
        "form_field_border_color": "#EAEAEA",
        "form_field_border_radius": {
            "unit": "px",
            "top": "0",
            "right": "0",
            "bottom": "0",
            "left": "0",
            "isLinked": "1"
        },
        "form_field_padding": {
            "unit": "px",
            "top": "10",
            "right": "15",
            "bottom": "10",
            "left": "15",
            "isLinked": ""
        }
    }
}