{
    "version": "0.4",
    "title": "Page 06 &#8211; Venue Detail",
    "type": "page",
    "metadata": {
        "template_type": "single-page",
        "include_in_zip": "1",
        "elementor_pro_required": null,
        "wp_page_template": "elementor_canvas"
    },
    "content": [
        {
            "id": "b352275",
            "settings": {
                "structure": "22",
                "padding": {
                    "unit": "em",
                    "top": "6",
                    "right": "0",
                    "bottom": "6",
                    "left": "0",
                    "isLinked": false
                },
                "background_background": "classic",
                "background_color": "#D8D8D8",
                "background_overlay_background": "gradient",
                "background_overlay_color": "#FCFCFC",
                "background_overlay_color_stop": {
                    "unit": "%",
                    "size": 20,
                    "sizes": []
                },
                "background_overlay_color_b": "rgba(255, 255, 255, 0)",
                "background_overlay_color_b_stop": {
                    "unit": "%",
                    "size": 50,
                    "sizes": []
                },
                "background_overlay_gradient_angle": {
                    "unit": "deg",
                    "size": 90,
                    "sizes": []
                },
                "background_overlay_opacity": {
                    "unit": "px",
                    "size": 1,
                    "sizes": []
                },
                "background_slideshow_gallery": [
                    {
                        "id": 298,
                        "url": "https:\/\/templatekit.tokopress.com\/weddingkit\/wp-content\/uploads\/sites\/13\/2020\/04\/wedding-couple-946RYLS-cp-03.jpg"
                    },
                    {
                        "id": 201,
                        "url": "https:\/\/templatekit.tokopress.com\/weddingkit\/wp-content\/uploads\/sites\/13\/2020\/03\/wedding-rings-NM87YR6_30.jpg"
                    },
                    {
                        "id": 200,
                        "url": "https:\/\/templatekit.tokopress.com\/weddingkit\/wp-content\/uploads\/sites\/13\/2020\/03\/edding-champagne-glasses-on-white-tablecloth-with-SJBPDRF_30.jpg"
                    }
                ],
                "background_slideshow_slide_duration": 8000,
                "background_slideshow_transition_duration": 800,
                "background_slideshow_background_size": "cover",
                "background_slideshow_background_position": "center right",
                "background_slideshow_ken_burns": "yes",
                "background_image": {
                    "url": "https:\/\/templatekit.tokopress.com\/weddingkit\/wp-content\/uploads\/sites\/13\/2020\/04\/beautiful-wedding-couple-UWR5LJX.jpg",
                    "id": 487
                },
                "background_position": "center center",
                "background_size": "cover",
                "background_slideshow_ken_burns_zoom_direction": "out",
                "padding_mobile": {
                    "unit": "em",
                    "top": "5",
                    "right": "1",
                    "bottom": "5",
                    "left": "1",
                    "isLinked": false
                }
            },
            "elements": [
                {
                    "id": "62a927fe",
                    "settings": {
                        "_column_size": 66,
                        "_inline_size": null,
                        "background_background": "gradient",
                        "background_color": "#F2D9D5",
                        "background_color_stop": {
                            "unit": "%",
                            "size": 62,
                            "sizes": []
                        },
                        "background_color_b": "rgba(242, 202, 194, 0)",
                        "background_gradient_angle": {
                            "unit": "deg",
                            "size": 90,
                            "sizes": []
                        },
                        "padding": {
                            "unit": "em",
                            "top": "4",
                            "right": "4",
                            "bottom": "4",
                            "left": "4",
                            "isLinked": true
                        },
                        "z_index": 5,
                        "_inline_size_tablet": 100,
                        "padding_mobile": {
                            "unit": "em",
                            "top": "2",
                            "right": "2",
                            "bottom": "2",
                            "left": "2",
                            "isLinked": true
                        }
                    },
                    "elements": [
                        {
                            "id": "4cd5a529",
                            "settings": {
                                "title": "Venue Detail",
                                "header_size": "h1",
                                "typography_typography": "custom",
                                "typography_text_transform": "capitalize",
                                "typography_line_height": {
                                    "unit": "px",
                                    "size": "",
                                    "sizes": []
                                },
                                "typography_font_size": {
                                    "unit": "px",
                                    "size": 78,
                                    "sizes": []
                                },
                                "typography_font_size_mobile": {
                                    "unit": "px",
                                    "size": 58,
                                    "sizes": []
                                },
                                "typography_font_size_tablet": {
                                    "unit": "px",
                                    "size": 70,
                                    "sizes": []
                                }
                            },
                            "elements": [],
                            "isInner": false,
                            "widgetType": "heading",
                            "elType": "widget"
                        },
                        {
                            "id": "3677456e",
                            "settings": {
                                "align": "left",
                                "editor": "<p>Wedding &amp; Event Planner<\/p>",
                                "typography_typography": "custom",
                                "typography_font_size_mobile": {
                                    "unit": "px",
                                    "size": 14,
                                    "sizes": []
                                },
                                "typography_line_height": {
                                    "unit": "em",
                                    "size": 0.9,
                                    "sizes": []
                                },
                                "typography_letter_spacing": {
                                    "unit": "px",
                                    "size": 1.8,
                                    "sizes": []
                                },
                                "_margin": {
                                    "unit": "px",
                                    "top": "0",
                                    "right": "0",
                                    "bottom": "0",
                                    "left": "0",
                                    "isLinked": false
                                }
                            },
                            "elements": [],
                            "isInner": false,
                            "widgetType": "text-editor",
                            "elType": "widget"
                        }
                    ],
                    "isInner": false,
                    "elType": "column"
                },
                {
                    "id": "4ddb5b2f",
                    "settings": {
                        "_column_size": 33,
                        "_inline_size": null,
                        "_inline_size_tablet": 100
                    },
                    "elements": [],
                    "isInner": false,
                    "elType": "column"
                }
            ],
            "isInner": false,
            "elType": "section"
        },
        {
            "id": "64e2366",
            "settings": {
                "padding": {
                    "unit": "em",
                    "top": "8",
                    "right": "0",
                    "bottom": "8",
                    "left": "0",
                    "isLinked": false
                },
                "padding_tablet": {
                    "unit": "em",
                    "top": "6",
                    "right": "1",
                    "bottom": "6",
                    "left": "1",
                    "isLinked": false
                }
            },
            "elements": [
                {
                    "id": "fbeb879",
                    "settings": {
                        "_column_size": 100,
                        "_inline_size": null,
                        "padding_tablet": {
                            "unit": "em",
                            "top": "0",
                            "right": "0",
                            "bottom": "0",
                            "left": "0",
                            "isLinked": true
                        }
                    },
                    "elements": [
                        {
                            "id": "6fceb29d",
                            "settings": {
                                "content_width": {
                                    "unit": "px",
                                    "size": 758,
                                    "sizes": []
                                },
                                "margin": {
                                    "unit": "px",
                                    "top": "0",
                                    "right": 0,
                                    "bottom": "50",
                                    "left": 0,
                                    "isLinked": false
                                }
                            },
                            "elements": [
                                {
                                    "id": "832aa94",
                                    "settings": {
                                        "_column_size": 100,
                                        "_inline_size": null
                                    },
                                    "elements": [
                                        {
                                            "id": "482e8a9a",
                                            "settings": {
                                                "style": "curly",
                                                "width": {
                                                    "unit": "px",
                                                    "size": 209,
                                                    "sizes": []
                                                },
                                                "align": "center",
                                                "text": "Divider",
                                                "look": "line_icon",
                                                "icon": {
                                                    "value": "fas fa-spa",
                                                    "library": "fa-solid"
                                                },
                                                "color": "rgba(191, 111, 95, 0.85)",
                                                "weight": {
                                                    "unit": "px",
                                                    "size": "",
                                                    "sizes": []
                                                },
                                                "gap": {
                                                    "unit": "px",
                                                    "size": "",
                                                    "sizes": []
                                                },
                                                "primary_color": "rgba(191, 111, 95, 0.81)",
                                                "icon_size": {
                                                    "unit": "px",
                                                    "size": 18,
                                                    "sizes": []
                                                }
                                            },
                                            "elements": [],
                                            "isInner": false,
                                            "widgetType": "divider",
                                            "elType": "widget"
                                        },
                                        {
                                            "id": "cfcc79a",
                                            "settings": {
                                                "title": "Gloria hall wedding area",
                                                "align": "center"
                                            },
                                            "elements": [],
                                            "isInner": false,
                                            "widgetType": "heading",
                                            "elType": "widget"
                                        }
                                    ],
                                    "isInner": true,
                                    "elType": "column"
                                }
                            ],
                            "isInner": true,
                            "elType": "section"
                        },
                        {
                            "id": "2bc3e7ea",
                            "settings": {
                                "carousel": [
                                    {
                                        "id": 489,
                                        "url": "https:\/\/templatekit.tokopress.com\/weddingkit\/wp-content\/uploads\/sites\/13\/2020\/04\/wedding-ceremony-area-CMC9RPC.jpg"
                                    },
                                    {
                                        "id": 490,
                                        "url": "https:\/\/templatekit.tokopress.com\/weddingkit\/wp-content\/uploads\/sites\/13\/2020\/04\/wedding-ceremony-area-KN4AFRV.jpg"
                                    },
                                    {
                                        "id": 491,
                                        "url": "https:\/\/templatekit.tokopress.com\/weddingkit\/wp-content\/uploads\/sites\/13\/2020\/04\/wedding-ceremony-area-S4DH99R.jpg"
                                    }
                                ],
                                "thumbnail_size": "full",
                                "slides_to_show": "1",
                                "arrows_size": {
                                    "unit": "px",
                                    "size": 40,
                                    "sizes": []
                                },
                                "arrows_color": "rgba(255, 255, 255, 0.81)",
                                "dots_size": {
                                    "unit": "px",
                                    "size": 9,
                                    "sizes": []
                                },
                                "dots_color": "#BF8760"
                            },
                            "elements": [],
                            "isInner": false,
                            "widgetType": "image-carousel",
                            "elType": "widget"
                        },
                        {
                            "id": "292c6b8",
                            "settings": {
                                "gap": "wider",
                                "structure": "30",
                                "margin": {
                                    "unit": "px",
                                    "top": "85",
                                    "right": 0,
                                    "bottom": "0",
                                    "left": 0,
                                    "isLinked": false
                                }
                            },
                            "elements": [
                                {
                                    "id": "3e619c91",
                                    "settings": {
                                        "_column_size": 33,
                                        "_inline_size": null,
                                        "background_background": "classic",
                                        "background_color": "rgba(242, 217, 213, 0.28)",
                                        "padding_tablet": {
                                            "unit": "em",
                                            "top": "1",
                                            "right": "1",
                                            "bottom": "2",
                                            "left": "1",
                                            "isLinked": false
                                        }
                                    },
                                    "elements": [
                                        {
                                            "id": "72997044",
                                            "settings": {
                                                "image": {
                                                    "url": "https:\/\/templatekit.tokopress.com\/weddingkit\/wp-content\/uploads\/sites\/13\/2020\/04\/Video-icon.png",
                                                    "id": 499
                                                },
                                                "thumbnail_size": "custom",
                                                "thumbnail_custom_dimension": {
                                                    "width": "110",
                                                    "height": "110"
                                                },
                                                "title_text": "Live Band",
                                                "description_text": "Ut enim ad minima veniam, quis nostrum exercitationem.",
                                                "image_space": {
                                                    "unit": "px",
                                                    "size": 0,
                                                    "sizes": []
                                                },
                                                "image_size": {
                                                    "unit": "%",
                                                    "size": "",
                                                    "sizes": []
                                                },
                                                "text_align": "center",
                                                "_background_background": "classic",
                                                "title_size": "h4",
                                                "_margin": {
                                                    "unit": "px",
                                                    "top": "-85",
                                                    "right": "0",
                                                    "bottom": "0",
                                                    "left": "0",
                                                    "isLinked": false
                                                },
                                                "_margin_tablet": {
                                                    "unit": "px",
                                                    "top": "-60",
                                                    "right": "0",
                                                    "bottom": "0",
                                                    "left": "0",
                                                    "isLinked": false
                                                }
                                            },
                                            "elements": [],
                                            "isInner": false,
                                            "widgetType": "image-box",
                                            "elType": "widget"
                                        }
                                    ],
                                    "isInner": true,
                                    "elType": "column"
                                },
                                {
                                    "id": "6f0a6b79",
                                    "settings": {
                                        "_column_size": 33,
                                        "_inline_size": null,
                                        "background_background": "classic",
                                        "background_color": "rgba(242, 217, 213, 0.28)",
                                        "margin_mobile": {
                                            "unit": "px",
                                            "top": "70",
                                            "right": "0",
                                            "bottom": "0",
                                            "left": "0",
                                            "isLinked": false
                                        },
                                        "padding_tablet": {
                                            "unit": "em",
                                            "top": "1",
                                            "right": "1",
                                            "bottom": "2",
                                            "left": "1",
                                            "isLinked": false
                                        }
                                    },
                                    "elements": [
                                        {
                                            "id": "876fe62",
                                            "settings": {
                                                "image": {
                                                    "url": "https:\/\/templatekit.tokopress.com\/weddingkit\/wp-content\/uploads\/sites\/13\/2020\/04\/Group-19.png",
                                                    "id": 497
                                                },
                                                "thumbnail_size": "custom",
                                                "thumbnail_custom_dimension": {
                                                    "width": "110",
                                                    "height": "110"
                                                },
                                                "title_text": "Outdoor Fireworks ",
                                                "description_text": "Ut enim ad minima veniam, quis nostrum exercitationem.",
                                                "image_space": {
                                                    "unit": "px",
                                                    "size": 0,
                                                    "sizes": []
                                                },
                                                "image_size": {
                                                    "unit": "%",
                                                    "size": "",
                                                    "sizes": []
                                                },
                                                "text_align": "center",
                                                "_background_background": "classic",
                                                "title_size": "h4",
                                                "_margin": {
                                                    "unit": "px",
                                                    "top": "-85",
                                                    "right": "0",
                                                    "bottom": "0",
                                                    "left": "0",
                                                    "isLinked": false
                                                },
                                                "_margin_tablet": {
                                                    "unit": "px",
                                                    "top": "-60",
                                                    "right": "0",
                                                    "bottom": "0",
                                                    "left": "0",
                                                    "isLinked": false
                                                }
                                            },
                                            "elements": [],
                                            "isInner": false,
                                            "widgetType": "image-box",
                                            "elType": "widget"
                                        }
                                    ],
                                    "isInner": true,
                                    "elType": "column"
                                },
                                {
                                    "id": "56c18bfa",
                                    "settings": {
                                        "_column_size": 33,
                                        "_inline_size": null,
                                        "background_background": "classic",
                                        "background_color": "rgba(242, 217, 213, 0.28)",
                                        "margin_mobile": {
                                            "unit": "px",
                                            "top": "70",
                                            "right": "0",
                                            "bottom": "0",
                                            "left": "0",
                                            "isLinked": false
                                        },
                                        "padding_tablet": {
                                            "unit": "em",
                                            "top": "1",
                                            "right": "1",
                                            "bottom": "2",
                                            "left": "1",
                                            "isLinked": false
                                        }
                                    },
                                    "elements": [
                                        {
                                            "id": "7679602d",
                                            "settings": {
                                                "image": {
                                                    "url": "https:\/\/templatekit.tokopress.com\/weddingkit\/wp-content\/uploads\/sites\/13\/2020\/04\/Group-23.png",
                                                    "id": 498
                                                },
                                                "thumbnail_size": "custom",
                                                "thumbnail_custom_dimension": {
                                                    "width": "110",
                                                    "height": "110"
                                                },
                                                "title_text": "Private Catering",
                                                "description_text": "Ut enim ad minima veniam, quis nostrum exercitationem.",
                                                "image_space": {
                                                    "unit": "px",
                                                    "size": 0,
                                                    "sizes": []
                                                },
                                                "image_size": {
                                                    "unit": "%",
                                                    "size": "",
                                                    "sizes": []
                                                },
                                                "text_align": "center",
                                                "_background_background": "classic",
                                                "title_size": "h4",
                                                "_margin": {
                                                    "unit": "px",
                                                    "top": "-85",
                                                    "right": "0",
                                                    "bottom": "0",
                                                    "left": "0",
                                                    "isLinked": false
                                                },
                                                "_margin_tablet": {
                                                    "unit": "px",
                                                    "top": "-60",
                                                    "right": "0",
                                                    "bottom": "0",
                                                    "left": "0",
                                                    "isLinked": false
                                                }
                                            },
                                            "elements": [],
                                            "isInner": false,
                                            "widgetType": "image-box",
                                            "elType": "widget"
                                        }
                                    ],
                                    "isInner": true,
                                    "elType": "column"
                                }
                            ],
                            "isInner": true,
                            "elType": "section"
                        },
                        {
                            "id": "1937a63d",
                            "settings": {
                                "space": {
                                    "unit": "px",
                                    "size": 100,
                                    "sizes": []
                                },
                                "space_tablet": {
                                    "unit": "px",
                                    "size": 61,
                                    "sizes": []
                                },
                                "space_mobile": {
                                    "unit": "px",
                                    "size": 33,
                                    "sizes": []
                                }
                            },
                            "elements": [],
                            "isInner": false,
                            "widgetType": "spacer",
                            "elType": "widget"
                        },
                        {
                            "id": "1d4cfbe7",
                            "settings": {
                                "structure": "22"
                            },
                            "elements": [
                                {
                                    "id": "1ae47577",
                                    "settings": {
                                        "_column_size": 66,
                                        "_inline_size": null,
                                        "padding": {
                                            "unit": "%",
                                            "top": "0",
                                            "right": "12",
                                            "bottom": "0",
                                            "left": "0",
                                            "isLinked": false
                                        },
                                        "margin_mobile": {
                                            "unit": "px",
                                            "top": "0",
                                            "right": "0",
                                            "bottom": "30",
                                            "left": "0",
                                            "isLinked": false
                                        },
                                        "padding_tablet": {
                                            "unit": "em",
                                            "top": "1",
                                            "right": "1",
                                            "bottom": "1",
                                            "left": "0",
                                            "isLinked": false
                                        },
                                        "padding_mobile": {
                                            "unit": "em",
                                            "top": "1",
                                            "right": "1",
                                            "bottom": "0",
                                            "left": "1",
                                            "isLinked": false
                                        }
                                    },
                                    "elements": [
                                        {
                                            "id": "52032448",
                                            "settings": {
                                                "title": "Venue Overview",
                                                "header_size": "h3"
                                            },
                                            "elements": [],
                                            "isInner": false,
                                            "widgetType": "heading",
                                            "elType": "widget"
                                        },
                                        {
                                            "id": "50a4e35c",
                                            "settings": {
                                                "editor": "<p>Sed blandit libero volutpat sed cras. A scelerisque purus semper eget duis at. Mattis molestie a iaculis at erat pellentesque adipiscing commodo elit. <br \/><br \/>Ut tortor pretium viverra suspendisse potenti nullam ac. Quisque egestas diam in arcu cursus euismod. At tempor commodo ullamcorper a lacus vestibulum sed arcu non. Viverra vitae congue eu consequat. In dictum non consectetur a. Odio aenean sed adipiscing diam. Nullam non nisi est sit amet facilisis. Elementum nisi quis eleifend quam adipiscing. <br \/><br \/>Viverra suspendisse potenti nullam ac tortor vitae. Pellentesque elit eget gravida cum sociis natoque penatibus et. Cras semper auctor neque vitae tempus quam\u00a0 vitae tempus quam nec nam aliquam sem.<\/p>"
                                            },
                                            "elements": [],
                                            "isInner": false,
                                            "widgetType": "text-editor",
                                            "elType": "widget"
                                        }
                                    ],
                                    "isInner": true,
                                    "elType": "column"
                                },
                                {
                                    "id": "da98898",
                                    "settings": {
                                        "_column_size": 33,
                                        "_inline_size": null,
                                        "padding_tablet": {
                                            "unit": "em",
                                            "top": "1",
                                            "right": "1",
                                            "bottom": "1",
                                            "left": "1",
                                            "isLinked": true
                                        }
                                    },
                                    "elements": [
                                        {
                                            "id": "3e88f163",
                                            "settings": {
                                                "selected_icon": {
                                                    "value": "fas fa-map-marker-alt",
                                                    "library": "fa-solid"
                                                },
                                                "view": "stacked",
                                                "title_text": "Location",
                                                "description_text": "27 Division St, New York, <br>NY 10002, USA",
                                                "position": "left",
                                                "primary_color": "rgba(242, 217, 213, 0.28)",
                                                "secondary_color": "#BF6F5F",
                                                "icon_space": {
                                                    "unit": "px",
                                                    "size": 20,
                                                    "sizes": []
                                                },
                                                "icon_size": {
                                                    "unit": "px",
                                                    "size": 20,
                                                    "sizes": []
                                                },
                                                "icon_padding": {
                                                    "unit": "px",
                                                    "size": 13,
                                                    "sizes": []
                                                },
                                                "text_align": "left",
                                                "title_bottom_space": {
                                                    "unit": "px",
                                                    "size": 10,
                                                    "sizes": []
                                                },
                                                "title_typography_font_size": {
                                                    "unit": "px",
                                                    "size": 28,
                                                    "sizes": []
                                                },
                                                "description_typography_typography": "custom",
                                                "description_typography_font_size": {
                                                    "unit": "px",
                                                    "size": 14,
                                                    "sizes": []
                                                },
                                                "description_typography_line_height": {
                                                    "unit": "em",
                                                    "size": 1.9,
                                                    "sizes": []
                                                },
                                                "_margin": {
                                                    "unit": "px",
                                                    "top": "0",
                                                    "right": "0",
                                                    "bottom": "20",
                                                    "left": "0",
                                                    "isLinked": false
                                                },
                                                "title_size": "h5",
                                                "text_align_mobile": "center",
                                                "_margin_mobile": {
                                                    "unit": "px",
                                                    "top": "0",
                                                    "right": "0",
                                                    "bottom": "30",
                                                    "left": "0",
                                                    "isLinked": false
                                                }
                                            },
                                            "elements": [],
                                            "isInner": false,
                                            "widgetType": "icon-box",
                                            "elType": "widget"
                                        },
                                        {
                                            "id": "5828e779",
                                            "settings": {
                                                "selected_icon": {
                                                    "value": "fas fa-dollar-sign",
                                                    "library": "fa-solid"
                                                },
                                                "view": "stacked",
                                                "title_text": "Pricing",
                                                "description_text": "Venue Rental Only: P23,000-65,000<br>\nVenue + Catering Package: N\/A",
                                                "position": "left",
                                                "primary_color": "rgba(242, 217, 213, 0.28)",
                                                "secondary_color": "#BF6F5F",
                                                "icon_space": {
                                                    "unit": "px",
                                                    "size": 20,
                                                    "sizes": []
                                                },
                                                "icon_size": {
                                                    "unit": "px",
                                                    "size": 20,
                                                    "sizes": []
                                                },
                                                "icon_padding": {
                                                    "unit": "px",
                                                    "size": 13,
                                                    "sizes": []
                                                },
                                                "text_align": "left",
                                                "title_bottom_space": {
                                                    "unit": "px",
                                                    "size": 10,
                                                    "sizes": []
                                                },
                                                "title_typography_font_size": {
                                                    "unit": "px",
                                                    "size": 28,
                                                    "sizes": []
                                                },
                                                "description_typography_typography": "custom",
                                                "description_typography_font_size": {
                                                    "unit": "px",
                                                    "size": 14,
                                                    "sizes": []
                                                },
                                                "description_typography_line_height": {
                                                    "unit": "em",
                                                    "size": 1.9,
                                                    "sizes": []
                                                },
                                                "_margin": {
                                                    "unit": "px",
                                                    "top": "0",
                                                    "right": "0",
                                                    "bottom": "20",
                                                    "left": "0",
                                                    "isLinked": false
                                                },
                                                "title_size": "h5",
                                                "text_align_mobile": "center",
                                                "_margin_mobile": {
                                                    "unit": "px",
                                                    "top": "0",
                                                    "right": "0",
                                                    "bottom": "30",
                                                    "left": "0",
                                                    "isLinked": false
                                                }
                                            },
                                            "elements": [],
                                            "isInner": false,
                                            "widgetType": "icon-box",
                                            "elType": "widget"
                                        },
                                        {
                                            "id": "2d79be2c",
                                            "settings": {
                                                "selected_icon": {
                                                    "value": "fas fa-building",
                                                    "library": "fa-solid"
                                                },
                                                "view": "stacked",
                                                "title_text": "Capacity",
                                                "description_text": "2000 Person<br>\nBuffet: 70-100 pax<br>\nPlated: 70-100 pax",
                                                "position": "left",
                                                "primary_color": "rgba(242, 217, 213, 0.28)",
                                                "secondary_color": "#BF6F5F",
                                                "icon_space": {
                                                    "unit": "px",
                                                    "size": 20,
                                                    "sizes": []
                                                },
                                                "icon_size": {
                                                    "unit": "px",
                                                    "size": 20,
                                                    "sizes": []
                                                },
                                                "icon_padding": {
                                                    "unit": "px",
                                                    "size": 13,
                                                    "sizes": []
                                                },
                                                "text_align": "left",
                                                "title_bottom_space": {
                                                    "unit": "px",
                                                    "size": 10,
                                                    "sizes": []
                                                },
                                                "title_typography_font_size": {
                                                    "unit": "px",
                                                    "size": 28,
                                                    "sizes": []
                                                },
                                                "description_typography_typography": "custom",
                                                "description_typography_font_size": {
                                                    "unit": "px",
                                                    "size": 14,
                                                    "sizes": []
                                                },
                                                "description_typography_line_height": {
                                                    "unit": "em",
                                                    "size": 1.9,
                                                    "sizes": []
                                                },
                                                "_margin": {
                                                    "unit": "px",
                                                    "top": "0",
                                                    "right": "0",
                                                    "bottom": "20",
                                                    "left": "0",
                                                    "isLinked": false
                                                },
                                                "title_size": "h5",
                                                "text_align_mobile": "center"
                                            },
                                            "elements": [],
                                            "isInner": false,
                                            "widgetType": "icon-box",
                                            "elType": "widget"
                                        }
                                    ],
                                    "isInner": true,
                                    "elType": "column"
                                }
                            ],
                            "isInner": true,
                            "elType": "section"
                        },
                        {
                            "id": "299b6638",
                            "settings": {
                                "space_tablet": {
                                    "unit": "px",
                                    "size": 34,
                                    "sizes": []
                                }
                            },
                            "elements": [],
                            "isInner": false,
                            "widgetType": "spacer",
                            "elType": "widget"
                        },
                        {
                            "id": "3abe5a5c",
                            "settings": {
                                "title": "Map location",
                                "header_size": "h3",
                                "_margin": {
                                    "unit": "px",
                                    "top": "0",
                                    "right": "0",
                                    "bottom": "10",
                                    "left": "0",
                                    "isLinked": false
                                },
                                "align_mobile": "center"
                            },
                            "elements": [],
                            "isInner": false,
                            "widgetType": "heading",
                            "elType": "widget"
                        },
                        {
                            "id": "537e14d9",
                            "settings": {
                                "address": "London Eye, London, United Kingdom",
                                "zoom": {
                                    "unit": "px",
                                    "size": 16,
                                    "sizes": []
                                },
                                "height": {
                                    "unit": "px",
                                    "size": 450,
                                    "sizes": []
                                },
                                "height_mobile": {
                                    "unit": "px",
                                    "size": 300,
                                    "sizes": []
                                }
                            },
                            "elements": [],
                            "isInner": false,
                            "widgetType": "google_maps",
                            "elType": "widget"
                        }
                    ],
                    "isInner": false,
                    "elType": "column"
                }
            ],
            "isInner": false,
            "elType": "section"
        }
    ]
}