{
    "version": "0.4",
    "title": "Page 02 &#8211; Portfolio Detail",
    "type": "page",
    "metadata": {
        "template_type": "single-page",
        "include_in_zip": "1",
        "elementor_pro_required": null,
        "wp_page_template": "elementor_canvas"
    },
    "content": [
        {
            "id": "3ce94d7e",
            "settings": {
                "structure": "22",
                "padding": {
                    "unit": "em",
                    "top": "6",
                    "right": "0",
                    "bottom": "6",
                    "left": "0",
                    "isLinked": false
                },
                "background_background": "classic",
                "background_color": "#D8D8D8",
                "background_overlay_background": "gradient",
                "background_overlay_color": "#FCFCFC",
                "background_overlay_color_stop": {
                    "unit": "%",
                    "size": 20,
                    "sizes": []
                },
                "background_overlay_color_b": "rgba(255, 255, 255, 0)",
                "background_overlay_color_b_stop": {
                    "unit": "%",
                    "size": 50,
                    "sizes": []
                },
                "background_overlay_gradient_angle": {
                    "unit": "deg",
                    "size": 90,
                    "sizes": []
                },
                "background_overlay_opacity": {
                    "unit": "px",
                    "size": 1,
                    "sizes": []
                },
                "background_slideshow_gallery": [
                    {
                        "id": 298,
                        "url": "https:\/\/templatekit.tokopress.com\/weddingkit\/wp-content\/uploads\/sites\/13\/2020\/04\/wedding-couple-946RYLS-cp-03.jpg"
                    },
                    {
                        "id": 201,
                        "url": "https:\/\/templatekit.tokopress.com\/weddingkit\/wp-content\/uploads\/sites\/13\/2020\/03\/wedding-rings-NM87YR6_30.jpg"
                    },
                    {
                        "id": 200,
                        "url": "https:\/\/templatekit.tokopress.com\/weddingkit\/wp-content\/uploads\/sites\/13\/2020\/03\/edding-champagne-glasses-on-white-tablecloth-with-SJBPDRF_30.jpg"
                    }
                ],
                "background_slideshow_slide_duration": 8000,
                "background_slideshow_transition_duration": 800,
                "background_slideshow_background_size": "cover",
                "background_slideshow_background_position": "center right",
                "background_slideshow_ken_burns": "yes",
                "background_image": {
                    "url": "https:\/\/templatekit.tokopress.com\/weddingkit\/wp-content\/uploads\/sites\/13\/2020\/04\/bride-throwing-the-bouquet-at-wedding-SKDJA6U.jpg",
                    "id": 526
                },
                "background_position": "center center",
                "background_size": "cover",
                "background_slideshow_ken_burns_zoom_direction": "out",
                "padding_mobile": {
                    "unit": "em",
                    "top": "5",
                    "right": "1",
                    "bottom": "5",
                    "left": "1",
                    "isLinked": false
                }
            },
            "elements": [
                {
                    "id": "49e60987",
                    "settings": {
                        "_column_size": 66,
                        "_inline_size": null,
                        "background_background": "gradient",
                        "background_color": "#F2D9D5",
                        "background_color_stop": {
                            "unit": "%",
                            "size": 62,
                            "sizes": []
                        },
                        "background_color_b": "rgba(242, 202, 194, 0)",
                        "background_gradient_angle": {
                            "unit": "deg",
                            "size": 90,
                            "sizes": []
                        },
                        "padding": {
                            "unit": "em",
                            "top": "4",
                            "right": "4",
                            "bottom": "4",
                            "left": "4",
                            "isLinked": true
                        },
                        "z_index": 5,
                        "_inline_size_tablet": 100,
                        "padding_mobile": {
                            "unit": "em",
                            "top": "2",
                            "right": "2",
                            "bottom": "2",
                            "left": "2",
                            "isLinked": true
                        }
                    },
                    "elements": [
                        {
                            "id": "74e6558",
                            "settings": {
                                "title": "Portfolio Detail",
                                "header_size": "h1",
                                "typography_typography": "custom",
                                "typography_text_transform": "capitalize",
                                "typography_line_height": {
                                    "unit": "px",
                                    "size": "",
                                    "sizes": []
                                },
                                "typography_font_size": {
                                    "unit": "px",
                                    "size": 78,
                                    "sizes": []
                                },
                                "typography_font_size_mobile": {
                                    "unit": "px",
                                    "size": 58,
                                    "sizes": []
                                },
                                "typography_font_size_tablet": {
                                    "unit": "px",
                                    "size": 70,
                                    "sizes": []
                                }
                            },
                            "elements": [],
                            "isInner": false,
                            "widgetType": "heading",
                            "elType": "widget"
                        },
                        {
                            "id": "6d9544bd",
                            "settings": {
                                "align": "left",
                                "editor": "<p>Wedding &amp; Event Planner<\/p>",
                                "typography_typography": "custom",
                                "typography_font_size_mobile": {
                                    "unit": "px",
                                    "size": 14,
                                    "sizes": []
                                },
                                "typography_line_height": {
                                    "unit": "em",
                                    "size": 0.9,
                                    "sizes": []
                                },
                                "typography_letter_spacing": {
                                    "unit": "px",
                                    "size": 1.8,
                                    "sizes": []
                                },
                                "_margin": {
                                    "unit": "px",
                                    "top": "0",
                                    "right": "0",
                                    "bottom": "0",
                                    "left": "0",
                                    "isLinked": false
                                }
                            },
                            "elements": [],
                            "isInner": false,
                            "widgetType": "text-editor",
                            "elType": "widget"
                        }
                    ],
                    "isInner": false,
                    "elType": "column"
                },
                {
                    "id": "11064f9a",
                    "settings": {
                        "_column_size": 33,
                        "_inline_size": null,
                        "_inline_size_tablet": 100
                    },
                    "elements": [],
                    "isInner": false,
                    "elType": "column"
                }
            ],
            "isInner": false,
            "elType": "section"
        },
        {
            "id": "650d7327",
            "settings": {
                "padding": {
                    "unit": "em",
                    "top": "8",
                    "right": "0",
                    "bottom": "3",
                    "left": "0",
                    "isLinked": false
                },
                "padding_tablet": {
                    "unit": "em",
                    "top": "5",
                    "right": "0",
                    "bottom": "5",
                    "left": "0",
                    "isLinked": false
                },
                "padding_mobile": {
                    "unit": "em",
                    "top": "6",
                    "right": "1",
                    "bottom": "6",
                    "left": "1",
                    "isLinked": false
                }
            },
            "elements": [
                {
                    "id": "230558da",
                    "settings": {
                        "_column_size": 100,
                        "_inline_size": null,
                        "padding_mobile": {
                            "unit": "em",
                            "top": "0",
                            "right": "0",
                            "bottom": "0",
                            "left": "0",
                            "isLinked": true
                        }
                    },
                    "elements": [
                        {
                            "id": "6280d145",
                            "settings": {
                                "content_width": {
                                    "unit": "px",
                                    "size": 630,
                                    "sizes": []
                                },
                                "margin": {
                                    "unit": "px",
                                    "top": "0",
                                    "right": 0,
                                    "bottom": "0",
                                    "left": 0,
                                    "isLinked": true
                                }
                            },
                            "elements": [
                                {
                                    "id": "28e86c6f",
                                    "settings": {
                                        "_column_size": 100,
                                        "_inline_size": null,
                                        "padding_mobile": {
                                            "unit": "em",
                                            "top": "0",
                                            "right": "0",
                                            "bottom": "0",
                                            "left": "0",
                                            "isLinked": true
                                        }
                                    },
                                    "elements": [
                                        {
                                            "id": "29007153",
                                            "settings": {
                                                "style": "curly",
                                                "width": {
                                                    "unit": "px",
                                                    "size": 209,
                                                    "sizes": []
                                                },
                                                "align": "center",
                                                "text": "Divider",
                                                "look": "line_icon",
                                                "icon": {
                                                    "value": "fas fa-spa",
                                                    "library": "fa-solid"
                                                },
                                                "color": "rgba(191, 111, 95, 0.85)",
                                                "weight": {
                                                    "unit": "px",
                                                    "size": "",
                                                    "sizes": []
                                                },
                                                "gap": {
                                                    "unit": "px",
                                                    "size": "",
                                                    "sizes": []
                                                },
                                                "primary_color": "rgba(191, 111, 95, 0.81)",
                                                "icon_size": {
                                                    "unit": "px",
                                                    "size": 18,
                                                    "sizes": []
                                                }
                                            },
                                            "elements": [],
                                            "isInner": false,
                                            "widgetType": "divider",
                                            "elType": "widget"
                                        },
                                        {
                                            "id": "5e87c4c",
                                            "settings": {
                                                "title": "Tiegan & Liliana",
                                                "align": "center"
                                            },
                                            "elements": [],
                                            "isInner": false,
                                            "widgetType": "heading",
                                            "elType": "widget"
                                        },
                                        {
                                            "id": "59a6dca1",
                                            "settings": {
                                                "editor": "<p>Wedding Ceremony - 23 June 2019<\/p>",
                                                "align": "center"
                                            },
                                            "elements": [],
                                            "isInner": false,
                                            "widgetType": "text-editor",
                                            "elType": "widget"
                                        }
                                    ],
                                    "isInner": true,
                                    "elType": "column"
                                }
                            ],
                            "isInner": true,
                            "elType": "section"
                        },
                        {
                            "id": "7bae8205",
                            "settings": {
                                "space": {
                                    "unit": "px",
                                    "size": 30,
                                    "sizes": []
                                },
                                "space_tablet": {
                                    "unit": "px",
                                    "size": 20,
                                    "sizes": []
                                }
                            },
                            "elements": [],
                            "isInner": false,
                            "widgetType": "spacer",
                            "elType": "widget"
                        },
                        {
                            "id": "35c58d4",
                            "settings": {
                                "image": {
                                    "url": "https:\/\/templatekit.tokopress.com\/weddingkit\/wp-content\/uploads\/sites\/13\/2020\/04\/young-couple-in-a-wedding-ceremony-at-the-beach-53HX94B.jpg",
                                    "id": 518
                                },
                                "image_size": "full"
                            },
                            "elements": [],
                            "isInner": false,
                            "widgetType": "image",
                            "elType": "widget"
                        },
                        {
                            "id": "42000f91",
                            "settings": {
                                "space_tablet": {
                                    "unit": "px",
                                    "size": 0,
                                    "sizes": []
                                }
                            },
                            "elements": [],
                            "isInner": false,
                            "widgetType": "spacer",
                            "elType": "widget"
                        },
                        {
                            "id": "6b5aa9e1",
                            "settings": {
                                "structure": "22"
                            },
                            "elements": [
                                {
                                    "id": "2bf666aa",
                                    "settings": {
                                        "_column_size": 33,
                                        "_inline_size": null,
                                        "background_background": "classic",
                                        "background_color": "#FFFCF4",
                                        "padding": {
                                            "unit": "em",
                                            "top": "2",
                                            "right": "2",
                                            "bottom": "2",
                                            "left": "2",
                                            "isLinked": true
                                        },
                                        "padding_tablet": {
                                            "unit": "em",
                                            "top": "2",
                                            "right": "1",
                                            "bottom": "2",
                                            "left": "1",
                                            "isLinked": false
                                        }
                                    },
                                    "elements": [
                                        {
                                            "id": "5a91b6dc",
                                            "settings": {
                                                "selected_icon": {
                                                    "value": "fas fa-user-friends",
                                                    "library": "fa-solid"
                                                },
                                                "view": "stacked",
                                                "title_text": "Client",
                                                "description_text": "Tieggan & Liliana",
                                                "position": "left",
                                                "primary_color": "rgba(242, 217, 213, 0.28)",
                                                "secondary_color": "#BF6F5F",
                                                "icon_space": {
                                                    "unit": "px",
                                                    "size": 20,
                                                    "sizes": []
                                                },
                                                "icon_size": {
                                                    "unit": "px",
                                                    "size": 20,
                                                    "sizes": []
                                                },
                                                "icon_padding": {
                                                    "unit": "px",
                                                    "size": 13,
                                                    "sizes": []
                                                },
                                                "text_align": "left",
                                                "title_bottom_space": {
                                                    "unit": "px",
                                                    "size": 10,
                                                    "sizes": []
                                                },
                                                "title_typography_font_size": {
                                                    "unit": "px",
                                                    "size": 28,
                                                    "sizes": []
                                                },
                                                "description_typography_typography": "custom",
                                                "description_typography_font_size": {
                                                    "unit": "px",
                                                    "size": 14,
                                                    "sizes": []
                                                },
                                                "description_typography_line_height": {
                                                    "unit": "em",
                                                    "size": 1.9,
                                                    "sizes": []
                                                },
                                                "_margin": {
                                                    "unit": "px",
                                                    "top": "0",
                                                    "right": "0",
                                                    "bottom": "20",
                                                    "left": "0",
                                                    "isLinked": false
                                                },
                                                "title_size": "h5",
                                                "text_align_tablet": "left",
                                                "text_align_mobile": "center"
                                            },
                                            "elements": [],
                                            "isInner": false,
                                            "widgetType": "icon-box",
                                            "elType": "widget"
                                        },
                                        {
                                            "id": "7665566c",
                                            "settings": {
                                                "selected_icon": {
                                                    "value": "fas fa-calendar-alt",
                                                    "library": "fa-solid"
                                                },
                                                "view": "stacked",
                                                "title_text": "Date",
                                                "description_text": "23 june 2019",
                                                "position": "left",
                                                "primary_color": "rgba(242, 217, 213, 0.28)",
                                                "secondary_color": "#BF6F5F",
                                                "icon_space": {
                                                    "unit": "px",
                                                    "size": 20,
                                                    "sizes": []
                                                },
                                                "icon_size": {
                                                    "unit": "px",
                                                    "size": 20,
                                                    "sizes": []
                                                },
                                                "icon_padding": {
                                                    "unit": "px",
                                                    "size": 13,
                                                    "sizes": []
                                                },
                                                "text_align": "left",
                                                "title_bottom_space": {
                                                    "unit": "px",
                                                    "size": 10,
                                                    "sizes": []
                                                },
                                                "title_typography_font_size": {
                                                    "unit": "px",
                                                    "size": 28,
                                                    "sizes": []
                                                },
                                                "description_typography_typography": "custom",
                                                "description_typography_font_size": {
                                                    "unit": "px",
                                                    "size": 14,
                                                    "sizes": []
                                                },
                                                "description_typography_line_height": {
                                                    "unit": "em",
                                                    "size": 1.9,
                                                    "sizes": []
                                                },
                                                "_margin": {
                                                    "unit": "px",
                                                    "top": "0",
                                                    "right": "0",
                                                    "bottom": "20",
                                                    "left": "0",
                                                    "isLinked": false
                                                },
                                                "title_size": "h5",
                                                "text_align_mobile": "center"
                                            },
                                            "elements": [],
                                            "isInner": false,
                                            "widgetType": "icon-box",
                                            "elType": "widget"
                                        },
                                        {
                                            "id": "6928a718",
                                            "settings": {
                                                "selected_icon": {
                                                    "value": "fas fa-building",
                                                    "library": "fa-solid"
                                                },
                                                "view": "stacked",
                                                "title_text": "Venue",
                                                "description_text": "2000 Person<br>\nBuffet: 70-100 pax<br>\nPlated: 70-100 pax",
                                                "position": "left",
                                                "primary_color": "rgba(242, 217, 213, 0.28)",
                                                "secondary_color": "#BF6F5F",
                                                "icon_space": {
                                                    "unit": "px",
                                                    "size": 20,
                                                    "sizes": []
                                                },
                                                "icon_size": {
                                                    "unit": "px",
                                                    "size": 20,
                                                    "sizes": []
                                                },
                                                "icon_padding": {
                                                    "unit": "px",
                                                    "size": 13,
                                                    "sizes": []
                                                },
                                                "text_align": "left",
                                                "title_bottom_space": {
                                                    "unit": "px",
                                                    "size": 10,
                                                    "sizes": []
                                                },
                                                "title_typography_font_size": {
                                                    "unit": "px",
                                                    "size": 28,
                                                    "sizes": []
                                                },
                                                "description_typography_typography": "custom",
                                                "description_typography_font_size": {
                                                    "unit": "px",
                                                    "size": 14,
                                                    "sizes": []
                                                },
                                                "description_typography_line_height": {
                                                    "unit": "em",
                                                    "size": 1.9,
                                                    "sizes": []
                                                },
                                                "title_size": "h5",
                                                "text_align_mobile": "center"
                                            },
                                            "elements": [],
                                            "isInner": false,
                                            "widgetType": "icon-box",
                                            "elType": "widget"
                                        }
                                    ],
                                    "isInner": true,
                                    "elType": "column"
                                },
                                {
                                    "id": "58259a4a",
                                    "settings": {
                                        "_column_size": 66,
                                        "_inline_size": null,
                                        "padding": {
                                            "unit": "em",
                                            "top": "2",
                                            "right": "0",
                                            "bottom": "2",
                                            "left": "4",
                                            "isLinked": false
                                        },
                                        "padding_tablet": {
                                            "unit": "em",
                                            "top": "2",
                                            "right": "2",
                                            "bottom": "2",
                                            "left": "2",
                                            "isLinked": true
                                        },
                                        "padding_mobile": {
                                            "unit": "em",
                                            "top": "5",
                                            "right": "1",
                                            "bottom": "0",
                                            "left": "1",
                                            "isLinked": false
                                        }
                                    },
                                    "elements": [
                                        {
                                            "id": "66a1f6bd",
                                            "settings": {
                                                "title": "Overview",
                                                "header_size": "h3"
                                            },
                                            "elements": [],
                                            "isInner": false,
                                            "widgetType": "heading",
                                            "elType": "widget"
                                        },
                                        {
                                            "id": "b3e679f",
                                            "settings": {
                                                "editor": "<p>Faucibus ornare suspendisse sed nisi lacus sed. Nibh tellus molestie nunc non blandit massa. Sed viverra tellus in hac habitasse platea dictumst vestibulum. Adipiscing elit ut aliquam purus. Ultricies lacus sed turpis tincidunt id. <br \/><br \/>Nunc vel risus commodo viverra maecenas accumsan lacus vel facilisis. Facilisi cras fermentum odio eu feugiat pretium nibh ipsum. Pretium aenean pharetra magna ac placerat vestibulum lectus mauris. Orci ac auctor augue mauris augue neque gravida in fermentum. Ultricies mi quis hendrerit dolor. At tempor commodo ullamcorper a lacus vestibulum. Orci ac auctor augue mauris augue neque. Phasellus faucibus scelerisque eleifend donec pretium vulputate sapien nec. A condimentum vitae sapien pellentesque habitant morbi.\u00a0<\/p>"
                                            },
                                            "elements": [],
                                            "isInner": false,
                                            "widgetType": "text-editor",
                                            "elType": "widget"
                                        }
                                    ],
                                    "isInner": true,
                                    "elType": "column"
                                }
                            ],
                            "isInner": true,
                            "elType": "section"
                        },
                        {
                            "id": "588d398a",
                            "settings": {
                                "space": {
                                    "unit": "px",
                                    "size": 80,
                                    "sizes": []
                                },
                                "space_mobile": {
                                    "unit": "px",
                                    "size": 20,
                                    "sizes": []
                                }
                            },
                            "elements": [],
                            "isInner": false,
                            "widgetType": "spacer",
                            "elType": "widget"
                        },
                        {
                            "id": "65edc92",
                            "settings": [],
                            "elements": [
                                {
                                    "id": "44144c7b",
                                    "settings": {
                                        "_column_size": 100,
                                        "_inline_size": null,
                                        "padding_tablet": {
                                            "unit": "px",
                                            "top": "0",
                                            "right": "0",
                                            "bottom": "0",
                                            "left": "0",
                                            "isLinked": true
                                        }
                                    },
                                    "elements": [
                                        {
                                            "id": "3f2db423",
                                            "settings": {
                                                "wp_gallery": [
                                                    {
                                                        "id": 522,
                                                        "url": "https:\/\/templatekit.tokopress.com\/weddingkit\/wp-content\/uploads\/sites\/13\/2020\/04\/young-couple-in-a-wedding-ceremony-at-the-beach-CPF57WM.jpg"
                                                    },
                                                    {
                                                        "id": 524,
                                                        "url": "https:\/\/templatekit.tokopress.com\/weddingkit\/wp-content\/uploads\/sites\/13\/2020\/04\/happy-bride-and-guests-at-her-wedding-T2K6YRX.jpg"
                                                    },
                                                    {
                                                        "id": 519,
                                                        "url": "https:\/\/templatekit.tokopress.com\/weddingkit\/wp-content\/uploads\/sites\/13\/2020\/04\/cheerful-newlyweds-at-beach-wedding-ceremnoy-ESM2NKX.jpg"
                                                    },
                                                    {
                                                        "id": 521,
                                                        "url": "https:\/\/templatekit.tokopress.com\/weddingkit\/wp-content\/uploads\/sites\/13\/2020\/04\/young-caucasian-couple-39-s-wedding-day-X3DSQME.jpg"
                                                    }
                                                ],
                                                "thumbnail_size": "full",
                                                "gallery_columns": "2",
                                                "image_spacing": "custom"
                                            },
                                            "elements": [],
                                            "isInner": false,
                                            "widgetType": "image-gallery",
                                            "elType": "widget"
                                        }
                                    ],
                                    "isInner": true,
                                    "elType": "column"
                                }
                            ],
                            "isInner": true,
                            "elType": "section"
                        }
                    ],
                    "isInner": false,
                    "elType": "column"
                }
            ],
            "isInner": false,
            "elType": "section"
        },
        {
            "id": "7f1a1673",
            "settings": {
                "padding": {
                    "unit": "em",
                    "top": "8",
                    "right": "0",
                    "bottom": "8",
                    "left": "0",
                    "isLinked": false
                },
                "background_background": "classic",
                "background_color": "#FFFFFF",
                "padding_mobile": {
                    "unit": "em",
                    "top": "3",
                    "right": "1",
                    "bottom": "6",
                    "left": "1",
                    "isLinked": false
                },
                "overflow": "hidden",
                "padding_tablet": {
                    "unit": "em",
                    "top": "3",
                    "right": "0",
                    "bottom": "5",
                    "left": "0",
                    "isLinked": false
                }
            },
            "elements": [
                {
                    "id": "25b2b635",
                    "settings": {
                        "_column_size": 100,
                        "_inline_size": null,
                        "padding_mobile": {
                            "unit": "px",
                            "top": "0",
                            "right": "0",
                            "bottom": "0",
                            "left": "0",
                            "isLinked": true
                        }
                    },
                    "elements": [
                        {
                            "id": "5ca65a54",
                            "settings": {
                                "structure": "22",
                                "content_width": {
                                    "unit": "px",
                                    "size": 1024,
                                    "sizes": []
                                },
                                "content_position": "middle",
                                "margin": {
                                    "unit": "px",
                                    "top": "0",
                                    "right": 0,
                                    "bottom": "40",
                                    "left": 0,
                                    "isLinked": false
                                }
                            },
                            "elements": [
                                {
                                    "id": "452563d4",
                                    "settings": {
                                        "_column_size": 33,
                                        "_inline_size": 25.977,
                                        "_inline_size_tablet": 30,
                                        "padding_mobile": {
                                            "unit": "px",
                                            "top": "0",
                                            "right": "0",
                                            "bottom": "0",
                                            "left": "0",
                                            "isLinked": true
                                        }
                                    },
                                    "elements": [
                                        {
                                            "id": "6d52f67d",
                                            "settings": {
                                                "image": {
                                                    "url": "https:\/\/templatekit.tokopress.com\/weddingkit\/wp-content\/uploads\/sites\/13\/2020\/03\/young-couple-in-a-wedding-ceremony-at-the-beach-X2NU6MQ-400.jpg",
                                                    "id": 245
                                                },
                                                "image_size": "full",
                                                "image_custom_dimension": {
                                                    "width": "500",
                                                    "height": "500"
                                                },
                                                "space": {
                                                    "unit": "px",
                                                    "size": 185,
                                                    "sizes": []
                                                },
                                                "image_border_radius": {
                                                    "unit": "%",
                                                    "top": "50",
                                                    "right": "50",
                                                    "bottom": "50",
                                                    "left": "50",
                                                    "isLinked": true
                                                },
                                                "_margin_mobile": {
                                                    "unit": "px",
                                                    "top": "0",
                                                    "right": "0",
                                                    "bottom": "20",
                                                    "left": "0",
                                                    "isLinked": false
                                                }
                                            },
                                            "elements": [],
                                            "isInner": false,
                                            "widgetType": "image",
                                            "elType": "widget"
                                        }
                                    ],
                                    "isInner": true,
                                    "elType": "column"
                                },
                                {
                                    "id": "13569bc5",
                                    "settings": {
                                        "_column_size": 66,
                                        "_inline_size": 73.689,
                                        "_inline_size_tablet": 70
                                    },
                                    "elements": [
                                        {
                                            "id": "2ab74152",
                                            "settings": {
                                                "testimonial_content": "Ut eu sem integer vitae. Sed euismod nisi porta lorem mollis aliquam ut porttitor leo.  ipsum dolor sit amet consectetur adipiscing elit eget arcu dictum varius duis. Faucibus in ornare quam viverra orci.",
                                                "testimonial_image": {
                                                    "url": "",
                                                    "id": ""
                                                },
                                                "testimonial_name": "Lilianna Potts",
                                                "testimonial_job": "Wedding Client",
                                                "testimonial_image_position": "top",
                                                "testimonial_alignment": "left",
                                                "job_typography_typography": "custom",
                                                "content_typography_typography": "custom",
                                                "content_typography_font_style": "italic",
                                                "content_typography_letter_spacing": {
                                                    "unit": "px",
                                                    "size": 0,
                                                    "sizes": []
                                                },
                                                "content_content_color": "#6E6E6E",
                                                "content_typography_font_family": "Cormorant Garamond",
                                                "content_typography_font_size": {
                                                    "unit": "px",
                                                    "size": 28,
                                                    "sizes": []
                                                },
                                                "content_typography_line_height": {
                                                    "unit": "em",
                                                    "size": 1.4,
                                                    "sizes": []
                                                },
                                                "name_text_color": "#000000",
                                                "name_typography_typography": "custom",
                                                "name_typography_font_family": "Cormorant Garamond",
                                                "name_typography_font_size": {
                                                    "unit": "px",
                                                    "size": 25,
                                                    "sizes": []
                                                },
                                                "name_typography_font_weight": "500",
                                                "job_text_color": "#BF8760",
                                                "job_typography_font_size": {
                                                    "unit": "px",
                                                    "size": 14,
                                                    "sizes": []
                                                },
                                                "job_typography_line_height": {
                                                    "unit": "px",
                                                    "size": 21,
                                                    "sizes": []
                                                },
                                                "job_typography_letter_spacing": {
                                                    "unit": "px",
                                                    "size": 2.3,
                                                    "sizes": []
                                                },
                                                "content_typography_font_size_mobile": {
                                                    "unit": "px",
                                                    "size": 22,
                                                    "sizes": []
                                                },
                                                "content_typography_font_size_tablet": {
                                                    "unit": "px",
                                                    "size": 24,
                                                    "sizes": []
                                                }
                                            },
                                            "elements": [],
                                            "isInner": false,
                                            "widgetType": "testimonial",
                                            "elType": "widget"
                                        }
                                    ],
                                    "isInner": true,
                                    "elType": "column"
                                }
                            ],
                            "isInner": true,
                            "elType": "section"
                        },
                        {
                            "id": "607441b7",
                            "settings": {
                                "selected_icon": {
                                    "value": "far fa-comment-alt",
                                    "library": "fa-regular"
                                },
                                "primary_color": "rgba(191, 111, 95, 0.08)",
                                "size": {
                                    "unit": "px",
                                    "size": 116,
                                    "sizes": []
                                },
                                "_element_width": "auto",
                                "_position": "absolute",
                                "_offset_orientation_h": "end",
                                "_offset_x_end": {
                                    "size": 136,
                                    "unit": "px"
                                },
                                "_offset_orientation_v": "end",
                                "_offset_y_end": {
                                    "size": 144,
                                    "unit": "px"
                                }
                            },
                            "elements": [],
                            "isInner": false,
                            "widgetType": "icon",
                            "elType": "widget"
                        },
                        {
                            "id": "6bd5652a",
                            "settings": {
                                "style": "curly",
                                "width": {
                                    "unit": "px",
                                    "size": 209,
                                    "sizes": []
                                },
                                "align": "center",
                                "text": "Divider",
                                "look": "line_icon",
                                "icon": {
                                    "value": "fas fa-spa",
                                    "library": "fa-solid"
                                },
                                "color": "rgba(191, 111, 95, 0.85)",
                                "weight": {
                                    "unit": "px",
                                    "size": "",
                                    "sizes": []
                                },
                                "gap": {
                                    "unit": "px",
                                    "size": "",
                                    "sizes": []
                                },
                                "primary_color": "rgba(191, 111, 95, 0.81)",
                                "icon_size": {
                                    "unit": "px",
                                    "size": 18,
                                    "sizes": []
                                }
                            },
                            "elements": [],
                            "isInner": false,
                            "widgetType": "divider",
                            "elType": "widget"
                        }
                    ],
                    "isInner": false,
                    "elType": "column"
                }
            ],
            "isInner": false,
            "elType": "section"
        }
    ]
}