{
    "version": "0.4",
    "title": "Theme Builder \u2013 Header (Elementor Pro)",
    "type": "header",
    "metadata": {
        "template_type": "section-header",
        "include_in_zip": "1",
        "elementor_pro_required": "1",
        "elementor_library_type": "header",
        "elementor_pro_conditions": [
            "include\/general"
        ],
        "additional_template_information": [
            "This is a \"Header\" template for Elementor Pro.",
            "This template will display on: Entire Site."
        ],
        "wp_page_template": "default"
    },
    "content": [
        {
            "id": "306ac9ad",
            "settings": {
                "background_background": "classic",
                "background_color": "#FFFFFF",
                "border_width": {
                    "unit": "px",
                    "top": "25",
                    "right": "25",
                    "bottom": "25",
                    "left": "25",
                    "isLinked": true
                },
                "border_color": "#FFFFFF",
                "padding": {
                    "unit": "em",
                    "top": "1",
                    "right": "0",
                    "bottom": "1",
                    "left": "0",
                    "isLinked": false
                },
                "border_width_tablet": {
                    "unit": "px",
                    "top": "20",
                    "right": "20",
                    "bottom": "20",
                    "left": "20",
                    "isLinked": true
                },
                "border_width_mobile": {
                    "unit": "px",
                    "top": "0",
                    "right": "0",
                    "bottom": "0",
                    "left": "0",
                    "isLinked": true
                },
                "padding_mobile": {
                    "unit": "em",
                    "top": "1",
                    "right": "1",
                    "bottom": "1",
                    "left": "1",
                    "isLinked": true
                },
                "content_position": "middle",
                "structure": "20",
                "z_index": 10
            },
            "elements": [
                {
                    "id": "3ce6215",
                    "settings": {
                        "_column_size": 50,
                        "_inline_size": 37.426,
                        "_inline_size_mobile": 50,
                        "padding_mobile": {
                            "unit": "px",
                            "top": "0",
                            "right": "0",
                            "bottom": "0",
                            "left": "0",
                            "isLinked": true
                        }
                    },
                    "elements": [
                        {
                            "id": "6b1cd626",
                            "settings": {
                                "image": {
                                    "url": "https:\/\/templatekit.tokopress.com\/weddingkit\/wp-content\/uploads\/sites\/13\/2020\/04\/logo.png",
                                    "id": 769
                                },
                                "image_size": "custom",
                                "image_custom_dimension": {
                                    "width": "30",
                                    "height": ""
                                },
                                "width": {
                                    "unit": "px",
                                    "size": 30,
                                    "sizes": []
                                },
                                "_margin": {
                                    "unit": "px",
                                    "top": "0",
                                    "right": "12",
                                    "bottom": "0",
                                    "left": "0",
                                    "isLinked": false
                                },
                                "_element_width": "auto",
                                "_element_vertical_align": "center",
                                "width_mobile": {
                                    "unit": "px",
                                    "size": 26,
                                    "sizes": []
                                },
                                "_margin_mobile": {
                                    "unit": "px",
                                    "top": "0",
                                    "right": "8",
                                    "bottom": "0",
                                    "left": "0",
                                    "isLinked": false
                                }
                            },
                            "elements": [],
                            "isInner": false,
                            "widgetType": "image",
                            "elType": "widget"
                        },
                        {
                            "id": "1ed8bba0",
                            "settings": {
                                "title": "Sweeding",
                                "header_size": "h5",
                                "_element_width": "auto",
                                "_element_vertical_align": "center"
                            },
                            "elements": [],
                            "isInner": false,
                            "widgetType": "heading",
                            "elType": "widget"
                        }
                    ],
                    "isInner": false,
                    "elType": "column"
                },
                {
                    "id": "5b1c61ea",
                    "settings": {
                        "_column_size": 50,
                        "_inline_size": 62.574,
                        "_inline_size_mobile": 50,
                        "padding_mobile": {
                            "unit": "px",
                            "top": "0",
                            "right": "0",
                            "bottom": "0",
                            "left": "0",
                            "isLinked": true
                        }
                    },
                    "elements": [
                        {
                            "id": "43c34eaf",
                            "settings": {
                                "align_items": "right",
                                "toggle_align": "right",
                                "menu_typography_typography": "custom",
                                "menu_typography_font_size": {
                                    "unit": "px",
                                    "size": 14,
                                    "sizes": []
                                },
                                "color_menu_item": "#BF6F5F",
                                "toggle_color": "#FFFFFF",
                                "toggle_background_color": "#BF8760",
                                "indicator": "chevron",
                                "full_width": "stretch",
                                "pointer_color_menu_item_hover": "#BF8760",
                                "color_dropdown_item_hover": "#FFFFFF",
                                "background_color_dropdown_item_hover": "#BF8760",
                                "toggle_border_radius": {
                                    "unit": "px",
                                    "size": 0,
                                    "sizes": []
                                },
                                "pointer_width": {
                                    "unit": "px",
                                    "size": 2,
                                    "sizes": []
                                },
                                "padding_horizontal_menu_item": {
                                    "unit": "px",
                                    "size": 0,
                                    "sizes": []
                                },
                                "menu_space_between": {
                                    "unit": "px",
                                    "size": 30,
                                    "sizes": []
                                }
                            },
                            "elements": [],
                            "isInner": false,
                            "widgetType": "nav-menu",
                            "elType": "widget"
                        }
                    ],
                    "isInner": false,
                    "elType": "column"
                }
            ],
            "isInner": false,
            "elType": "section"
        }
    ]
}