{
    "version": "0.4",
    "title": "Contact 1",
    "type": "page",
    "metadata": {
        "template_type": "single-page",
        "include_in_zip": "1",
        "elementor_pro_required": "1",
        "wp_page_template": "elementor_header_footer"
    },
    "content": [
        {
            "id": "42621bab",
            "settings": {
                "background_background": "classic",
                "background_color": "#F4F0ED",
                "background_position": "center center",
                "background_overlay_background": "classic",
                "background_overlay_image": {
                    "url": "https:\/\/templatekit.jegtheme.com\/robbie-and-magie\/wp-content\/uploads\/sites\/5\/2020\/07\/bg-contact-2.png",
                    "id": 986
                },
                "background_overlay_repeat": "no-repeat",
                "background_overlay_size": "cover",
                "padding": {
                    "unit": "px",
                    "top": "120",
                    "right": "0",
                    "bottom": "90",
                    "left": "0",
                    "isLinked": false
                },
                "padding_tablet": {
                    "unit": "px",
                    "top": "20",
                    "right": "10",
                    "bottom": "30",
                    "left": "10",
                    "isLinked": false
                },
                "padding_mobile": {
                    "unit": "px",
                    "top": "10",
                    "right": "10",
                    "bottom": "10",
                    "left": "10",
                    "isLinked": true
                },
                "content_width": {
                    "unit": "px",
                    "size": 900,
                    "sizes": []
                },
                "background_overlay_position": "top center",
                "background_overlay_opacity": {
                    "unit": "px",
                    "size": 1,
                    "sizes": []
                }
            },
            "elements": [
                {
                    "id": "3396da31",
                    "settings": {
                        "_column_size": 100,
                        "_inline_size": null
                    },
                    "elements": [
                        {
                            "id": "611a5250",
                            "settings": {
                                "content_width": {
                                    "unit": "px",
                                    "size": 600,
                                    "sizes": []
                                },
                                "background_background": "classic",
                                "background_color": "#FFFFFF",
                                "box_shadow_box_shadow_type": "yes",
                                "box_shadow_box_shadow": {
                                    "horizontal": 0,
                                    "vertical": 10,
                                    "blur": 35,
                                    "spread": 0,
                                    "color": "rgba(26, 17, 5, 0.1)"
                                },
                                "padding": {
                                    "unit": "px",
                                    "top": "80",
                                    "right": "0",
                                    "bottom": "100",
                                    "left": "0",
                                    "isLinked": false
                                },
                                "padding_tablet": {
                                    "unit": "px",
                                    "top": "40",
                                    "right": "40",
                                    "bottom": "40",
                                    "left": "40",
                                    "isLinked": true
                                },
                                "padding_mobile": {
                                    "unit": "px",
                                    "top": "30",
                                    "right": "20",
                                    "bottom": "30",
                                    "left": "20",
                                    "isLinked": false
                                }
                            },
                            "elements": [
                                {
                                    "id": "512672b9",
                                    "settings": {
                                        "_column_size": 100,
                                        "_inline_size": null,
                                        "_inline_size_mobile": 100,
                                        "align_mobile": "center",
                                        "background_background": "classic",
                                        "background_color_stop": {
                                            "unit": "%",
                                            "size": 100,
                                            "sizes": []
                                        },
                                        "background_color_b": "",
                                        "border_width": {
                                            "unit": "px",
                                            "top": "4",
                                            "right": "4",
                                            "bottom": "4",
                                            "left": "4",
                                            "isLinked": true
                                        },
                                        "border_color": "rgba(167, 133, 86, 0.38)",
                                        "box_shadow_box_shadow": {
                                            "horizontal": 0,
                                            "vertical": 10,
                                            "blur": 35,
                                            "spread": 0,
                                            "color": "rgba(26, 17, 5, 0.1)"
                                        },
                                        "padding": {
                                            "unit": "%",
                                            "top": "",
                                            "right": "",
                                            "bottom": "",
                                            "left": "",
                                            "isLinked": false
                                        },
                                        "z_index": 1
                                    },
                                    "elements": [
                                        {
                                            "id": "28239ac6",
                                            "settings": {
                                                "title": "Get In Touch",
                                                "align": "center",
                                                "title_color": "#4D504A",
                                                "typography_typography": "custom",
                                                "typography_font_family": "Cormorant Garamond",
                                                "typography_font_size": {
                                                    "unit": "px",
                                                    "size": 48,
                                                    "sizes": []
                                                },
                                                "typography_font_weight": "400",
                                                "typography_text_transform": "uppercase",
                                                "typography_line_height": {
                                                    "unit": "em",
                                                    "size": 1.25,
                                                    "sizes": []
                                                },
                                                "typography_letter_spacing": {
                                                    "unit": "px",
                                                    "size": 5,
                                                    "sizes": []
                                                },
                                                "typography_font_size_mobile": {
                                                    "unit": "px",
                                                    "size": 24,
                                                    "sizes": []
                                                },
                                                "typography_font_size_tablet": {
                                                    "unit": "px",
                                                    "size": 40,
                                                    "sizes": []
                                                },
                                                "typography_letter_spacing_tablet": {
                                                    "unit": "px",
                                                    "size": 3,
                                                    "sizes": []
                                                }
                                            },
                                            "elements": [],
                                            "isInner": false,
                                            "widgetType": "heading",
                                            "elType": "widget"
                                        },
                                        {
                                            "id": "37ab99c7",
                                            "settings": {
                                                "image": {
                                                    "url": "https:\/\/templatekit.jegtheme.com\/robbie-and-magie\/wp-content\/uploads\/sites\/5\/2020\/07\/ornament.png",
                                                    "id": 2069
                                                },
                                                "image_size": "medium_large",
                                                "width": {
                                                    "unit": "px",
                                                    "size": 170,
                                                    "sizes": []
                                                },
                                                "width_tablet": {
                                                    "unit": "px",
                                                    "size": 150,
                                                    "sizes": []
                                                },
                                                "width_mobile": {
                                                    "unit": "px",
                                                    "size": 100,
                                                    "sizes": []
                                                },
                                                "_margin_tablet": {
                                                    "unit": "px",
                                                    "top": "-10",
                                                    "right": "0",
                                                    "bottom": "0",
                                                    "left": "0",
                                                    "isLinked": false
                                                }
                                            },
                                            "elements": [],
                                            "isInner": false,
                                            "widgetType": "image",
                                            "elType": "widget"
                                        },
                                        {
                                            "id": "7fb0ba05",
                                            "settings": {
                                                "editor": "We can't wait to celebrate our special day with you.",
                                                "text_color": "#9B9B9B",
                                                "typography_typography": "custom",
                                                "typography_font_family": "Cormorant Garamond",
                                                "typography_font_size": {
                                                    "unit": "px",
                                                    "size": 24,
                                                    "sizes": []
                                                },
                                                "align": "center",
                                                "typography_font_style": "italic",
                                                "_padding": {
                                                    "unit": "%",
                                                    "top": "",
                                                    "right": "",
                                                    "bottom": "",
                                                    "left": "",
                                                    "isLinked": true
                                                },
                                                "typography_font_size_mobile": {
                                                    "unit": "px",
                                                    "size": 15,
                                                    "sizes": []
                                                },
                                                "_padding_mobile": {
                                                    "unit": "px",
                                                    "top": "0",
                                                    "right": "20",
                                                    "bottom": "0",
                                                    "left": "20",
                                                    "isLinked": false
                                                },
                                                "typography_font_weight": "300",
                                                "typography_font_size_tablet": {
                                                    "unit": "px",
                                                    "size": 22,
                                                    "sizes": []
                                                },
                                                "_margin_mobile": {
                                                    "unit": "px",
                                                    "top": "0",
                                                    "right": "0",
                                                    "bottom": "10",
                                                    "left": "0",
                                                    "isLinked": false
                                                },
                                                "_padding_tablet": {
                                                    "unit": "%",
                                                    "top": "",
                                                    "right": "",
                                                    "bottom": "",
                                                    "left": "",
                                                    "isLinked": true
                                                },
                                                "_margin": {
                                                    "unit": "px",
                                                    "top": "0",
                                                    "right": "0",
                                                    "bottom": "20",
                                                    "left": "0",
                                                    "isLinked": false
                                                }
                                            },
                                            "elements": [],
                                            "isInner": false,
                                            "widgetType": "text-editor",
                                            "elType": "widget"
                                        },
                                        {
                                            "id": "74896022",
                                            "settings": {
                                                "form_name": "New Form",
                                                "form_fields": [
                                                    {
                                                        "custom_id": "name",
                                                        "field_type": "text",
                                                        "field_label": "",
                                                        "placeholder": "Your name",
                                                        "width": "50",
                                                        "_id": "125d363",
                                                        "required": "",
                                                        "field_options": "",
                                                        "allow_multiple": "",
                                                        "select_size": "",
                                                        "inline_list": "",
                                                        "field_html": "",
                                                        "width_tablet": "",
                                                        "width_mobile": "50",
                                                        "rows": 4,
                                                        "recaptcha_size": "normal",
                                                        "recaptcha_style": "light",
                                                        "recaptcha_badge": "bottomright",
                                                        "css_classes": "",
                                                        "field_value": ""
                                                    },
                                                    {
                                                        "custom_id": "email",
                                                        "field_type": "email",
                                                        "required": "true",
                                                        "field_label": "",
                                                        "placeholder": "Your email",
                                                        "width": "50",
                                                        "_id": "1ff4640",
                                                        "field_options": "",
                                                        "allow_multiple": "",
                                                        "select_size": "",
                                                        "inline_list": "",
                                                        "field_html": "",
                                                        "width_tablet": "",
                                                        "width_mobile": "50",
                                                        "rows": 4,
                                                        "recaptcha_size": "normal",
                                                        "recaptcha_style": "light",
                                                        "recaptcha_badge": "bottomright",
                                                        "css_classes": "",
                                                        "field_value": ""
                                                    },
                                                    {
                                                        "custom_id": "message",
                                                        "field_type": "text",
                                                        "field_label": "",
                                                        "placeholder": "Subject",
                                                        "width": "100",
                                                        "_id": "09bfc80",
                                                        "required": "",
                                                        "field_options": "",
                                                        "allow_multiple": "",
                                                        "select_size": "",
                                                        "inline_list": "",
                                                        "field_html": "",
                                                        "width_tablet": "",
                                                        "width_mobile": "",
                                                        "rows": 4,
                                                        "recaptcha_size": "normal",
                                                        "recaptcha_style": "light",
                                                        "recaptcha_badge": "bottomright",
                                                        "css_classes": "",
                                                        "field_value": ""
                                                    },
                                                    {
                                                        "custom_id": "field_1",
                                                        "field_type": "textarea",
                                                        "required": "true",
                                                        "field_label": "",
                                                        "placeholder": "Something you say",
                                                        "width": "100",
                                                        "field_options": "",
                                                        "allow_multiple": "",
                                                        "select_size": "",
                                                        "inline_list": "",
                                                        "field_html": "",
                                                        "width_tablet": "",
                                                        "width_mobile": "",
                                                        "rows": 4,
                                                        "recaptcha_size": "normal",
                                                        "recaptcha_style": "light",
                                                        "recaptcha_badge": "bottomright",
                                                        "css_classes": "",
                                                        "field_value": "",
                                                        "_id": "34b7f13"
                                                    }
                                                ],
                                                "button_text": "submit",
                                                "email_content": "[all-fields]",
                                                "email_content_2": "[all-fields]",
                                                "success_message": "The form was sent successfully.",
                                                "error_message": "An error occured.",
                                                "required_field_message": "This field is required.",
                                                "invalid_message": "There's something wrong. The form is invalid.",
                                                "column_gap": {
                                                    "unit": "px",
                                                    "size": 30,
                                                    "sizes": []
                                                },
                                                "row_gap": {
                                                    "unit": "px",
                                                    "size": 40,
                                                    "sizes": []
                                                },
                                                "label_spacing": {
                                                    "unit": "px",
                                                    "size": "",
                                                    "sizes": []
                                                },
                                                "field_background_color": "",
                                                "field_border_color": "rgba(167, 133, 86, 0.38)",
                                                "field_border_width": {
                                                    "unit": "px",
                                                    "top": "1",
                                                    "right": "1",
                                                    "bottom": "1",
                                                    "left": "1",
                                                    "isLinked": true
                                                },
                                                "show_labels": "",
                                                "button_size": "lg",
                                                "html_spacing": {
                                                    "unit": "px",
                                                    "size": "",
                                                    "sizes": []
                                                },
                                                "button_background_color": "#A78556",
                                                "button_typography_typography": "custom",
                                                "button_typography_font_family": "Muli",
                                                "button_typography_font_size": {
                                                    "unit": "px",
                                                    "size": 12,
                                                    "sizes": []
                                                },
                                                "button_typography_font_weight": "600",
                                                "button_typography_text_transform": "uppercase",
                                                "button_typography_letter_spacing": {
                                                    "unit": "px",
                                                    "size": 4,
                                                    "sizes": []
                                                },
                                                "field_typography_typography": "custom",
                                                "field_typography_font_size_mobile": {
                                                    "unit": "px",
                                                    "size": 9,
                                                    "sizes": []
                                                },
                                                "button_typography_font_size_mobile": {
                                                    "unit": "px",
                                                    "size": 12,
                                                    "sizes": []
                                                },
                                                "button_border_width_mobile": {
                                                    "unit": "px",
                                                    "top": "0",
                                                    "right": "0",
                                                    "bottom": "0",
                                                    "left": "0",
                                                    "isLinked": false
                                                },
                                                "button_border_color": "#A78556",
                                                "button_border_radius": {
                                                    "unit": "px",
                                                    "top": "0",
                                                    "right": "0",
                                                    "bottom": "0",
                                                    "left": "0",
                                                    "isLinked": true
                                                },
                                                "_z_index": 2,
                                                "field_border_radius": {
                                                    "unit": "px",
                                                    "top": "0",
                                                    "right": "0",
                                                    "bottom": "0",
                                                    "left": "0",
                                                    "isLinked": true
                                                },
                                                "button_border_border": "solid",
                                                "button_border_width": {
                                                    "unit": "px",
                                                    "top": "0",
                                                    "right": "40",
                                                    "bottom": "0",
                                                    "left": "40",
                                                    "isLinked": false
                                                },
                                                "input_size": "md",
                                                "button_text_color": "#FFFFFF",
                                                "message_typography_typography": "custom"
                                            },
                                            "elements": [],
                                            "isInner": false,
                                            "widgetType": "form",
                                            "elType": "widget"
                                        }
                                    ],
                                    "isInner": true,
                                    "elType": "column"
                                }
                            ],
                            "isInner": true,
                            "elType": "section"
                        },
                        {
                            "id": "4e5801ee",
                            "settings": {
                                "space": {
                                    "unit": "px",
                                    "size": 60,
                                    "sizes": []
                                },
                                "space_tablet": {
                                    "unit": "px",
                                    "size": 30,
                                    "sizes": []
                                },
                                "space_mobile": {
                                    "unit": "px",
                                    "size": 0,
                                    "sizes": []
                                }
                            },
                            "elements": [],
                            "isInner": false,
                            "widgetType": "spacer",
                            "elType": "widget"
                        },
                        {
                            "id": "5519cde3",
                            "settings": {
                                "image": {
                                    "url": "https:\/\/templatekit.jegtheme.com\/robbie-and-magie\/wp-content\/uploads\/sites\/5\/2020\/07\/watercolor_twig_13.png",
                                    "id": 493
                                },
                                "image_size": "full",
                                "width": {
                                    "unit": "%",
                                    "size": 12,
                                    "sizes": []
                                },
                                "width_mobile": {
                                    "unit": "%",
                                    "size": 15,
                                    "sizes": []
                                },
                                "_margin_mobile": {
                                    "unit": "px",
                                    "top": "10",
                                    "right": "0",
                                    "bottom": "-15",
                                    "left": "0",
                                    "isLinked": false
                                },
                                "motion_fx_motion_fx_scrolling": "yes",
                                "motion_fx_translateY_effect": "yes",
                                "motion_fx_translateY_direction": "negative",
                                "motion_fx_translateY_speed": {
                                    "unit": "px",
                                    "size": 0.4,
                                    "sizes": []
                                },
                                "motion_fx_translateY_affectedRange": {
                                    "unit": "%",
                                    "size": "",
                                    "sizes": {
                                        "start": 0,
                                        "end": 76
                                    }
                                },
                                "motion_fx_rotateZ_effect": "yes",
                                "motion_fx_rotateZ_speed": {
                                    "unit": "px",
                                    "size": 0.5,
                                    "sizes": []
                                },
                                "motion_fx_devices": [
                                    "desktop",
                                    "tablet"
                                ]
                            },
                            "elements": [],
                            "isInner": false,
                            "widgetType": "image",
                            "elType": "widget"
                        },
                        {
                            "id": "7d3164db",
                            "settings": {
                                "background_background": "classic",
                                "padding": {
                                    "unit": "px",
                                    "top": "40",
                                    "right": "0",
                                    "bottom": "0",
                                    "left": "0",
                                    "isLinked": false
                                },
                                "padding_tablet": {
                                    "unit": "px",
                                    "top": "30",
                                    "right": "0",
                                    "bottom": "0",
                                    "left": "0",
                                    "isLinked": false
                                },
                                "padding_mobile": {
                                    "unit": "px",
                                    "top": "0",
                                    "right": "0",
                                    "bottom": "0",
                                    "left": "0",
                                    "isLinked": true
                                }
                            },
                            "elements": [
                                {
                                    "id": "73f11e6a",
                                    "settings": {
                                        "_column_size": 100,
                                        "_inline_size": null,
                                        "background_background": "classic",
                                        "background_color_stop": {
                                            "unit": "%",
                                            "size": "",
                                            "sizes": []
                                        },
                                        "background_color_b": "",
                                        "border_width": {
                                            "unit": "px",
                                            "top": "4",
                                            "right": "4",
                                            "bottom": "4",
                                            "left": "4",
                                            "isLinked": true
                                        },
                                        "box_shadow_box_shadow": {
                                            "horizontal": 0,
                                            "vertical": 0,
                                            "blur": 10,
                                            "spread": -5,
                                            "color": "rgba(0,0,0,0.5)"
                                        },
                                        "_inline_size_mobile": 100,
                                        "align_mobile": "center",
                                        "border_color": "rgba(167, 133, 86, 0.38)",
                                        "z_index": 1,
                                        "background_color_b_stop": {
                                            "unit": "%",
                                            "size": "",
                                            "sizes": []
                                        },
                                        "background_gradient_angle": {
                                            "unit": "deg",
                                            "size": "",
                                            "sizes": []
                                        }
                                    },
                                    "elements": [
                                        {
                                            "id": "1ab29ec2",
                                            "settings": {
                                                "title": "Follow Us on instagram",
                                                "align": "center",
                                                "title_color": "#4D504A",
                                                "typography_typography": "custom",
                                                "typography_font_family": "Cormorant Garamond",
                                                "typography_font_size": {
                                                    "unit": "px",
                                                    "size": 28,
                                                    "sizes": []
                                                },
                                                "typography_font_size_mobile": {
                                                    "unit": "px",
                                                    "size": 20,
                                                    "sizes": []
                                                },
                                                "typography_font_weight": "400",
                                                "typography_text_transform": "uppercase",
                                                "typography_letter_spacing": {
                                                    "unit": "px",
                                                    "size": 3,
                                                    "sizes": []
                                                },
                                                "align_mobile": "center"
                                            },
                                            "elements": [],
                                            "isInner": false,
                                            "widgetType": "heading",
                                            "elType": "widget"
                                        },
                                        {
                                            "id": "316cb9bd",
                                            "settings": {
                                                "title": "@robbie_drwn &amp; @magie_nielsen",
                                                "align": "center",
                                                "title_color": "#A78556",
                                                "typography_typography": "custom",
                                                "typography_font_family": "Muli",
                                                "typography_font_size": {
                                                    "unit": "px",
                                                    "size": 13,
                                                    "sizes": []
                                                },
                                                "typography_font_size_tablet": {
                                                    "unit": "px",
                                                    "size": 11,
                                                    "sizes": []
                                                },
                                                "typography_font_weight": "400",
                                                "typography_letter_spacing": {
                                                    "unit": "px",
                                                    "size": 3,
                                                    "sizes": []
                                                },
                                                "header_size": "p",
                                                "typography_text_transform": "uppercase"
                                            },
                                            "elements": [],
                                            "isInner": false,
                                            "widgetType": "heading",
                                            "elType": "widget"
                                        }
                                    ],
                                    "isInner": true,
                                    "elType": "column"
                                }
                            ],
                            "isInner": true,
                            "elType": "section"
                        }
                    ],
                    "isInner": false,
                    "elType": "column"
                }
            ],
            "isInner": false,
            "elType": "section"
        },
        {
            "id": "77fc6d8d",
            "settings": {
                "layout": "full_width",
                "gap": "no"
            },
            "elements": [
                {
                    "id": "3347c6ce",
                    "settings": {
                        "_column_size": 100,
                        "_inline_size": null
                    },
                    "elements": [
                        {
                            "id": "1ab4ea04",
                            "settings": {
                                "address": "Four Seasons Resort Bali , Sayan, Ubud, Gianyar, Bali 80571",
                                "height": {
                                    "unit": "px",
                                    "size": 400,
                                    "sizes": []
                                },
                                "css_filters_css_filter": "custom",
                                "css_filters_saturate": {
                                    "unit": "px",
                                    "size": 15,
                                    "sizes": []
                                },
                                "css_filters_hue": {
                                    "unit": "px",
                                    "size": 360,
                                    "sizes": []
                                },
                                "hover_transition": {
                                    "unit": "px",
                                    "size": 1,
                                    "sizes": []
                                },
                                "zoom": {
                                    "unit": "px",
                                    "size": 15,
                                    "sizes": []
                                },
                                "height_mobile": {
                                    "unit": "px",
                                    "size": 180,
                                    "sizes": []
                                }
                            },
                            "elements": [],
                            "isInner": false,
                            "widgetType": "google_maps",
                            "elType": "widget"
                        }
                    ],
                    "isInner": false,
                    "elType": "column"
                }
            ],
            "isInner": false,
            "elType": "section"
        }
    ],
    "page_settings": {
        "eael_ext_toc_title": "Table of Contents",
        "template": "elementor_header_footer"
    }
}