{
    "version": "0.4",
    "title": "Gallery \u2013 Justified",
    "type": "page",
    "metadata": {
        "template_type": "single-page",
        "include_in_zip": "1",
        "elementor_pro_required": "1",
        "wp_page_template": "elementor_header_footer"
    },
    "content": [
        {
            "id": "6a0be9e4",
            "settings": {
                "background_background": "classic",
                "background_position": "center center",
                "background_repeat": "no-repeat",
                "background_size": "cover",
                "background_overlay_color": "#211506",
                "margin": {
                    "unit": "px",
                    "top": "0",
                    "right": 0,
                    "bottom": "0",
                    "left": 0,
                    "isLinked": false
                },
                "padding": {
                    "unit": "px",
                    "top": "100",
                    "right": "0",
                    "bottom": "100",
                    "left": "0",
                    "isLinked": false
                },
                "background_overlay_opacity": {
                    "unit": "px",
                    "size": 0.3,
                    "sizes": []
                },
                "background_motion_fx_translateY_effect": "yes",
                "background_color": "#F4F0ED",
                "padding_tablet": {
                    "unit": "px",
                    "top": "40",
                    "right": "20",
                    "bottom": "40",
                    "left": "20",
                    "isLinked": false
                }
            },
            "elements": [
                {
                    "id": "5957db3e",
                    "settings": {
                        "_column_size": 100,
                        "_inline_size": null
                    },
                    "elements": [
                        {
                            "id": "2a9bb97a",
                            "settings": {
                                "title": "Justified Gallery",
                                "align": "center",
                                "title_color": "#4D504A",
                                "typography_typography": "custom",
                                "typography_font_family": "Cormorant Garamond",
                                "typography_font_size": {
                                    "unit": "px",
                                    "size": 80,
                                    "sizes": []
                                },
                                "typography_font_size_mobile": {
                                    "unit": "px",
                                    "size": 40,
                                    "sizes": []
                                },
                                "typography_font_weight": "300",
                                "typography_letter_spacing": {
                                    "unit": "px",
                                    "size": 9,
                                    "sizes": []
                                },
                                "header_size": "h1",
                                "typography_font_size_tablet": {
                                    "unit": "px",
                                    "size": 60,
                                    "sizes": []
                                },
                                "typography_text_transform": "uppercase",
                                "_animation": "fadeInUp",
                                "animation_duration": "slow",
                                "_animation_delay": 500
                            },
                            "elements": [],
                            "isInner": false,
                            "widgetType": "heading",
                            "elType": "widget"
                        },
                        {
                            "id": "4571b5d1",
                            "settings": {
                                "editor": "<p>We spent sometimes to the day we met.<\/p>",
                                "text_color": "#9B9B9B",
                                "typography_typography": "custom",
                                "typography_font_family": "Cormorant Garamond",
                                "_margin": {
                                    "unit": "px",
                                    "top": "0",
                                    "right": "0",
                                    "bottom": "-10",
                                    "left": "0",
                                    "isLinked": false
                                },
                                "_animation": "fadeInUp",
                                "typography_font_size": {
                                    "unit": "px",
                                    "size": 26,
                                    "sizes": []
                                },
                                "typography_font_size_mobile": {
                                    "unit": "px",
                                    "size": 18,
                                    "sizes": []
                                },
                                "typography_font_style": "italic",
                                "typography_font_weight": "300",
                                "typography_font_size_tablet": {
                                    "unit": "px",
                                    "size": 20,
                                    "sizes": []
                                },
                                "_margin_tablet": {
                                    "unit": "px",
                                    "top": "0",
                                    "right": "0",
                                    "bottom": "0",
                                    "left": "0",
                                    "isLinked": true
                                },
                                "_padding_mobile": {
                                    "unit": "%",
                                    "top": "0",
                                    "right": "0",
                                    "bottom": "0",
                                    "left": "0",
                                    "isLinked": true
                                },
                                "_animation_delay": 800,
                                "align": "center",
                                "_padding": {
                                    "unit": "%",
                                    "top": "0",
                                    "right": "20",
                                    "bottom": "0",
                                    "left": "20",
                                    "isLinked": false
                                },
                                "animation_duration": "slow",
                                "_margin_mobile": {
                                    "unit": "px",
                                    "top": "0",
                                    "right": "0",
                                    "bottom": "-15",
                                    "left": "0",
                                    "isLinked": false
                                }
                            },
                            "elements": [],
                            "isInner": false,
                            "widgetType": "text-editor",
                            "elType": "widget"
                        }
                    ],
                    "isInner": false,
                    "elType": "column"
                }
            ],
            "isInner": false,
            "elType": "section"
        },
        {
            "id": "51154e38",
            "settings": {
                "content_width": {
                    "unit": "px",
                    "size": 1290,
                    "sizes": []
                },
                "margin": {
                    "unit": "px",
                    "top": "",
                    "right": 0,
                    "bottom": "",
                    "left": 0,
                    "isLinked": true
                },
                "padding": {
                    "unit": "px",
                    "top": "80",
                    "right": "0",
                    "bottom": "80",
                    "left": "0",
                    "isLinked": false
                },
                "background_background": "classic",
                "background_color": "#FFFFFF",
                "padding_tablet": {
                    "unit": "px",
                    "top": "30",
                    "right": "10",
                    "bottom": "30",
                    "left": "10",
                    "isLinked": false
                }
            },
            "elements": [
                {
                    "id": "541a1978",
                    "settings": {
                        "_column_size": 100,
                        "_inline_size": null
                    },
                    "elements": [
                        {
                            "id": "12554216",
                            "settings": {
                                "gallery": [
                                    {
                                        "id": 1652,
                                        "url": "https:\/\/templatekit.jegtheme.com\/robbie-and-magie\/wp-content\/uploads\/sites\/5\/2020\/07\/beautiful-bride-and-groom-at-sunset-in-green-natur-PG3HH65-gallery.jpg"
                                    },
                                    {
                                        "id": 1657,
                                        "url": "https:\/\/templatekit.jegtheme.com\/robbie-and-magie\/wp-content\/uploads\/sites\/5\/2020\/07\/handsome-young-groom-P8PKW7A-gallery.jpg"
                                    },
                                    {
                                        "id": 1656,
                                        "url": "https:\/\/templatekit.jegtheme.com\/robbie-and-magie\/wp-content\/uploads\/sites\/5\/2020\/07\/beautiful-young-bride-at-sunset-in-green-nature-PGX3LES-galery.jpg"
                                    },
                                    {
                                        "id": 1654,
                                        "url": "https:\/\/templatekit.jegtheme.com\/robbie-and-magie\/wp-content\/uploads\/sites\/5\/2020\/07\/beautiful-bride-and-groom-in-green-nature-PZEK3PS-gallery.jpg"
                                    },
                                    {
                                        "id": 1634,
                                        "url": "https:\/\/templatekit.jegtheme.com\/robbie-and-magie\/wp-content\/uploads\/sites\/5\/2020\/07\/beautiful-bride-and-groom-at-sunset-in-green-natur-P8PLWCQ.jpg"
                                    },
                                    {
                                        "id": 1653,
                                        "url": "https:\/\/templatekit.jegtheme.com\/robbie-and-magie\/wp-content\/uploads\/sites\/5\/2020\/07\/beautiful-bride-and-groom-in-green-nature-PAC7T89-gallery.jpg"
                                    },
                                    {
                                        "id": 1629,
                                        "url": "https:\/\/templatekit.jegtheme.com\/robbie-and-magie\/wp-content\/uploads\/sites\/5\/2020\/07\/beautiful-bride-and-groom-at-sunset-in-green-natur-PMW9WMM.jpg"
                                    },
                                    {
                                        "id": 1626,
                                        "url": "https:\/\/templatekit.jegtheme.com\/robbie-and-magie\/wp-content\/uploads\/sites\/5\/2020\/07\/beautiful-bride-and-groom-at-sunset-in-green-natur-PSP7T5E.jpg"
                                    },
                                    {
                                        "id": 1625,
                                        "url": "https:\/\/templatekit.jegtheme.com\/robbie-and-magie\/wp-content\/uploads\/sites\/5\/2020\/07\/beautiful-bride-and-groom-at-sunset-in-green-natur-PM8YVNS.jpg"
                                    },
                                    {
                                        "id": 1651,
                                        "url": "https:\/\/templatekit.jegtheme.com\/robbie-and-magie\/wp-content\/uploads\/sites\/5\/2020\/07\/beautiful-bride-and-groom-at-sunset-in-green-natur-P8VNZSM-gallery.jpg"
                                    },
                                    {
                                        "id": 1655,
                                        "url": "https:\/\/templatekit.jegtheme.com\/robbie-and-magie\/wp-content\/uploads\/sites\/5\/2020\/07\/beautiful-bride-and-groom-on-a-meadow-in-the-eveni-P8TUGS9-gallery.jpg"
                                    },
                                    {
                                        "id": 1635,
                                        "url": "https:\/\/templatekit.jegtheme.com\/robbie-and-magie\/wp-content\/uploads\/sites\/5\/2020\/07\/beautiful-bride-and-groom-at-sunset-in-green-natur-PZ6Q2F6.jpg"
                                    }
                                ],
                                "galleries": [
                                    {
                                        "gallery_title": "Masonry",
                                        "_id": "eede4d3",
                                        "multiple_gallery": [
                                            {
                                                "id": 1657,
                                                "url": "https:\/\/templatekit.jegtheme.com\/robbie-and-magie\/wp-content\/uploads\/sites\/5\/2020\/07\/handsome-young-groom-P8PKW7A-gallery.jpg"
                                            },
                                            {
                                                "id": 1652,
                                                "url": "https:\/\/templatekit.jegtheme.com\/robbie-and-magie\/wp-content\/uploads\/sites\/5\/2020\/07\/beautiful-bride-and-groom-at-sunset-in-green-natur-PG3HH65-gallery.jpg"
                                            },
                                            {
                                                "id": 1651,
                                                "url": "https:\/\/templatekit.jegtheme.com\/robbie-and-magie\/wp-content\/uploads\/sites\/5\/2020\/07\/beautiful-bride-and-groom-at-sunset-in-green-natur-P8VNZSM-gallery.jpg"
                                            },
                                            {
                                                "id": 1654,
                                                "url": "https:\/\/templatekit.jegtheme.com\/robbie-and-magie\/wp-content\/uploads\/sites\/5\/2020\/07\/beautiful-bride-and-groom-in-green-nature-PZEK3PS-gallery.jpg"
                                            },
                                            {
                                                "id": 1653,
                                                "url": "https:\/\/templatekit.jegtheme.com\/robbie-and-magie\/wp-content\/uploads\/sites\/5\/2020\/07\/beautiful-bride-and-groom-in-green-nature-PAC7T89-gallery.jpg"
                                            },
                                            {
                                                "id": 1656,
                                                "url": "https:\/\/templatekit.jegtheme.com\/robbie-and-magie\/wp-content\/uploads\/sites\/5\/2020\/07\/beautiful-young-bride-at-sunset-in-green-nature-PGX3LES-galery.jpg"
                                            },
                                            {
                                                "id": 1655,
                                                "url": "https:\/\/templatekit.jegtheme.com\/robbie-and-magie\/wp-content\/uploads\/sites\/5\/2020\/07\/beautiful-bride-and-groom-on-a-meadow-in-the-eveni-P8TUGS9-gallery.jpg"
                                            },
                                            {
                                                "id": 1645,
                                                "url": "https:\/\/templatekit.jegtheme.com\/robbie-and-magie\/wp-content\/uploads\/sites\/5\/2020\/07\/beautiful-bride-and-groom-at-sunset-in-green-natur-PS3WDVS.jpg"
                                            },
                                            {
                                                "id": 879,
                                                "url": "https:\/\/templatekit.jegtheme.com\/robbie-and-magie\/wp-content\/uploads\/sites\/5\/2020\/07\/bride-groom-guests-posing-for-the-photo-at-wedding-reception-outside-in-the-backyard-.jpg"
                                            }
                                        ]
                                    },
                                    {
                                        "gallery_title": "Justified",
                                        "multiple_gallery": [
                                            {
                                                "id": 1641,
                                                "url": "https:\/\/templatekit.jegtheme.com\/robbie-and-magie\/wp-content\/uploads\/sites\/5\/2020\/07\/beautiful-young-bride-at-sunset-in-green-nature-PDXVRCK.jpg"
                                            },
                                            {
                                                "id": 1645,
                                                "url": "https:\/\/templatekit.jegtheme.com\/robbie-and-magie\/wp-content\/uploads\/sites\/5\/2020\/07\/beautiful-bride-and-groom-at-sunset-in-green-natur-PS3WDVS.jpg"
                                            },
                                            {
                                                "id": 1634,
                                                "url": "https:\/\/templatekit.jegtheme.com\/robbie-and-magie\/wp-content\/uploads\/sites\/5\/2020\/07\/beautiful-bride-and-groom-at-sunset-in-green-natur-P8PLWCQ.jpg"
                                            },
                                            {
                                                "id": 1635,
                                                "url": "https:\/\/templatekit.jegtheme.com\/robbie-and-magie\/wp-content\/uploads\/sites\/5\/2020\/07\/beautiful-bride-and-groom-at-sunset-in-green-natur-PZ6Q2F6.jpg"
                                            },
                                            {
                                                "id": 1247,
                                                "url": "https:\/\/templatekit.jegtheme.com\/robbie-and-magie\/wp-content\/uploads\/sites\/5\/2020\/07\/beautiful-bride-and-groom-at-sunset-in-green-nature-1-2.jpg"
                                            },
                                            {
                                                "id": 1625,
                                                "url": "https:\/\/templatekit.jegtheme.com\/robbie-and-magie\/wp-content\/uploads\/sites\/5\/2020\/07\/beautiful-bride-and-groom-at-sunset-in-green-natur-PM8YVNS.jpg"
                                            },
                                            {
                                                "id": 1246,
                                                "url": "https:\/\/templatekit.jegtheme.com\/robbie-and-magie\/wp-content\/uploads\/sites\/5\/2020\/07\/beautiful-bride-and-groom-at-sunset-in-green-nature-1-1.jpg"
                                            },
                                            {
                                                "id": 969,
                                                "url": "https:\/\/templatekit.jegtheme.com\/robbie-and-magie\/wp-content\/uploads\/sites\/5\/2020\/07\/beautiful-bride-and-groom-at-sunset-in-green-nature-.jpg"
                                            },
                                            {
                                                "id": 879,
                                                "url": "https:\/\/templatekit.jegtheme.com\/robbie-and-magie\/wp-content\/uploads\/sites\/5\/2020\/07\/bride-groom-guests-posing-for-the-photo-at-wedding-reception-outside-in-the-backyard-.jpg"
                                            }
                                        ],
                                        "_id": "5d4de51"
                                    }
                                ],
                                "columns": 3,
                                "ideal_row_height": {
                                    "unit": "px",
                                    "size": 300,
                                    "sizes": []
                                },
                                "gap": {
                                    "unit": "px",
                                    "size": 40,
                                    "sizes": []
                                },
                                "thumbnail_image_size": "full",
                                "show_all_galleries_label": "All",
                                "gallery_layout": "justified",
                                "columns_tablet": 3,
                                "gap_tablet": {
                                    "unit": "px",
                                    "size": 20,
                                    "sizes": []
                                },
                                "overlay_title": "caption",
                                "image_hover_animation": "grow",
                                "image_animation_duration": {
                                    "unit": "px",
                                    "size": 1000,
                                    "sizes": []
                                },
                                "content_padding": {
                                    "unit": "px",
                                    "size": 30,
                                    "sizes": []
                                },
                                "title_typography_typography": "custom",
                                "title_typography_font_family": "Cormorant Garamond",
                                "title_typography_font_size": {
                                    "unit": "px",
                                    "size": 24,
                                    "sizes": []
                                },
                                "title_typography_font_weight": "400",
                                "title_typography_text_transform": "uppercase",
                                "title_typography_line_height": {
                                    "unit": "em",
                                    "size": 1.3,
                                    "sizes": []
                                },
                                "title_typography_letter_spacing": {
                                    "unit": "px",
                                    "size": 3,
                                    "sizes": []
                                },
                                "galleries_title_color_normal": "#4D504A",
                                "galleries_titles_typography_typography": "custom",
                                "galleries_titles_typography_font_family": "Muli",
                                "galleries_titles_typography_font_size": {
                                    "unit": "px",
                                    "size": 11,
                                    "sizes": []
                                },
                                "galleries_titles_typography_font_weight": "500",
                                "galleries_titles_typography_text_transform": "uppercase",
                                "galleries_titles_typography_line_height": {
                                    "unit": "em",
                                    "size": 2,
                                    "sizes": []
                                },
                                "galleries_titles_typography_letter_spacing": {
                                    "unit": "px",
                                    "size": 3,
                                    "sizes": []
                                },
                                "galleries_title_color_hover": "#A78556",
                                "galleries_pointer_color_hover": "#A78556",
                                "galleries_title_color_active": "#A78556",
                                "galleries_pointer_color_active": "#A78556",
                                "pointer_width": {
                                    "unit": "px",
                                    "size": 1,
                                    "sizes": []
                                },
                                "galleries_titles_space_between": {
                                    "unit": "px",
                                    "size": 15,
                                    "sizes": []
                                },
                                "galleries_titles_gap": {
                                    "unit": "px",
                                    "size": 30,
                                    "sizes": []
                                }
                            },
                            "elements": [],
                            "isInner": false,
                            "widgetType": "gallery",
                            "elType": "widget"
                        }
                    ],
                    "isInner": false,
                    "elType": "column"
                }
            ],
            "isInner": false,
            "elType": "section"
        }
    ],
    "page_settings": {
        "eael_ext_toc_title": "Table of Contents",
        "template": "elementor_header_footer"
    }
}