{
    "version": "0.4",
    "title": "Header &#8211; Overlay",
    "type": "section",
    "metadata": {
        "template_type": "section-header",
        "include_in_zip": "1",
        "elementor_pro_required": null,
        "wp_page_template": "default"
    },
    "content": [
        {
            "id": "520a2547",
            "settings": {
                "content_width": {
                    "unit": "px",
                    "size": 1450,
                    "sizes": []
                },
                "structure": "20",
                "layout": "full_width",
                "z_index": 2,
                "column_position": "top",
                "content_position": "middle",
                "background_background": "classic",
                "padding": {
                    "unit": "px",
                    "top": "10",
                    "right": "30",
                    "bottom": "10",
                    "left": "30",
                    "isLinked": false
                },
                "padding_tablet": {
                    "unit": "px",
                    "top": "10",
                    "right": "10",
                    "bottom": "10",
                    "left": "10",
                    "isLinked": false
                },
                "padding_mobile": {
                    "unit": "px",
                    "top": "10",
                    "right": "10",
                    "bottom": "10",
                    "left": "10",
                    "isLinked": true
                },
                "margin": {
                    "unit": "px",
                    "top": "0",
                    "right": 0,
                    "bottom": "-101",
                    "left": 0,
                    "isLinked": false
                },
                "background_color": "rgba(0, 0, 0, 0.25)"
            },
            "elements": [
                {
                    "id": "3a9214dd",
                    "settings": {
                        "_column_size": 50,
                        "_inline_size": 18.246,
                        "content_position": "center",
                        "_inline_size_tablet": 70,
                        "_inline_size_mobile": 50
                    },
                    "elements": [
                        {
                            "id": "5dafb07f",
                            "settings": {
                                "image": {
                                    "url": "https:\/\/templatekit.jegtheme.com\/robbie-and-magie\/wp-content\/uploads\/sites\/5\/2020\/07\/logo-white@2x.png",
                                    "id": 1450
                                },
                                "image_size": "full",
                                "align": "left",
                                "width": {
                                    "unit": "px",
                                    "size": 256,
                                    "sizes": []
                                },
                                "width_tablet": {
                                    "unit": "px",
                                    "size": 180,
                                    "sizes": []
                                },
                                "link_to": "custom",
                                "link": {
                                    "url": "#",
                                    "is_external": "",
                                    "nofollow": "",
                                    "custom_attributes": ""
                                }
                            },
                            "elements": [],
                            "isInner": false,
                            "widgetType": "image",
                            "elType": "widget"
                        }
                    ],
                    "isInner": false,
                    "elType": "column"
                },
                {
                    "id": "6a569ff4",
                    "settings": {
                        "_column_size": 50,
                        "_inline_size": 81.725,
                        "_inline_size_tablet": 30,
                        "_inline_size_mobile": 50,
                        "align": "flex-end"
                    },
                    "elements": [
                        {
                            "id": "ebb1ae7",
                            "settings": {
                                "align_items": "right",
                                "menu_typography_typography": "custom",
                                "menu_typography_font_family": "Muli",
                                "menu_typography_font_weight": "500",
                                "color_menu_item": "#FFFFFF",
                                "menu_typography_font_size": {
                                    "unit": "px",
                                    "size": 11,
                                    "sizes": []
                                },
                                "menu_typography_text_transform": "uppercase",
                                "_padding": {
                                    "unit": "px",
                                    "top": "0",
                                    "right": "0",
                                    "bottom": "0",
                                    "left": "0",
                                    "isLinked": false
                                },
                                "animation_line": "slide",
                                "menu_typography_line_height": {
                                    "unit": "em",
                                    "size": 1.7,
                                    "sizes": []
                                },
                                "menu_typography_letter_spacing": {
                                    "unit": "px",
                                    "size": 3,
                                    "sizes": []
                                },
                                "pointer_color_menu_item_hover": "#CB9448",
                                "pointer_width": {
                                    "unit": "px",
                                    "size": 1,
                                    "sizes": []
                                },
                                "padding_horizontal_menu_item": {
                                    "unit": "px",
                                    "size": 0,
                                    "sizes": []
                                },
                                "full_width": "stretch",
                                "toggle_align": "right",
                                "toggle_color": "#FFFFFF",
                                "padding_vertical_menu_item": {
                                    "unit": "px",
                                    "size": 3,
                                    "sizes": []
                                },
                                "menu_space_between": {
                                    "unit": "px",
                                    "size": 50,
                                    "sizes": []
                                },
                                "indicator": "none",
                                "dropdown_typography_typography": "custom",
                                "dropdown_typography_font_family": "Cormorant Garamond",
                                "dropdown_typography_font_size": {
                                    "unit": "px",
                                    "size": 18,
                                    "sizes": []
                                },
                                "padding_vertical_dropdown_item": {
                                    "unit": "px",
                                    "size": 10,
                                    "sizes": []
                                },
                                "dropdown_top_distance": {
                                    "unit": "px",
                                    "size": 28,
                                    "sizes": []
                                },
                                "background_color_dropdown_item_hover": "#FFFFFF",
                                "color_dropdown_item_hover": "#4D504A",
                                "dropdown_border_border": "solid",
                                "dropdown_border_width": {
                                    "unit": "px",
                                    "top": "20",
                                    "right": "30",
                                    "bottom": "20",
                                    "left": "0",
                                    "isLinked": false
                                },
                                "dropdown_border_color": "#FFFFFF",
                                "dropdown_divider_width": {
                                    "unit": "px",
                                    "size": 4,
                                    "sizes": []
                                },
                                "color_dropdown_item": "#4D504A",
                                "dropdown_typography_font_weight": "300",
                                "dropdown_typography_font_style": "italic",
                                "dropdown_box_shadow_box_shadow_type": "yes",
                                "dropdown_box_shadow_box_shadow": {
                                    "horizontal": 0,
                                    "vertical": 0,
                                    "blur": 6,
                                    "spread": 1,
                                    "color": "rgba(0, 0, 0, 0.04)"
                                },
                                "_element_width": "auto",
                                "dropdown_top_distance_tablet": {
                                    "unit": "px",
                                    "size": 22,
                                    "sizes": []
                                },
                                "toggle_background_color": "#A78556",
                                "toggle_color_hover": "#FFFFFF",
                                "toggle_background_color_hover": "#CB9448",
                                "toggle_size": {
                                    "unit": "px",
                                    "size": 26,
                                    "sizes": []
                                },
                                "toggle_border_radius": {
                                    "unit": "px",
                                    "size": 0,
                                    "sizes": []
                                }
                            },
                            "elements": [],
                            "isInner": false,
                            "widgetType": "nav-menu",
                            "elType": "widget"
                        },
                        {
                            "id": "53f9cf78",
                            "settings": {
                                "text": "RSVP",
                                "align": "center",
                                "size": "lg",
                                "typography_typography": "custom",
                                "button_text_color": "#FFFFFF",
                                "background_color": "rgba(255, 255, 255, 0)",
                                "button_background_hover_color": "#CB9448",
                                "border_border": "solid",
                                "border_width": {
                                    "unit": "px",
                                    "top": "1",
                                    "right": "1",
                                    "bottom": "1",
                                    "left": "1",
                                    "isLinked": true
                                },
                                "text_padding": {
                                    "unit": "px",
                                    "top": "12",
                                    "right": "30",
                                    "bottom": "12",
                                    "left": "32",
                                    "isLinked": false
                                },
                                "_margin": {
                                    "unit": "px",
                                    "top": "0",
                                    "right": "0",
                                    "bottom": "0",
                                    "left": "40",
                                    "isLinked": false
                                },
                                "_element_width": "auto",
                                "_margin_tablet": {
                                    "unit": "px",
                                    "top": "0",
                                    "right": "0",
                                    "bottom": "0",
                                    "left": "20",
                                    "isLinked": false
                                },
                                "hide_mobile": "hidden-phone"
                            },
                            "elements": [],
                            "isInner": false,
                            "widgetType": "button",
                            "elType": "widget"
                        }
                    ],
                    "isInner": false,
                    "elType": "column"
                }
            ],
            "isInner": false,
            "elType": "section"
        }
    ],
    "page_settings": {
        "eael_ext_toc_title": "Table of Contents"
    }
}