{
    "version": "0.4",
    "title": "Cooming Soon",
    "type": "page",
    "metadata": {
        "template_type": "single-page",
        "include_in_zip": "1",
        "elementor_pro_required": "1",
        "wp_page_template": "elementor_canvas"
    },
    "content": [
        {
            "id": "452f4ebc",
            "settings": {
                "background_background": "classic",
                "background_image": {
                    "url": "https:\/\/theme.fanasstudio.com\/weedream\/wp-content\/uploads\/sites\/5\/2020\/10\/flowers-composition-frame-made-of-pink-rose-on-gra-Y3Z2LHZ-scaled-e1602051985638.jpg",
                    "id": 255
                },
                "background_position": "center center",
                "background_position_mobile": "initial",
                "background_xpos_mobile": {
                    "unit": "px",
                    "size": -163,
                    "sizes": []
                },
                "background_ypos": {
                    "unit": "px",
                    "size": -65,
                    "sizes": []
                },
                "background_repeat": "no-repeat",
                "background_size": "cover",
                "background_slideshow_slide_duration": 6004,
                "background_slideshow_transition_duration": 700,
                "background_slideshow_background_size": "cover",
                "background_slideshow_background_position": "center center",
                "background_slideshow_ken_burns": "yes",
                "background_overlay_background": "gradient",
                "background_overlay_color": "#464159",
                "background_overlay_color_b": "#FFFFFF",
                "background_overlay_gradient_angle": {
                    "unit": "deg",
                    "size": 200,
                    "sizes": []
                },
                "background_overlay_opacity": {
                    "unit": "px",
                    "size": 0.33,
                    "sizes": []
                },
                "margin": {
                    "unit": "px",
                    "top": "0",
                    "right": 0,
                    "bottom": "0",
                    "left": 0,
                    "isLinked": false
                },
                "padding": {
                    "unit": "em",
                    "top": "10",
                    "right": "1",
                    "bottom": "10",
                    "left": "1",
                    "isLinked": false
                }
            },
            "elements": [
                {
                    "id": "18508772",
                    "settings": {
                        "_column_size": 100,
                        "_inline_size": null,
                        "margin": {
                            "unit": "px",
                            "top": "0",
                            "right": "0",
                            "bottom": "0",
                            "left": "0",
                            "isLinked": false
                        },
                        "padding": {
                            "unit": "px",
                            "top": "0",
                            "right": "0",
                            "bottom": "0",
                            "left": "0",
                            "isLinked": false
                        }
                    },
                    "elements": [
                        {
                            "id": "1b93e38d",
                            "settings": {
                                "label_days": "Days",
                                "label_hours": "Hours",
                                "label_minutes": "Minutes",
                                "label_seconds": "Seconds",
                                "box_background_color": "#FFFFFF",
                                "digits_color": "#464159",
                                "digits_typography_typography": "custom",
                                "digits_typography_font_family": "Lora",
                                "digits_typography_font_size_mobile": {
                                    "unit": "px",
                                    "size": 50,
                                    "sizes": []
                                },
                                "digits_typography_font_weight": "500",
                                "label_color": "#464159",
                                "label_typography_typography": "custom",
                                "label_typography_font_family": "Lora",
                                "label_typography_font_size": {
                                    "unit": "px",
                                    "size": 16,
                                    "sizes": []
                                },
                                "label_typography_font_weight": "500"
                            },
                            "elements": [],
                            "isInner": false,
                            "widgetType": "countdown",
                            "elType": "widget"
                        },
                        {
                            "id": "25f2ab4f",
                            "settings": {
                                "structure": "30",
                                "margin": {
                                    "unit": "em",
                                    "top": "2",
                                    "right": 0,
                                    "bottom": "0",
                                    "left": 0,
                                    "isLinked": false
                                }
                            },
                            "elements": [
                                {
                                    "id": "1e03f7db",
                                    "settings": {
                                        "_column_size": 33,
                                        "_inline_size": 20,
                                        "margin": {
                                            "unit": "px",
                                            "top": "0",
                                            "right": "0",
                                            "bottom": "0",
                                            "left": "0",
                                            "isLinked": false
                                        },
                                        "padding": {
                                            "unit": "px",
                                            "top": "0",
                                            "right": "0",
                                            "bottom": "0",
                                            "left": "0",
                                            "isLinked": false
                                        }
                                    },
                                    "elements": [],
                                    "isInner": true,
                                    "elType": "column"
                                },
                                {
                                    "id": "6d4402bd",
                                    "settings": {
                                        "_column_size": 33,
                                        "_inline_size": 59.344,
                                        "margin": {
                                            "unit": "px",
                                            "top": "0",
                                            "right": "0",
                                            "bottom": "0",
                                            "left": "0",
                                            "isLinked": false
                                        },
                                        "padding": {
                                            "unit": "em",
                                            "top": "2",
                                            "right": "2",
                                            "bottom": "2",
                                            "left": "2",
                                            "isLinked": true
                                        },
                                        "background_background": "classic",
                                        "background_color": "#464159"
                                    },
                                    "elements": [
                                        {
                                            "id": "94ab52a",
                                            "settings": {
                                                "title": "Cooming Soon",
                                                "align": "center",
                                                "align_mobile": "center",
                                                "title_color": "#FFFFFF",
                                                "typography_typography": "custom",
                                                "typography_font_family": "Lora",
                                                "typography_font_size": {
                                                    "unit": "px",
                                                    "size": 42,
                                                    "sizes": []
                                                },
                                                "typography_font_size_mobile": {
                                                    "unit": "px",
                                                    "size": 34,
                                                    "sizes": []
                                                },
                                                "typography_font_weight": "400",
                                                "_margin": {
                                                    "unit": "px",
                                                    "top": "0",
                                                    "right": "0",
                                                    "bottom": "0",
                                                    "left": "0",
                                                    "isLinked": false
                                                },
                                                "_margin_mobile": {
                                                    "unit": "em",
                                                    "top": "0",
                                                    "right": "0",
                                                    "bottom": "0",
                                                    "left": "0",
                                                    "isLinked": false
                                                },
                                                "_padding": {
                                                    "unit": "px",
                                                    "top": "0",
                                                    "right": "0",
                                                    "bottom": "0",
                                                    "left": "0",
                                                    "isLinked": false
                                                },
                                                "_padding_mobile": {
                                                    "unit": "px",
                                                    "top": "0",
                                                    "right": "0",
                                                    "bottom": "0",
                                                    "left": "0",
                                                    "isLinked": false
                                                }
                                            },
                                            "elements": [],
                                            "isInner": false,
                                            "widgetType": "heading",
                                            "elType": "widget"
                                        }
                                    ],
                                    "isInner": true,
                                    "elType": "column"
                                },
                                {
                                    "id": "24405b7a",
                                    "settings": {
                                        "_column_size": 33,
                                        "_inline_size": 20,
                                        "margin": {
                                            "unit": "px",
                                            "top": "0",
                                            "right": "0",
                                            "bottom": "0",
                                            "left": "0",
                                            "isLinked": false
                                        },
                                        "padding": {
                                            "unit": "px",
                                            "top": "0",
                                            "right": "0",
                                            "bottom": "0",
                                            "left": "0",
                                            "isLinked": false
                                        }
                                    },
                                    "elements": [],
                                    "isInner": true,
                                    "elType": "column"
                                }
                            ],
                            "isInner": true,
                            "elType": "section"
                        }
                    ],
                    "isInner": false,
                    "elType": "column"
                }
            ],
            "isInner": false,
            "elType": "section"
        }
    ]
}