{
    "version": "0.4",
    "title": "Global Kit Styles",
    "type": "section",
    "metadata": {
        "template_type": "global-styles",
        "include_in_zip": "1",
        "elementor_pro_required": "1",
        "additional_template_information": [
            "These are the global theme styles configured through the Elementor Theme Styles area."
        ],
        "wp_page_template": "default"
    },
    "content": [],
    "page_settings": {
        "site_description": "Wedding Elementor Template Kit",
        "system_colors": [
            {
                "_id": "primary",
                "title": "Primary",
                "color": "#6EC1E4"
            },
            {
                "_id": "secondary",
                "title": "Secondary",
                "color": "#54595F"
            },
            {
                "_id": "text",
                "title": "Text",
                "color": "#7A7A7A"
            },
            {
                "_id": "accent",
                "title": "Accent",
                "color": "#61CE70"
            }
        ],
        "custom_colors": [],
        "system_typography": [
            {
                "_id": "primary",
                "title": "Primary",
                "typography_typography": "custom",
                "typography_font_family": "Roboto",
                "typography_font_weight": "600"
            },
            {
                "_id": "secondary",
                "title": "Secondary",
                "typography_typography": "custom",
                "typography_font_family": "Roboto Slab",
                "typography_font_weight": "400"
            },
            {
                "_id": "text",
                "title": "Text",
                "typography_typography": "custom",
                "typography_font_family": "Roboto",
                "typography_font_weight": "400"
            },
            {
                "_id": "accent",
                "title": "Accent",
                "typography_typography": "custom",
                "typography_font_family": "Roboto",
                "typography_font_weight": "500"
            }
        ],
        "custom_typography": [],
        "default_generic_fonts": "Sans-serif",
        "body_typography_typography": "custom",
        "body_typography_font_family": "Lora",
        "body_typography_font_size": {
            "unit": "px",
            "size": 16,
            "sizes": []
        },
        "h1_typography_typography": "custom",
        "h1_typography_font_family": "Lora",
        "h1_typography_font_size": {
            "unit": "px",
            "size": 60,
            "sizes": []
        },
        "h2_typography_typography": "custom",
        "h2_typography_font_family": "Lora",
        "h2_typography_font_size": {
            "unit": "px",
            "size": 48,
            "sizes": []
        },
        "h3_typography_typography": "custom",
        "h3_typography_font_family": "Lora",
        "h3_typography_font_size": {
            "unit": "px",
            "size": 32,
            "sizes": []
        },
        "h4_typography_typography": "custom",
        "h4_typography_font_family": "Lora",
        "h4_typography_font_size": {
            "unit": "px",
            "size": 24,
            "sizes": []
        },
        "h5_typography_typography": "custom",
        "h5_typography_font_family": "Lora",
        "h5_typography_font_size": {
            "unit": "px",
            "size": 18,
            "sizes": []
        },
        "h6_typography_typography": "custom",
        "h6_typography_font_family": "Lora",
        "h6_typography_font_size": {
            "unit": "px",
            "size": 16,
            "sizes": []
        },
        "site_name": "Wee Dream",
        "page_title_selector": "h1.entry-title"
    }
}