{
    "version": "0.4",
    "title": "Header",
    "type": "header",
    "metadata": {
        "template_type": "section-header",
        "include_in_zip": "1",
        "elementor_pro_required": "1",
        "elementor_library_type": "header",
        "elementor_pro_conditions": [
            "include\/general"
        ],
        "additional_template_information": [
            "This is a \"Header\" template for Elementor Pro.",
            "This template will display on: Entire Site."
        ],
        "wp_page_template": "default"
    },
    "content": [
        {
            "id": "7e94bc63",
            "settings": {
                "structure": "30",
                "margin": {
                    "unit": "px",
                    "top": "0",
                    "right": 0,
                    "bottom": "0",
                    "left": 0,
                    "isLinked": false
                },
                "padding": {
                    "unit": "em",
                    "top": "1",
                    "right": "1",
                    "bottom": "1",
                    "left": "1",
                    "isLinked": false
                }
            },
            "elements": [
                {
                    "id": "322e0898",
                    "settings": {
                        "_column_size": 33,
                        "_inline_size": 25,
                        "content_position": "center",
                        "margin": {
                            "unit": "px",
                            "top": "0",
                            "right": "0",
                            "bottom": "0",
                            "left": "0",
                            "isLinked": false
                        },
                        "padding": {
                            "unit": "px",
                            "top": "0",
                            "right": "0",
                            "bottom": "0",
                            "left": "0",
                            "isLinked": false
                        },
                        "_inline_size_tablet": 30,
                        "_inline_size_mobile": 70
                    },
                    "elements": [
                        {
                            "id": "163d5412",
                            "settings": {
                                "__dynamic__": {
                                    "image": "[elementor-tag id=\"\" name=\"site-logo\" settings=\"%7B%7D\"]",
                                    "link": "[elementor-tag id=\"\" name=\"site-url\" settings=\"%7B%7D\"]"
                                },
                                "align": "left",
                                "width": {
                                    "unit": "%",
                                    "size": 82,
                                    "sizes": []
                                },
                                "width_mobile": {
                                    "unit": "%",
                                    "size": 88,
                                    "sizes": []
                                }
                            },
                            "elements": [],
                            "isInner": false,
                            "widgetType": "theme-site-logo",
                            "elType": "widget"
                        }
                    ],
                    "isInner": false,
                    "elType": "column"
                },
                {
                    "id": "2560c636",
                    "settings": {
                        "_column_size": 33,
                        "_inline_size": 68.322,
                        "content_position": "center",
                        "margin": {
                            "unit": "px",
                            "top": "0",
                            "right": "0",
                            "bottom": "0",
                            "left": "0",
                            "isLinked": false
                        },
                        "padding": {
                            "unit": "px",
                            "top": "0",
                            "right": "0",
                            "bottom": "0",
                            "left": "0",
                            "isLinked": false
                        },
                        "_inline_size_tablet": 70,
                        "_inline_size_mobile": 30
                    },
                    "elements": [
                        {
                            "id": "516fea2d",
                            "settings": {
                                "elementskit_submenu_container_width": "220px",
                                "elementskit_nav_menu": "header",
                                "elementskit_main_menu_position": "elementskit-menu-po-center",
                                "elementskit_nav_menu_logo": {
                                    "url": "https:\/\/theme.fanasstudio.com\/weedream\/wp-content\/uploads\/sites\/5\/2020\/10\/logo.png",
                                    "id": 8
                                },
                                "elementskit_menubar_height": {
                                    "unit": "px",
                                    "size": 30,
                                    "sizes": []
                                },
                                "elementskit_content_typography_typography": "custom",
                                "elementskit_content_typography_font_family": "Lora",
                                "elementskit_content_typography_font_size": {
                                    "unit": "px",
                                    "size": 16,
                                    "sizes": []
                                },
                                "elementskit_content_typography_font_weight": "500",
                                "elementskit_menu_text_color": "#464159",
                                "elementskit_mobile_menu_logo_padding_tablet": {
                                    "unit": "em",
                                    "top": "1",
                                    "right": "0",
                                    "bottom": "0",
                                    "left": "1",
                                    "isLinked": false
                                },
                                "elementskit_hamburger_icon": {
                                    "value": "fas fa-bars",
                                    "library": "fa-solid"
                                },
                                "elementskit_menu_text_color_tablet": "#464159",
                                "elementskit_item_color_hover_tablet": "#C7982D",
                                "elementskit_nav_menu_active_text_color_tablet": "#C7982D",
                                "elementskit_menu_item_spacing": {
                                    "unit": "px",
                                    "top": "0",
                                    "right": "20",
                                    "bottom": "0",
                                    "left": "20",
                                    "isLinked": false
                                },
                                "elementskit_style_tab_submenu_indicator_color_tablet": "#464159",
                                "elementskit_menu_item_typography_typography": "custom",
                                "elementskit_menu_item_typography_font_family": "Lora",
                                "elementskit_menu_item_typography_font_size_tablet": {
                                    "unit": "px",
                                    "size": 14,
                                    "sizes": []
                                },
                                "elementskit_menu_item_typography_font_weight": "500",
                                "elementskit_submenu_item_color_tablet": "#464159",
                                "elementskit_item_text_color_hover_tablet": "#C7982D",
                                "elementskit_nav_sub_menu_active_text_color_tablet": "#C7982D",
                                "elementskit_panel_box_shadow_box_shadow_type": "yes",
                                "elementskit_panel_box_shadow_box_shadow": {
                                    "horizontal": 0,
                                    "vertical": 0,
                                    "blur": 10,
                                    "spread": 0,
                                    "color": "rgba(0, 0, 0, 0.13)"
                                },
                                "elementskit_menu_toggle_background_background": "classic",
                                "elementskit_menu_toggle_background_color": "#464159",
                                "elementskit_menu_toggle_icon_color": "#FFFFFF",
                                "elementskit_menu_toggle_icon_color_hover": "#C7982D",
                                "elementskit_menu_close_typography_typography": "custom",
                                "elementskit_menu_close_typography_font_family": "Lora",
                                "elementskit_menu_close_typography_font_size_tablet": {
                                    "unit": "px",
                                    "size": 16,
                                    "sizes": []
                                },
                                "elementskit_menu_close_typography_font_weight": "500",
                                "elementskit_menu_close_background_background": "classic",
                                "elementskit_menu_close_background_color": "#464159",
                                "elementskit_menu_close_icon_color": "#FFFFFF",
                                "elementskit_menu_close_icon_color_hover": "#C7982D",
                                "elementskit_item_color_hover": "#C7982D",
                                "elementskit_nav_menu_active_text_color": "#C7982D",
                                "elementskit_style_tab_submenu_indicator_color": "#464159",
                                "elementskit_menu_item_typography_font_size": {
                                    "unit": "px",
                                    "size": 16,
                                    "sizes": []
                                },
                                "elementskit_submenu_item_color": "#464159",
                                "elementskit_item_text_color_hover": "#C7982D",
                                "elementskit_nav_sub_menu_active_text_color": "#C7982D"
                            },
                            "elements": [],
                            "isInner": false,
                            "widgetType": "ekit-nav-menu",
                            "elType": "widget"
                        }
                    ],
                    "isInner": false,
                    "elType": "column"
                },
                {
                    "id": "63b42d01",
                    "settings": {
                        "_column_size": 33,
                        "_inline_size": 6,
                        "content_position": "center",
                        "margin": {
                            "unit": "px",
                            "top": "0",
                            "right": "0",
                            "bottom": "0",
                            "left": "0",
                            "isLinked": false
                        },
                        "padding": {
                            "unit": "px",
                            "top": "0",
                            "right": "0",
                            "bottom": "0",
                            "left": "0",
                            "isLinked": false
                        },
                        "_inline_size_tablet": 70,
                        "background_background": "classic",
                        "background_color": "#464159",
                        "hide_tablet": "hidden-tablet",
                        "hide_mobile": "hidden-phone"
                    },
                    "elements": [
                        {
                            "id": "24bd6bb0",
                            "settings": {
                                "selected_icon": {
                                    "value": "icon icon-plus",
                                    "library": "ekiticons"
                                },
                                "primary_color": "#FFFFFF",
                                "size": {
                                    "unit": "px",
                                    "size": 14,
                                    "sizes": []
                                },
                                "__dynamic__": {
                                    "link": "[elementor-tag id=\"a9cbc6f\" name=\"popup\" settings=\"%7B%22popup%22%3A%22716%22%7D\"]"
                                }
                            },
                            "elements": [],
                            "isInner": false,
                            "widgetType": "icon",
                            "elType": "widget"
                        }
                    ],
                    "isInner": false,
                    "elType": "column"
                }
            ],
            "isInner": false,
            "elType": "section"
        }
    ]
}