{
    "version": "0.4",
    "title": "Blog 1",
    "type": "page",
    "metadata": {
        "template_type": "single-page",
        "include_in_zip": "1",
        "elementor_pro_required": null,
        "wp_page_template": "elementor_header_footer"
    },
    "content": [
        {
            "id": "3dc4323d",
            "settings": {
                "background_background": "classic",
                "background_color": "#FFFFFF",
                "background_overlay_background": "classic",
                "background_overlay_color": "#222222",
                "background_overlay_position": "center center",
                "background_overlay_repeat": "no-repeat",
                "background_overlay_size": "cover",
                "background_overlay_opacity": {
                    "unit": "px",
                    "size": 0.75,
                    "sizes": []
                },
                "margin": {
                    "unit": "px",
                    "top": "0",
                    "right": 0,
                    "bottom": "0",
                    "left": 0,
                    "isLinked": false
                },
                "padding": {
                    "unit": "px",
                    "top": "150",
                    "right": "0",
                    "bottom": "150",
                    "left": "0",
                    "isLinked": false
                },
                "background_image": {
                    "id": "29",
                    "url": "https:\/\/kitpro.site\/temy-and-kifty\/wp-content\/uploads\/sites\/2\/2020\/11\/bride-with-groom-MVG8EYH-low-res.jpg"
                },
                "background_position": "center center",
                "background_attachment": "fixed",
                "background_repeat": "no-repeat",
                "background_size": "cover",
                "background_image_tablet": {
                    "id": "29",
                    "url": "https:\/\/kitpro.site\/temy-and-kifty\/wp-content\/uploads\/sites\/2\/2020\/11\/bride-with-groom-MVG8EYH-low-res.jpg"
                },
                "padding_mobile": {
                    "unit": "px",
                    "top": "100",
                    "right": "20",
                    "bottom": "100",
                    "left": "20",
                    "isLinked": false
                }
            },
            "elements": [
                {
                    "id": "146b524f",
                    "settings": {
                        "_column_size": 100,
                        "_inline_size": null,
                        "background_background": "classic",
                        "margin_mobile": {
                            "unit": "px",
                            "top": "0",
                            "right": "0",
                            "bottom": "0",
                            "left": "0",
                            "isLinked": false
                        },
                        "padding_mobile": {
                            "unit": "px",
                            "top": "0",
                            "right": "0",
                            "bottom": "0",
                            "left": "0",
                            "isLinked": false
                        }
                    },
                    "elements": [
                        {
                            "id": "18c4c239",
                            "settings": {
                                "title": "Blog",
                                "align": "center",
                                "__globals__": {
                                    "title_color": "globals\/colors?id=6906203",
                                    "typography_typography": "globals\/typography?id=488c6c5"
                                }
                            },
                            "elements": [],
                            "isInner": false,
                            "widgetType": "heading",
                            "elType": "widget"
                        }
                    ],
                    "isInner": false,
                    "elType": "column"
                }
            ],
            "isInner": false,
            "elType": "section"
        },
        {
            "id": "405abd21",
            "settings": {
                "margin": {
                    "unit": "px",
                    "top": "0",
                    "right": 0,
                    "bottom": "0",
                    "left": 0,
                    "isLinked": false
                },
                "padding": {
                    "unit": "px",
                    "top": "100",
                    "right": "0",
                    "bottom": "0",
                    "left": "0",
                    "isLinked": false
                },
                "margin_mobile": {
                    "unit": "px",
                    "top": "0",
                    "right": 0,
                    "bottom": "0",
                    "left": 0,
                    "isLinked": false
                },
                "padding_mobile": {
                    "unit": "px",
                    "top": "50",
                    "right": "20",
                    "bottom": "100",
                    "left": "20",
                    "isLinked": false
                },
                "padding_tablet": {
                    "unit": "px",
                    "top": "100",
                    "right": "30",
                    "bottom": "100",
                    "left": "30",
                    "isLinked": false
                }
            },
            "elements": [
                {
                    "id": "73db92dc",
                    "settings": {
                        "_column_size": 100,
                        "_inline_size": null,
                        "margin": {
                            "unit": "px",
                            "top": "0",
                            "right": "0",
                            "bottom": "0",
                            "left": "0",
                            "isLinked": false
                        },
                        "padding": {
                            "unit": "px",
                            "top": "0",
                            "right": "0",
                            "bottom": "0",
                            "left": "0",
                            "isLinked": false
                        }
                    },
                    "elements": [
                        {
                            "id": "63b91164",
                            "settings": {
                                "title": "Latest Story",
                                "align": "center",
                                "__globals__": {
                                    "typography_typography": "globals\/typography?id=text",
                                    "title_color": "globals\/colors?id=c5e329c"
                                }
                            },
                            "elements": [],
                            "isInner": false,
                            "widgetType": "heading",
                            "elType": "widget"
                        },
                        {
                            "id": "675af02f",
                            "settings": {
                                "image": {
                                    "id": "16",
                                    "url": "https:\/\/kitpro.site\/temy-and-kifty\/wp-content\/uploads\/sites\/2\/2020\/11\/ornamen.png"
                                },
                                "width": {
                                    "unit": "%",
                                    "size": 10,
                                    "sizes": []
                                },
                                "width_mobile": {
                                    "unit": "%",
                                    "size": 50,
                                    "sizes": []
                                }
                            },
                            "elements": [],
                            "isInner": false,
                            "widgetType": "image",
                            "elType": "widget"
                        },
                        {
                            "id": "6a4ab464",
                            "settings": {
                                "editor": "<p>A civil wedding is a ceremony presided over by a local civil authority<\/p>",
                                "align": "center",
                                "_margin": {
                                    "unit": "px",
                                    "top": "0",
                                    "right": "0",
                                    "bottom": "0",
                                    "left": "0",
                                    "isLinked": false
                                },
                                "_padding": {
                                    "unit": "px",
                                    "top": "0",
                                    "right": "50",
                                    "bottom": "0",
                                    "left": "50",
                                    "isLinked": false
                                },
                                "_margin_mobile": {
                                    "unit": "px",
                                    "top": "0",
                                    "right": "0",
                                    "bottom": "0",
                                    "left": "0",
                                    "isLinked": false
                                },
                                "_padding_mobile": {
                                    "unit": "px",
                                    "top": "0",
                                    "right": "0",
                                    "bottom": "0",
                                    "left": "0",
                                    "isLinked": false
                                },
                                "__globals__": {
                                    "text_color": "globals\/colors?id=accent",
                                    "typography_typography": "globals\/typography?id=5e9d143"
                                }
                            },
                            "elements": [],
                            "isInner": false,
                            "widgetType": "text-editor",
                            "elType": "widget"
                        },
                        {
                            "id": "3a441c98",
                            "settings": {
                                "ekit_blog_posts_layout_style": "elementskit-post-image-card",
                                "ekit_blog_posts_btn_text": "Read More \u00bb",
                                "ekit_blog_posts_background_background": "classic",
                                "ekit_blog_posts_background_color": "#FFFFFF00",
                                "ekit_blog_posts_cats": [
                                    "6"
                                ],
                                "ekit_blog_posts_floating_date": "",
                                "ekit_blog_posts_radius": {
                                    "unit": "px",
                                    "top": "0",
                                    "right": "0",
                                    "bottom": "0",
                                    "left": "0",
                                    "isLinked": true
                                },
                                "ekit_blog_posts_padding": {
                                    "unit": "px",
                                    "top": "0",
                                    "right": "0",
                                    "bottom": "0",
                                    "left": "0",
                                    "isLinked": true
                                },
                                "ekit_blog_posts_feature_img_margin": {
                                    "unit": "px",
                                    "top": "0",
                                    "right": "0",
                                    "bottom": "20",
                                    "left": "0",
                                    "isLinked": false
                                },
                                "ekit_blog_posts_feature_img_padding": {
                                    "unit": "px",
                                    "top": "0",
                                    "right": "0",
                                    "bottom": "0",
                                    "left": "0",
                                    "isLinked": true
                                },
                                "ekit_blog_posts_margin": {
                                    "unit": "px",
                                    "top": "0",
                                    "right": "20",
                                    "bottom": "50",
                                    "left": "20",
                                    "isLinked": false
                                },
                                "ekit_blog_posts_text_content_wraper_padding": {
                                    "unit": "px",
                                    "top": "0",
                                    "right": "0",
                                    "bottom": "0",
                                    "left": "0",
                                    "isLinked": true
                                },
                                "ekit_blog_posts_title_alignment": "center",
                                "ekit_blog_posts_btn_text_padding": {
                                    "unit": "px",
                                    "top": "0",
                                    "right": "0",
                                    "bottom": "0",
                                    "left": "0",
                                    "isLinked": true
                                },
                                "ekit_blog_posts_btn_typography_typography": "custom",
                                "ekit_blog_posts_btn_typography_font_family": "Work Sans",
                                "ekit_blog_posts_btn_text_color": "#CD8359",
                                "ekit_blog_posts_btn_bg_color_background": "classic",
                                "ekit_blog_posts_btn_bg_color_color": "#FFFFFF",
                                "ekit_blog_posts_btn_hover_color": "#734023",
                                "ekit_blog_posts_btn_border_radius": {
                                    "unit": "px",
                                    "top": "0",
                                    "right": "0",
                                    "bottom": "0",
                                    "left": "0",
                                    "isLinked": true
                                },
                                "_margin": {
                                    "unit": "px",
                                    "top": "0",
                                    "right": "0",
                                    "bottom": "0",
                                    "left": "0",
                                    "isLinked": false
                                },
                                "_padding": {
                                    "unit": "px",
                                    "top": "0",
                                    "right": "0",
                                    "bottom": "0",
                                    "left": "0",
                                    "isLinked": false
                                },
                                "ekit_blog_posts_floating_date_style": "style2",
                                "ekit_blog_posts_meta": "",
                                "ekit_blog_posts_meta_select": [
                                    "date"
                                ],
                                "ekit_blog_posts_btn_align": "center",
                                "ekit_blog_posts_shadow_box_shadow_type": "yes",
                                "ekit_blog_posts_shadow_box_shadow": {
                                    "horizontal": 0,
                                    "vertical": 0,
                                    "blur": 0,
                                    "spread": 0,
                                    "color": "rgba(0,0,0,0.5)"
                                },
                                "ekit_blog_posts_feature_img_radius": {
                                    "unit": "px",
                                    "top": "0",
                                    "right": "0",
                                    "bottom": "0",
                                    "left": "0",
                                    "isLinked": true
                                },
                                "ekit_blog_posts_meta_typography_typography": "custom",
                                "ekit_blog_posts_meta_typography_font_family": "Work Sans",
                                "ekit_blog_posts_meta_typography_font_size": {
                                    "unit": "px",
                                    "size": 16,
                                    "sizes": []
                                },
                                "ekit_blog_posts_meta_typography_font_weight": "500",
                                "ekit_blog_posts_meta_color_normal": "#262626",
                                "ekit_blog_posts_title_margin": {
                                    "unit": "px",
                                    "top": "0",
                                    "right": "0",
                                    "bottom": "20",
                                    "left": "0",
                                    "isLinked": false
                                },
                                "ekit_blog_posts_content_color": "#868686",
                                "ekit_blog_posts_content_typography_typography": "custom",
                                "ekit_blog_posts_content_typography_font_family": "Work Sans",
                                "ekit_blog_posts_content_typography_font_size": {
                                    "unit": "px",
                                    "size": 16,
                                    "sizes": []
                                },
                                "ekit_blog_posts_content_typography_font_weight": "400",
                                "ekit_blog_posts_content_alignment": "center",
                                "ekit_blog_posts_content_margin": {
                                    "unit": "px",
                                    "top": "0",
                                    "right": "0",
                                    "bottom": "20",
                                    "left": "0",
                                    "isLinked": false
                                },
                                "_z_index": 2,
                                "ekit_blog_posts_num": 6,
                                "ekit_blog_posts_is_manual_selection": "recent",
                                "__globals__": {
                                    "ekit_blog_posts_title_color": "globals\/colors?id=2eaa660",
                                    "ekit_blog_posts_title_typography_typography": "globals\/typography?id=1e3840f"
                                }
                            },
                            "elements": [],
                            "isInner": false,
                            "widgetType": "elementskit-blog-posts",
                            "elType": "widget"
                        },
                        {
                            "id": "7fc40d10",
                            "settings": {
                                "image": {
                                    "id": "30",
                                    "url": "https:\/\/kitpro.site\/temy-and-kifty\/wp-content\/uploads\/sites\/2\/2020\/11\/blog-ornament.png"
                                },
                                "image_size": "medium_large",
                                "width": {
                                    "unit": "%",
                                    "size": 66,
                                    "sizes": []
                                },
                                "_element_width": "auto",
                                "_position": "absolute",
                                "_offset_x": {
                                    "size": 187.966,
                                    "unit": "px"
                                },
                                "_offset_y": {
                                    "size": 289.932,
                                    "unit": "px"
                                }
                            },
                            "elements": [],
                            "isInner": false,
                            "widgetType": "image",
                            "elType": "widget"
                        }
                    ],
                    "isInner": false,
                    "elType": "column"
                }
            ],
            "isInner": false,
            "elType": "section"
        }
    ]
}