{
    "version": "0.4",
    "title": "Contact Us 1",
    "type": "page",
    "metadata": {
        "template_type": "single-page",
        "include_in_zip": "1",
        "elementor_pro_required": null,
        "wp_page_template": "elementor_header_footer"
    },
    "content": [
        {
            "id": "7d9ade72",
            "settings": {
                "structure": "20",
                "background_background": "classic",
                "background_image": {
                    "id": "59",
                    "url": "https:\/\/kitpro.site\/temy-and-kifty\/wp-content\/uploads\/sites\/2\/2020\/11\/cgcu.jpg"
                },
                "background_position": "center center",
                "background_attachment": "scroll",
                "background_repeat": "no-repeat",
                "background_size": "cover",
                "margin": {
                    "unit": "px",
                    "top": "0",
                    "right": 0,
                    "bottom": "0",
                    "left": 0,
                    "isLinked": false
                },
                "padding": {
                    "unit": "px",
                    "top": "200",
                    "right": "0",
                    "bottom": "100",
                    "left": "0",
                    "isLinked": false
                },
                "margin_tablet": {
                    "unit": "px",
                    "top": "0",
                    "right": 0,
                    "bottom": "0",
                    "left": 0,
                    "isLinked": false
                },
                "padding_tablet": {
                    "unit": "px",
                    "top": "100",
                    "right": "30",
                    "bottom": "100",
                    "left": "30",
                    "isLinked": false
                },
                "margin_mobile": {
                    "unit": "px",
                    "top": "0",
                    "right": 0,
                    "bottom": "0",
                    "left": 0,
                    "isLinked": false
                },
                "padding_mobile": {
                    "unit": "px",
                    "top": "100",
                    "right": "20",
                    "bottom": "100",
                    "left": "20",
                    "isLinked": false
                }
            },
            "elements": [
                {
                    "id": "1208540b",
                    "settings": {
                        "_column_size": 50,
                        "_inline_size": null,
                        "content_position": "center",
                        "margin_tablet": {
                            "unit": "px",
                            "top": "0",
                            "right": "050",
                            "bottom": "0",
                            "left": "0",
                            "isLinked": false
                        },
                        "padding_tablet": {
                            "unit": "px",
                            "top": "0",
                            "right": "0",
                            "bottom": "0",
                            "left": "0",
                            "isLinked": false
                        },
                        "margin_mobile": {
                            "unit": "rem",
                            "top": "0",
                            "right": "0",
                            "bottom": "0",
                            "left": "0",
                            "isLinked": false
                        },
                        "padding_mobile": {
                            "unit": "px",
                            "top": "0",
                            "right": "0",
                            "bottom": "0",
                            "left": "0",
                            "isLinked": false
                        }
                    },
                    "elements": [
                        {
                            "id": "2fbea58e",
                            "settings": {
                                "title": "You Are Invited",
                                "align": "left",
                                "_margin": {
                                    "unit": "px",
                                    "top": "0",
                                    "right": "0",
                                    "bottom": "0",
                                    "left": "0",
                                    "isLinked": false
                                },
                                "_padding": {
                                    "unit": "px",
                                    "top": "0",
                                    "right": "0",
                                    "bottom": "0",
                                    "left": "0",
                                    "isLinked": false
                                },
                                "__globals__": {
                                    "typography_typography": "globals\/typography?id=text",
                                    "title_color": "globals\/colors?id=c5e329c"
                                },
                                "align_mobile": "center"
                            },
                            "elements": [],
                            "isInner": false,
                            "widgetType": "heading",
                            "elType": "widget"
                        },
                        {
                            "id": "c784d6e",
                            "settings": {
                                "title": "Lorem ipsum dolor sit amet, consectetur adipiscing elit",
                                "align": "left",
                                "header_size": "h4",
                                "__globals__": {
                                    "typography_typography": "globals\/typography?id=15fe61e",
                                    "title_color": "globals\/colors?id=accent"
                                },
                                "align_mobile": "center",
                                "_margin_mobile": {
                                    "unit": "px",
                                    "top": "0",
                                    "right": "0",
                                    "bottom": "0",
                                    "left": "0",
                                    "isLinked": false
                                },
                                "_padding_mobile": {
                                    "unit": "px",
                                    "top": "0",
                                    "right": "0",
                                    "bottom": "0",
                                    "left": "0",
                                    "isLinked": false
                                }
                            },
                            "elements": [],
                            "isInner": false,
                            "widgetType": "heading",
                            "elType": "widget"
                        }
                    ],
                    "isInner": false,
                    "elType": "column"
                },
                {
                    "id": "4f9f2647",
                    "settings": {
                        "_column_size": 50,
                        "_inline_size": null,
                        "margin_tablet": {
                            "unit": "px",
                            "top": "0",
                            "right": "0",
                            "bottom": "0",
                            "left": "0",
                            "isLinked": false
                        },
                        "padding_tablet": {
                            "unit": "px",
                            "top": "0",
                            "right": "0",
                            "bottom": "0",
                            "left": "0",
                            "isLinked": false
                        },
                        "margin_mobile": {
                            "unit": "px",
                            "top": "0020",
                            "right": "0",
                            "bottom": "0",
                            "left": "0",
                            "isLinked": false
                        },
                        "padding_mobile": {
                            "unit": "px",
                            "top": "0",
                            "right": "0",
                            "bottom": "0",
                            "left": "0",
                            "isLinked": false
                        }
                    },
                    "elements": [
                        {
                            "id": "3c7ae92e",
                            "settings": {
                                "mf_form_id": "294***1604533111990",
                                "_box_shadow_box_shadow_type": "yes",
                                "_box_shadow_box_shadow": {
                                    "horizontal": 0,
                                    "vertical": 19,
                                    "blur": 56,
                                    "spread": 0,
                                    "color": "rgba(135.75, 135.75, 135.75, 0.29)"
                                }
                            },
                            "elements": [],
                            "isInner": false,
                            "widgetType": "metform",
                            "elType": "widget"
                        }
                    ],
                    "isInner": false,
                    "elType": "column"
                }
            ],
            "isInner": false,
            "elType": "section"
        },
        {
            "id": "b09a3d5",
            "settings": {
                "margin": {
                    "unit": "px",
                    "top": "0",
                    "right": 0,
                    "bottom": "0",
                    "left": 0,
                    "isLinked": false
                },
                "padding": {
                    "unit": "px",
                    "top": "50",
                    "right": "0",
                    "bottom": "50",
                    "left": "0",
                    "isLinked": false
                },
                "margin_tablet": {
                    "unit": "px",
                    "top": "0",
                    "right": 0,
                    "bottom": "0",
                    "left": 0,
                    "isLinked": false
                },
                "margin_mobile": {
                    "unit": "px",
                    "top": "0",
                    "right": 0,
                    "bottom": "0",
                    "left": 0,
                    "isLinked": false
                },
                "padding_tablet": {
                    "unit": "px",
                    "top": "0100",
                    "right": "30",
                    "bottom": "100",
                    "left": "30",
                    "isLinked": false
                },
                "padding_mobile": {
                    "unit": "px",
                    "top": "100",
                    "right": "20",
                    "bottom": "100",
                    "left": "20",
                    "isLinked": false
                }
            },
            "elements": [
                {
                    "id": "7abb0af8",
                    "settings": {
                        "_column_size": 100,
                        "_inline_size": null,
                        "margin_tablet": {
                            "unit": "px",
                            "top": "0",
                            "right": "0",
                            "bottom": "0",
                            "left": "0",
                            "isLinked": false
                        },
                        "padding_tablet": {
                            "unit": "px",
                            "top": "0",
                            "right": "0",
                            "bottom": "0",
                            "left": "0",
                            "isLinked": false
                        }
                    },
                    "elements": [
                        {
                            "id": "3b24b350",
                            "settings": {
                                "address": "London Eye, London, United Kingdom",
                                "height": {
                                    "unit": "px",
                                    "size": 400,
                                    "sizes": []
                                },
                                "height_mobile": {
                                    "unit": "px",
                                    "size": 300,
                                    "sizes": []
                                }
                            },
                            "elements": [],
                            "isInner": false,
                            "widgetType": "google_maps",
                            "elType": "widget"
                        }
                    ],
                    "isInner": false,
                    "elType": "column"
                }
            ],
            "isInner": false,
            "elType": "section"
        }
    ]
}