{
    "version": "0.4",
    "title": "Masonry Gallery",
    "type": "page",
    "metadata": {
        "template_type": "single-page",
        "include_in_zip": "1",
        "elementor_pro_required": null,
        "wp_page_template": "elementor_header_footer"
    },
    "content": [
        {
            "id": "40e48b33",
            "settings": {
                "background_background": "classic",
                "background_position": "center center",
                "background_attachment": "scroll",
                "background_repeat": "no-repeat",
                "background_size": "cover",
                "background_overlay_background": "classic",
                "background_overlay_color": "#232121",
                "background_overlay_opacity": {
                    "unit": "px",
                    "size": 0.8,
                    "sizes": []
                },
                "padding": {
                    "unit": "px",
                    "top": "100",
                    "right": "0",
                    "bottom": "100",
                    "left": "0",
                    "isLinked": false
                },
                "background_overlay_image": {
                    "id": "62",
                    "url": "https:\/\/kitpro.site\/temy-and-kifty\/wp-content\/uploads\/sites\/2\/2020\/11\/wedding-couple-89TNEAC-low-res.jpg"
                },
                "background_overlay_attachment": "scroll",
                "background_overlay_repeat": "no-repeat",
                "background_overlay_size": "cover",
                "css_filters_css_filter": "custom",
                "css_filters_saturate": {
                    "unit": "px",
                    "size": 0,
                    "sizes": []
                },
                "overlay_blend_mode": "multiply",
                "margin_mobile": {
                    "unit": "px",
                    "top": "0",
                    "right": 0,
                    "bottom": "0",
                    "left": 0,
                    "isLinked": false
                },
                "padding_mobile": {
                    "unit": "px",
                    "top": "0",
                    "right": "0",
                    "bottom": "0",
                    "left": "0",
                    "isLinked": false
                },
                "__globals__": {
                    "background_color": "globals\/colors?id=accent"
                }
            },
            "elements": [
                {
                    "id": "77e0f571",
                    "settings": {
                        "_column_size": 100,
                        "_inline_size": null,
                        "margin": {
                            "unit": "px",
                            "top": "0",
                            "right": "0",
                            "bottom": "0",
                            "left": "0",
                            "isLinked": false
                        },
                        "padding": {
                            "unit": "px",
                            "top": "0",
                            "right": "200",
                            "bottom": "0",
                            "left": "200",
                            "isLinked": false
                        },
                        "margin_mobile": {
                            "unit": "px",
                            "top": "0",
                            "right": "0",
                            "bottom": "0",
                            "left": "0",
                            "isLinked": false
                        },
                        "padding_tablet": {
                            "unit": "px",
                            "top": "0",
                            "right": "30",
                            "bottom": "0",
                            "left": "30",
                            "isLinked": false
                        },
                        "padding_mobile": {
                            "unit": "px",
                            "top": "100",
                            "right": "20",
                            "bottom": "100",
                            "left": "20",
                            "isLinked": false
                        }
                    },
                    "elements": [
                        {
                            "id": "8f798c4",
                            "settings": {
                                "title": "Moment Picture",
                                "align": "center",
                                "__globals__": {
                                    "typography_typography": "globals\/typography?id=488c6c5",
                                    "title_color": "globals\/colors?id=6906203"
                                }
                            },
                            "elements": [],
                            "isInner": false,
                            "widgetType": "heading",
                            "elType": "widget"
                        },
                        {
                            "id": "3c741307",
                            "settings": {
                                "editor": "<p>Lorem ipsum dolor sit amet, consectetur adipiscing elit, sed do eiusmod tempor incididunt ut labore et dolore magna aliqua. Ut enim ad minim veniam, quis nostrud exercitation ullamco.<\/p>",
                                "_margin": {
                                    "unit": "px",
                                    "top": "10",
                                    "right": "0",
                                    "bottom": "0",
                                    "left": "0",
                                    "isLinked": false
                                },
                                "_padding": {
                                    "unit": "px",
                                    "top": "0",
                                    "right": "0",
                                    "bottom": "0",
                                    "left": "0",
                                    "isLinked": false
                                },
                                "align": "center",
                                "__globals__": {
                                    "text_color": "globals\/colors?id=6906203",
                                    "typography_typography": "globals\/typography?id=5e9d143"
                                }
                            },
                            "elements": [],
                            "isInner": false,
                            "widgetType": "text-editor",
                            "elType": "widget"
                        }
                    ],
                    "isInner": false,
                    "elType": "column"
                }
            ],
            "isInner": false,
            "elType": "section"
        },
        {
            "id": "687e1579",
            "settings": {
                "margin": {
                    "unit": "px",
                    "top": "0",
                    "right": 0,
                    "bottom": "0",
                    "left": 0,
                    "isLinked": false
                },
                "padding": {
                    "unit": "px",
                    "top": "50",
                    "right": "0",
                    "bottom": "50",
                    "left": "0",
                    "isLinked": false
                },
                "margin_tablet": {
                    "unit": "px",
                    "top": "0",
                    "right": 0,
                    "bottom": "0",
                    "left": 0,
                    "isLinked": false
                },
                "margin_mobile": {
                    "unit": "px",
                    "top": "0",
                    "right": 0,
                    "bottom": "0",
                    "left": 0,
                    "isLinked": false
                },
                "padding_tablet": {
                    "unit": "px",
                    "top": "100",
                    "right": "030",
                    "bottom": "100",
                    "left": "30",
                    "isLinked": false
                },
                "padding_mobile": {
                    "unit": "px",
                    "top": "100",
                    "right": "20",
                    "bottom": "100",
                    "left": "20",
                    "isLinked": false
                }
            },
            "elements": [
                {
                    "id": "41424795",
                    "settings": {
                        "_column_size": 100,
                        "_inline_size": null,
                        "margin_tablet": {
                            "unit": "px",
                            "top": "0",
                            "right": "0",
                            "bottom": "0",
                            "left": "0",
                            "isLinked": false
                        },
                        "padding_tablet": {
                            "unit": "px",
                            "top": "0",
                            "right": "0",
                            "bottom": "0",
                            "left": "0",
                            "isLinked": false
                        }
                    },
                    "elements": [
                        {
                            "id": "62c658e7",
                            "settings": {
                                "image_list": [
                                    {
                                        "item_image": {
                                            "id": "66",
                                            "url": "https:\/\/kitpro.site\/temy-and-kifty\/wp-content\/uploads\/sites\/2\/2020\/11\/wedding-couple-WY5TFN9-low-res-portrait-1-2.jpg"
                                        },
                                        "item_title": "",
                                        "item_desc": "",
                                        "item_url": "#",
                                        "item_target": "",
                                        "item_icon": "",
                                        "item_link_type": "lightbox",
                                        "_id": "b7c9198"
                                    },
                                    {
                                        "item_image": {
                                            "id": "70",
                                            "url": "https:\/\/kitpro.site\/temy-and-kifty\/wp-content\/uploads\/sites\/2\/2020\/11\/wedding-engagement-time-ZKA5UZL-low-res.jpg"
                                        },
                                        "item_title": "",
                                        "item_desc": "",
                                        "item_url": "#",
                                        "item_target": "",
                                        "item_icon": "",
                                        "item_link_type": "lightbox",
                                        "_id": "4e5abbf"
                                    },
                                    {
                                        "item_image": {
                                            "id": "22",
                                            "url": "https:\/\/kitpro.site\/temy-and-kifty\/wp-content\/uploads\/sites\/2\/2020\/11\/bride-with-groom-8BP7RV5-low-res.jpg"
                                        },
                                        "item_title": "",
                                        "item_desc": "",
                                        "item_url": "#",
                                        "item_target": "",
                                        "item_icon": "",
                                        "item_link_type": "lightbox",
                                        "_id": "e3ff2fb"
                                    },
                                    {
                                        "item_image": {
                                            "id": "18",
                                            "url": "https:\/\/kitpro.site\/temy-and-kifty\/wp-content\/uploads\/sites\/2\/2020\/11\/bride-with-groom-9K7TA6Y-low-res.jpg"
                                        },
                                        "item_title": "",
                                        "item_desc": "",
                                        "item_url": "#",
                                        "item_target": "",
                                        "item_icon": "",
                                        "item_link_type": "lightbox",
                                        "_id": "2a17526"
                                    },
                                    {
                                        "item_image": {
                                            "id": "78",
                                            "url": "https:\/\/kitpro.site\/temy-and-kifty\/wp-content\/uploads\/sites\/2\/2020\/11\/bride-with-groom-RTYPECN-low-res.jpg"
                                        },
                                        "item_title": "",
                                        "item_desc": "",
                                        "item_url": "#",
                                        "item_target": "",
                                        "item_icon": "",
                                        "item_link_type": "lightbox",
                                        "_id": "b65a09f"
                                    },
                                    {
                                        "item_image": {
                                            "id": "80",
                                            "url": "https:\/\/kitpro.site\/temy-and-kifty\/wp-content\/uploads\/sites\/2\/2020\/11\/wedding-couple-5Y2K3PR-low-res.jpg"
                                        },
                                        "item_title": "",
                                        "item_desc": "",
                                        "item_url": "#",
                                        "item_target": "",
                                        "item_icon": "",
                                        "item_link_type": "lightbox",
                                        "_id": "a4a6b65"
                                    }
                                ],
                                "columns_tablet": "3"
                            },
                            "elements": [],
                            "isInner": false,
                            "widgetType": "jw-images-layout",
                            "elType": "widget"
                        }
                    ],
                    "isInner": false,
                    "elType": "column"
                }
            ],
            "isInner": false,
            "elType": "section"
        }
    ]
}