{
    "version": "0.4",
    "title": "Metform",
    "type": "section",
    "metadata": {
        "template_type": "section-other",
        "include_in_zip": "1",
        "elementor_pro_required": null,
        "wp_page_template": "elementor_canvas"
    },
    "content": [
        {
            "id": "119cf98e",
            "settings": {
                "gap": "no",
                "background_background": "classic",
                "background_color": "#ffffff",
                "border_radius": {
                    "unit": "px",
                    "top": "0",
                    "right": "0",
                    "bottom": "0",
                    "left": "0",
                    "isLinked": true
                },
                "box_shadow_box_shadow": {
                    "horizontal": 30,
                    "vertical": 30,
                    "blur": 80,
                    "spread": 0,
                    "color": "rgba(0,0,0,0.1)"
                },
                "padding": {
                    "unit": "px",
                    "top": "32",
                    "right": "35",
                    "bottom": "35",
                    "left": "35",
                    "isLinked": false
                },
                "padding_tablet": {
                    "unit": "px",
                    "top": "35",
                    "right": "15",
                    "bottom": "35",
                    "left": "15",
                    "isLinked": false
                }
            },
            "elements": [
                {
                    "id": "14d895ce",
                    "settings": {
                        "_column_size": 100
                    },
                    "elements": [
                        {
                            "id": "16457383",
                            "settings": {
                                "gap": "extended"
                            },
                            "elements": [
                                {
                                    "id": "64415376",
                                    "settings": {
                                        "_column_size": 100,
                                        "_inline_size": null,
                                        "margin": {
                                            "unit": "px",
                                            "top": "0",
                                            "right": "0",
                                            "bottom": "0",
                                            "left": "0",
                                            "isLinked": false
                                        },
                                        "padding": {
                                            "unit": "px",
                                            "top": "10",
                                            "right": "10",
                                            "bottom": "10",
                                            "left": "10",
                                            "isLinked": true
                                        }
                                    },
                                    "elements": [
                                        {
                                            "id": "1ff8e9b0",
                                            "settings": {
                                                "mf_input_label": "",
                                                "mf_input_name": "mf-first-name",
                                                "mf_input_placeholder": "Your Name",
                                                "mf_input_min_length": 1,
                                                "mf_input_label_margin": {
                                                    "unit": "px",
                                                    "top": "0",
                                                    "right": "0",
                                                    "bottom": "5",
                                                    "left": "0",
                                                    "isLinked": false
                                                },
                                                "mf_input_padding": {
                                                    "unit": "px",
                                                    "top": "15",
                                                    "right": "25",
                                                    "bottom": "15",
                                                    "left": "25",
                                                    "isLinked": false
                                                },
                                                "mf_input_border_border": "solid",
                                                "mf_input_border_width": {
                                                    "unit": "px",
                                                    "top": "1",
                                                    "right": "1",
                                                    "bottom": "1",
                                                    "left": "1",
                                                    "isLinked": true
                                                },
                                                "mf_input_box_shadow_box_shadow": {
                                                    "horizontal": 0,
                                                    "vertical": 3,
                                                    "blur": 5,
                                                    "spread": 0,
                                                    "color": "rgba(0,0,0,0.05)"
                                                },
                                                "mf_input_help_text_typography_typography": "custom",
                                                "mf_input_help_text_typography_font_family": "Helvetica",
                                                "mf_input_help_text_typography_font_size": {
                                                    "unit": "px",
                                                    "size": 12,
                                                    "sizes": []
                                                },
                                                "mf_input_help_text_typography_font_weight": "400",
                                                "mf_input_help_text_typography_font_style": "italic",
                                                "mf_input_help_text_typography_line_height": {
                                                    "unit": "px",
                                                    "size": 14,
                                                    "sizes": []
                                                },
                                                "mf_input_help_text_padding": {
                                                    "unit": "px",
                                                    "top": "3",
                                                    "right": "0",
                                                    "bottom": "0",
                                                    "left": "0",
                                                    "isLinked": false
                                                },
                                                "mf_input_required": "",
                                                "mf_input_validation_warning_message": "This field is required.",
                                                "mf_input_required_indicator_color": "#FF0000",
                                                "mf_input_help_text_color": "#555555",
                                                "mf_input_background_background": "classic",
                                                "mf_input_background_color": "#FFFFFF",
                                                "__globals__": {
                                                    "mf_input_label_typography_typography": "globals\/typography?id=5e9d143",
                                                    "mf_input_placeholder_color": "globals\/colors?id=775112a",
                                                    "mf_input_place_holder_typography_typography": "globals\/typography?id=5e9d143",
                                                    "mf_input_color": "globals\/colors?id=text",
                                                    "mf_input_color_focus": "globals\/colors?id=text",
                                                    "mf_input_label_color": "globals\/colors?id=accent",
                                                    "mf_input_typgraphy_typography": "globals\/typography?id=5e9d143",
                                                    "mf_input_border_color": "globals\/colors?id=775112a"
                                                }
                                            },
                                            "elements": [],
                                            "isInner": false,
                                            "widgetType": "mf-text",
                                            "elType": "widget"
                                        }
                                    ],
                                    "isInner": true,
                                    "elType": "column"
                                }
                            ],
                            "isInner": true,
                            "elType": "section"
                        },
                        {
                            "id": "3a3e2f66",
                            "settings": {
                                "gap": "extended"
                            },
                            "elements": [
                                {
                                    "id": "37221e1e",
                                    "settings": {
                                        "_column_size": 100,
                                        "_inline_size": null,
                                        "margin": {
                                            "unit": "px",
                                            "top": "0",
                                            "right": "0",
                                            "bottom": "0",
                                            "left": "0",
                                            "isLinked": false
                                        },
                                        "padding": {
                                            "unit": "px",
                                            "top": "10",
                                            "right": "10",
                                            "bottom": "10",
                                            "left": "10",
                                            "isLinked": true
                                        }
                                    },
                                    "elements": [
                                        {
                                            "id": "9816e6b",
                                            "settings": {
                                                "mf_input_label": "",
                                                "mf_input_name": "mf-first-name",
                                                "mf_input_placeholder": "Your Email",
                                                "mf_input_min_length": 1,
                                                "mf_input_label_margin": {
                                                    "unit": "px",
                                                    "top": "0",
                                                    "right": "0",
                                                    "bottom": "5",
                                                    "left": "0",
                                                    "isLinked": false
                                                },
                                                "mf_input_padding": {
                                                    "unit": "px",
                                                    "top": "15",
                                                    "right": "25",
                                                    "bottom": "15",
                                                    "left": "25",
                                                    "isLinked": false
                                                },
                                                "mf_input_border_border": "solid",
                                                "mf_input_border_width": {
                                                    "unit": "px",
                                                    "top": "1",
                                                    "right": "1",
                                                    "bottom": "1",
                                                    "left": "1",
                                                    "isLinked": true
                                                },
                                                "mf_input_box_shadow_box_shadow": {
                                                    "horizontal": 0,
                                                    "vertical": 3,
                                                    "blur": 5,
                                                    "spread": 0,
                                                    "color": "rgba(0,0,0,0.05)"
                                                },
                                                "mf_input_help_text_typography_typography": "custom",
                                                "mf_input_help_text_typography_font_family": "Helvetica",
                                                "mf_input_help_text_typography_font_size": {
                                                    "unit": "px",
                                                    "size": 12,
                                                    "sizes": []
                                                },
                                                "mf_input_help_text_typography_font_weight": "400",
                                                "mf_input_help_text_typography_font_style": "italic",
                                                "mf_input_help_text_typography_line_height": {
                                                    "unit": "px",
                                                    "size": 14,
                                                    "sizes": []
                                                },
                                                "mf_input_help_text_padding": {
                                                    "unit": "px",
                                                    "top": "3",
                                                    "right": "0",
                                                    "bottom": "0",
                                                    "left": "0",
                                                    "isLinked": false
                                                },
                                                "mf_input_required": "",
                                                "mf_input_validation_warning_message": "This field is required.",
                                                "mf_input_required_indicator_color": "#FF0000",
                                                "mf_input_help_text_color": "#555555",
                                                "mf_input_background_background": "classic",
                                                "mf_input_background_color": "#FFFFFF",
                                                "_margin": {
                                                    "unit": "px",
                                                    "top": "0",
                                                    "right": "0",
                                                    "bottom": "0",
                                                    "left": "0",
                                                    "isLinked": false
                                                },
                                                "_padding": {
                                                    "unit": "px",
                                                    "top": "0",
                                                    "right": "0",
                                                    "bottom": "0",
                                                    "left": "0",
                                                    "isLinked": false
                                                },
                                                "__globals__": {
                                                    "mf_input_label_typography_typography": "globals\/typography?id=5e9d143",
                                                    "mf_input_placeholder_color": "globals\/colors?id=775112a",
                                                    "mf_input_place_holder_typography_typography": "globals\/typography?id=5e9d143",
                                                    "mf_input_border_color": "globals\/colors?id=775112a",
                                                    "mf_input_typgraphy_typography": "globals\/typography?id=5e9d143",
                                                    "mf_input_label_color": "globals\/colors?id=accent",
                                                    "mf_input_color_hover": "globals\/colors?id=accent",
                                                    "mf_input_color_focus": "globals\/colors?id=accent",
                                                    "mf_input_color": "globals\/colors?id=text"
                                                }
                                            },
                                            "elements": [],
                                            "isInner": false,
                                            "widgetType": "mf-text",
                                            "elType": "widget"
                                        }
                                    ],
                                    "isInner": true,
                                    "elType": "column"
                                }
                            ],
                            "isInner": true,
                            "elType": "section"
                        },
                        {
                            "id": "72855210",
                            "settings": {
                                "gap": "extended"
                            },
                            "elements": [
                                {
                                    "id": "65dfc54b",
                                    "settings": {
                                        "_column_size": 100,
                                        "_inline_size": null,
                                        "space_between_widgets": 0,
                                        "margin": {
                                            "unit": "px",
                                            "top": "0",
                                            "right": "0",
                                            "bottom": "0",
                                            "left": "0",
                                            "isLinked": false
                                        },
                                        "padding": {
                                            "unit": "px",
                                            "top": "10",
                                            "right": "10",
                                            "bottom": "10",
                                            "left": "10",
                                            "isLinked": true
                                        }
                                    },
                                    "elements": [
                                        {
                                            "id": "4668ae4a",
                                            "settings": {
                                                "mf_input_label": "",
                                                "mf_input_name": "mf-comment",
                                                "mf_input_placeholder": "Something You Say. . .",
                                                "mf_input_required": "",
                                                "mf_input_label_margin": {
                                                    "unit": "px",
                                                    "top": "0",
                                                    "right": "0",
                                                    "bottom": "5",
                                                    "left": "0",
                                                    "isLinked": false
                                                },
                                                "mf_input_padding": {
                                                    "unit": "px",
                                                    "top": "15",
                                                    "right": "25",
                                                    "bottom": "15",
                                                    "left": "25",
                                                    "isLinked": false
                                                },
                                                "mf_input_border_border": "solid",
                                                "mf_input_border_width": {
                                                    "unit": "px",
                                                    "top": "1",
                                                    "right": "1",
                                                    "bottom": "1",
                                                    "left": "1",
                                                    "isLinked": true
                                                },
                                                "mf_input_box_shadow_box_shadow": {
                                                    "horizontal": 0,
                                                    "vertical": 3,
                                                    "blur": 5,
                                                    "spread": 0,
                                                    "color": "rgba(0,0,0,0.05)"
                                                },
                                                "mf_input_help_text_typography_typography": "custom",
                                                "mf_input_help_text_typography_font_family": "Helvetica",
                                                "mf_input_help_text_typography_font_size": {
                                                    "unit": "px",
                                                    "size": 12,
                                                    "sizes": []
                                                },
                                                "mf_input_help_text_typography_font_weight": "400",
                                                "mf_input_help_text_typography_font_style": "italic",
                                                "mf_input_help_text_typography_line_height": {
                                                    "unit": "px",
                                                    "size": 14,
                                                    "sizes": []
                                                },
                                                "mf_input_help_text_padding": {
                                                    "unit": "px",
                                                    "top": "3",
                                                    "right": "0",
                                                    "bottom": "0",
                                                    "left": "0",
                                                    "isLinked": false
                                                },
                                                "mf_textarea_field_height": {
                                                    "unit": "px",
                                                    "size": 140,
                                                    "sizes": []
                                                },
                                                "mf_input_validation_warning_message": "This field is required.",
                                                "mf_input_required_indicator_color": "#FF0000",
                                                "mf_input_help_text_color": "#555555",
                                                "mf_input_background_background": "classic",
                                                "mf_input_background_color": "#FFFFFF",
                                                "_margin": {
                                                    "unit": "px",
                                                    "top": "0",
                                                    "right": "0",
                                                    "bottom": "0",
                                                    "left": "0",
                                                    "isLinked": false
                                                },
                                                "_padding": {
                                                    "unit": "px",
                                                    "top": "0",
                                                    "right": "0",
                                                    "bottom": "0",
                                                    "left": "0",
                                                    "isLinked": false
                                                },
                                                "__globals__": {
                                                    "mf_input_label_typography_typography": "globals\/typography?id=5e9d143",
                                                    "mf_input_placeholder_color": "globals\/colors?id=775112a",
                                                    "mf_input_place_holder_typography_typography": "globals\/typography?id=5e9d143",
                                                    "mf_input_border_color": "globals\/colors?id=775112a",
                                                    "mf_input_typgraphy_typography": "globals\/typography?id=5e9d143",
                                                    "mf_input_label_color": "globals\/colors?id=accent",
                                                    "mf_input_color_hover": "globals\/colors?id=accent",
                                                    "mf_input_color_focus": "globals\/colors?id=accent",
                                                    "mf_input_color": "globals\/colors?id=text"
                                                }
                                            },
                                            "elements": [],
                                            "isInner": false,
                                            "widgetType": "mf-textarea",
                                            "elType": "widget"
                                        },
                                        {
                                            "id": "66c37365",
                                            "settings": {
                                                "mf_btn_text": "Attend",
                                                "mf_btn_align": "justify",
                                                "mf_btn_text_padding": {
                                                    "unit": "px",
                                                    "top": "15",
                                                    "right": "20",
                                                    "bottom": "15",
                                                    "left": "20",
                                                    "isLinked": false
                                                },
                                                "mf_btn_bg_color_background": "classic",
                                                "mf_btn_box_shadow_group_box_shadow_type": "yes",
                                                "mf_btn_box_shadow_group_box_shadow": {
                                                    "horizontal": 0,
                                                    "vertical": 0,
                                                    "blur": 0,
                                                    "spread": 0,
                                                    "color": "rgba(0, 0, 0, 0)"
                                                },
                                                "_margin": {
                                                    "unit": "px",
                                                    "top": "35",
                                                    "right": "0",
                                                    "bottom": "0",
                                                    "left": "0",
                                                    "isLinked": false
                                                },
                                                "mf_hidden_input": [],
                                                "mf_btn_border_radius": {
                                                    "unit": "px",
                                                    "top": "0",
                                                    "right": "0",
                                                    "bottom": "0",
                                                    "left": "0",
                                                    "isLinked": true
                                                },
                                                "mf_btn_align_mobile": "justify",
                                                "mf_btn_bg_hover_color_background": "classic",
                                                "mf_btn_border_style": "solid",
                                                "mf_btn_border_style_mobile": "solid",
                                                "__globals__": {
                                                    "mf_btn_typography_typography": "globals\/typography?id=33f0857",
                                                    "mf_btn_text_color_mobile": "globals\/colors?id=primary",
                                                    "mf_btn_bg_color_color": "globals\/colors?id=6906203",
                                                    "mf_btn_bg_hover_color_color": "globals\/colors?id=primary",
                                                    "mf_btn_border_color_mobile": "globals\/colors?id=primary",
                                                    "mf_btn_hover_color_mobile": "globals\/colors?id=e3f5b88",
                                                    "mf_btn_text_color": "globals\/colors?id=primary",
                                                    "mf_btn_border_color": "globals\/colors?id=primary"
                                                },
                                                "mf_btn_align_tablet": "justify"
                                            },
                                            "elements": [],
                                            "isInner": false,
                                            "widgetType": "mf-button",
                                            "elType": "widget"
                                        }
                                    ],
                                    "isInner": true,
                                    "elType": "column"
                                }
                            ],
                            "isInner": true,
                            "elType": "section"
                        }
                    ],
                    "isInner": false,
                    "elType": "column"
                }
            ],
            "isInner": false,
            "elType": "section"
        }
    ]
}