{
    "version": "0.4",
    "title": "404",
    "type": "error-404",
    "metadata": {
        "template_type": "single-404",
        "include_in_zip": "1",
        "elementor_pro_required": "1",
        "elementor_library_type": "error-404",
        "elementor_pro_conditions": [
            "include\/singular\/not_found404"
        ],
        "additional_template_information": [
            "This is a \"Error 404\" template for Elementor Pro.",
            "This template will display on: 404 Page."
        ],
        "wp_page_template": "default"
    },
    "content": [
        {
            "id": "477abb55",
            "settings": {
                "layout": "full_width",
                "gap": "no",
                "column_position": "top",
                "overflow": "hidden",
                "padding": {
                    "unit": "px",
                    "top": "125",
                    "right": "0",
                    "bottom": "0",
                    "left": "0",
                    "isLinked": ""
                },
                "padding_tablet": {
                    "unit": "px",
                    "top": "80",
                    "right": "0",
                    "bottom": "0",
                    "left": "0",
                    "isLinked": ""
                },
                "padding_mobile": {
                    "unit": "px",
                    "top": "0",
                    "right": "0",
                    "bottom": "0",
                    "left": "0",
                    "isLinked": ""
                },
                "_title": "Section: 404"
            },
            "elements": [
                {
                    "id": "738a21e3",
                    "settings": {
                        "_column_size": "100",
                        "__globals__": {
                            "background_overlay_color": "globals\/colors?id=42580d6"
                        }
                    },
                    "elements": [
                        {
                            "id": "3e3c48a9",
                            "settings": {
                                "background_image": {
                                    "url": "https:\/\/templatekits.themewarrior.com\/weddingday\/wp-content\/uploads\/sites\/15\/2021\/01\/bg-hero-invit.png",
                                    "id": "233"
                                },
                                "background_repeat": "no-repeat",
                                "background_size": "cover",
                                "background_overlay_opacity": {
                                    "unit": "px",
                                    "size": "0.2",
                                    "sizes": []
                                },
                                "padding": {
                                    "unit": "px",
                                    "top": "0",
                                    "right": "0",
                                    "bottom": "0",
                                    "left": "0",
                                    "isLinked": ""
                                },
                                "__globals__": {
                                    "background_overlay_color": "globals\/colors?id=42580d6"
                                },
                                "content_width": {
                                    "unit": "px",
                                    "size": "1110",
                                    "sizes": []
                                }
                            },
                            "elements": [
                                {
                                    "id": "8d9a4aa",
                                    "settings": {
                                        "_column_size": "100",
                                        "background_background": "classic",
                                        "background_image": {
                                            "url": "https:\/\/templatekits.themewarrior.com\/weddingday\/wp-content\/uploads\/sites\/15\/2021\/01\/bg-hero-invit.png",
                                            "id": "233"
                                        },
                                        "background_position": "center center",
                                        "background_repeat": "no-repeat",
                                        "background_size": "cover",
                                        "background_overlay_background": "classic",
                                        "background_overlay_opacity": {
                                            "unit": "px",
                                            "size": "0.2",
                                            "sizes": []
                                        },
                                        "padding": {
                                            "unit": "px",
                                            "top": "69",
                                            "right": "285",
                                            "bottom": "49",
                                            "left": "285",
                                            "isLinked": ""
                                        },
                                        "padding_tablet": {
                                            "unit": "px",
                                            "top": "40",
                                            "right": "100",
                                            "bottom": "50",
                                            "left": "100",
                                            "isLinked": ""
                                        },
                                        "padding_mobile": {
                                            "unit": "px",
                                            "top": "30",
                                            "right": "15",
                                            "bottom": "40",
                                            "left": "15",
                                            "isLinked": ""
                                        },
                                        "__globals__": {
                                            "background_overlay_color": "globals\/colors?id=42580d6"
                                        }
                                    },
                                    "elements": [
                                        {
                                            "id": "1fbe6b7a",
                                            "settings": {
                                                "title": "Opps! Page not found",
                                                "header_size": "h3",
                                                "align": "center",
                                                "title_color": "#FFFFFF",
                                                "__globals__": {
                                                    "typography_typography": "globals\/typography?id=c914858",
                                                    "title_color": "globals\/colors?id=text"
                                                },
                                                "_animation": "fadeInUp"
                                            },
                                            "elements": [],
                                            "isInner": false,
                                            "widgetType": "heading",
                                            "elType": "widget"
                                        },
                                        {
                                            "id": "4652ac34",
                                            "settings": {
                                                "title": "404",
                                                "header_size": "h1",
                                                "align": "center",
                                                "title_color": "#FFFFFF",
                                                "typography_typography": "custom",
                                                "typography_font_family": "Great Vibes",
                                                "typography_font_size": {
                                                    "unit": "px",
                                                    "size": "144",
                                                    "sizes": []
                                                },
                                                "typography_font_weight": "400",
                                                "typography_line_height": {
                                                    "unit": "px",
                                                    "size": "200",
                                                    "sizes": []
                                                },
                                                "__globals__": {
                                                    "title_color": "globals\/colors?id=text",
                                                    "typography_typography": ""
                                                },
                                                "typography_font_size_tablet": {
                                                    "unit": "px",
                                                    "size": "100",
                                                    "sizes": []
                                                },
                                                "typography_font_size_mobile": {
                                                    "unit": "px",
                                                    "size": "65",
                                                    "sizes": []
                                                },
                                                "typography_line_height_tablet": {
                                                    "unit": "px",
                                                    "size": "150",
                                                    "sizes": []
                                                },
                                                "typography_line_height_mobile": {
                                                    "unit": "px",
                                                    "size": "80",
                                                    "sizes": []
                                                },
                                                "_animation": "zoomInUp"
                                            },
                                            "elements": [],
                                            "isInner": false,
                                            "widgetType": "heading",
                                            "elType": "widget"
                                        },
                                        {
                                            "id": "1f227a90",
                                            "settings": {
                                                "image": {
                                                    "url": "https:\/\/templatekits.themewarrior.com\/weddingday\/wp-content\/uploads\/sites\/15\/2021\/01\/devider-1.png",
                                                    "id": "40"
                                                },
                                                "align": "center",
                                                "width": {
                                                    "unit": "px",
                                                    "size": "175",
                                                    "sizes": []
                                                },
                                                "_padding": {
                                                    "unit": "px",
                                                    "top": "0",
                                                    "right": "0",
                                                    "bottom": "0",
                                                    "left": "0",
                                                    "isLinked": ""
                                                },
                                                "_padding_tablet": {
                                                    "unit": "px",
                                                    "top": "0",
                                                    "right": "0",
                                                    "bottom": "40",
                                                    "left": "0",
                                                    "isLinked": ""
                                                },
                                                "_padding_mobile": {
                                                    "unit": "px",
                                                    "top": "0",
                                                    "right": "0",
                                                    "bottom": "30",
                                                    "left": "0",
                                                    "isLinked": ""
                                                }
                                            },
                                            "elements": [],
                                            "isInner": false,
                                            "widgetType": "image",
                                            "elType": "widget"
                                        },
                                        {
                                            "id": "2cb9a046",
                                            "settings": {
                                                "editor": "<p>We\u2019re sorry, the page you have looked for does not exist in our database! Maybe go to our home page or try to use a search?<\/p>",
                                                "align": "center",
                                                "typography_typography": "custom",
                                                "typography_font_family": "Josefin Sans",
                                                "typography_font_size": {
                                                    "unit": "px",
                                                    "size": "18",
                                                    "sizes": []
                                                },
                                                "typography_font_weight": "400",
                                                "typography_line_height": {
                                                    "unit": "px",
                                                    "size": "25",
                                                    "sizes": []
                                                }
                                            },
                                            "elements": [],
                                            "isInner": false,
                                            "widgetType": "text-editor",
                                            "elType": "widget"
                                        }
                                    ],
                                    "isInner": "1",
                                    "elType": "column"
                                }
                            ],
                            "isInner": "1",
                            "elType": "section"
                        },
                        {
                            "id": "c76b6ec",
                            "settings": {
                                "gap": "no",
                                "structure": "20",
                                "padding_tablet": {
                                    "unit": "px",
                                    "top": "0",
                                    "right": "0",
                                    "bottom": "0",
                                    "left": "0",
                                    "isLinked": ""
                                },
                                "content_width": {
                                    "unit": "px",
                                    "size": "1440",
                                    "sizes": []
                                }
                            },
                            "elements": [
                                {
                                    "id": "5f3c33a0",
                                    "settings": {
                                        "_column_size": "50",
                                        "_inline_size_mobile": "50",
                                        "margin": {
                                            "unit": "px",
                                            "top": "-580",
                                            "right": "0",
                                            "bottom": "0",
                                            "left": "0",
                                            "isLinked": ""
                                        },
                                        "margin_tablet": {
                                            "unit": "px",
                                            "top": "-400",
                                            "right": "0",
                                            "bottom": "0",
                                            "left": "0",
                                            "isLinked": ""
                                        },
                                        "margin_mobile": {
                                            "unit": "px",
                                            "top": "0",
                                            "right": "0",
                                            "bottom": "0",
                                            "left": "0",
                                            "isLinked": ""
                                        }
                                    },
                                    "elements": [
                                        {
                                            "id": "7c792a1b",
                                            "settings": {
                                                "image": {
                                                    "url": "https:\/\/templatekits.themewarrior.com\/weddingday\/wp-content\/uploads\/sites\/15\/2021\/01\/404-c1.jpg",
                                                    "id": "290"
                                                },
                                                "image_size": "full",
                                                "align": "left",
                                                "align_tablet": "left",
                                                "width_tablet": {
                                                    "unit": "%",
                                                    "size": "50",
                                                    "sizes": []
                                                },
                                                "width_mobile": {
                                                    "unit": "%",
                                                    "size": "100",
                                                    "sizes": []
                                                },
                                                "_animation": "fadeInLeft"
                                            },
                                            "elements": [],
                                            "isInner": false,
                                            "widgetType": "image",
                                            "elType": "widget"
                                        }
                                    ],
                                    "isInner": "1",
                                    "elType": "column"
                                },
                                {
                                    "id": "7fdee64f",
                                    "settings": {
                                        "_column_size": "50",
                                        "_inline_size_mobile": "50",
                                        "margin": {
                                            "unit": "px",
                                            "top": "-310",
                                            "right": "0",
                                            "bottom": "0",
                                            "left": "0",
                                            "isLinked": ""
                                        },
                                        "margin_tablet": {
                                            "unit": "px",
                                            "top": "-400",
                                            "right": "0",
                                            "bottom": "0",
                                            "left": "0",
                                            "isLinked": ""
                                        },
                                        "margin_mobile": {
                                            "unit": "px",
                                            "top": "0",
                                            "right": "0",
                                            "bottom": "0",
                                            "left": "0",
                                            "isLinked": ""
                                        }
                                    },
                                    "elements": [
                                        {
                                            "id": "10b6d595",
                                            "settings": {
                                                "image": {
                                                    "url": "https:\/\/templatekits.themewarrior.com\/weddingday\/wp-content\/uploads\/sites\/15\/2021\/01\/404-c2.jpg",
                                                    "id": "291"
                                                },
                                                "image_size": "full",
                                                "align": "right",
                                                "align_tablet": "right",
                                                "width_tablet": {
                                                    "unit": "%",
                                                    "size": "50",
                                                    "sizes": []
                                                },
                                                "width_mobile": {
                                                    "unit": "%",
                                                    "size": "100",
                                                    "sizes": []
                                                },
                                                "_margin_tablet": {
                                                    "unit": "px",
                                                    "top": "0",
                                                    "right": "0",
                                                    "bottom": "0",
                                                    "left": "0",
                                                    "isLinked": ""
                                                },
                                                "_animation": "fadeInRight"
                                            },
                                            "elements": [],
                                            "isInner": false,
                                            "widgetType": "image",
                                            "elType": "widget"
                                        }
                                    ],
                                    "isInner": "1",
                                    "elType": "column"
                                }
                            ],
                            "isInner": "1",
                            "elType": "section"
                        }
                    ],
                    "isInner": "",
                    "elType": "column"
                }
            ],
            "isInner": "",
            "elType": "section"
        }
    ]
}