{
    "version": "0.4",
    "title": "Blog",
    "type": "archive",
    "metadata": {
        "template_type": "archive-blog",
        "include_in_zip": "1",
        "elementor_pro_required": "1",
        "elementor_library_type": "archive",
        "elementor_pro_conditions": [
            "include\/archive"
        ],
        "additional_template_information": [
            "This is a \"Archive\" template for Elementor Pro.",
            "This template will display on: All Archives."
        ],
        "wp_page_template": "default"
    },
    "content": [
        {
            "id": "4e291909",
            "settings": {
                "gap": "no",
                "overflow": "hidden",
                "background_background": "classic",
                "background_image": {
                    "url": "https:\/\/templatekits.themewarrior.com\/weddingday\/wp-content\/uploads\/sites\/15\/2021\/01\/hero-gallery.png",
                    "id": "234"
                },
                "background_xpos": {
                    "unit": "px",
                    "size": "-430",
                    "sizes": []
                },
                "background_repeat": "no-repeat",
                "background_bg_width": {
                    "unit": "px",
                    "size": "1",
                    "sizes": []
                },
                "background_overlay_background": "classic",
                "background_overlay_opacity": {
                    "unit": "px",
                    "size": "0.2",
                    "sizes": []
                },
                "padding": {
                    "unit": "px",
                    "top": "98",
                    "right": "0",
                    "bottom": "70",
                    "left": "0",
                    "isLinked": ""
                },
                "padding_tablet": {
                    "unit": "px",
                    "top": "50",
                    "right": "0",
                    "bottom": "50",
                    "left": "0",
                    "isLinked": ""
                },
                "__globals__": {
                    "background_overlay_color": "globals\/colors?id=42580d6"
                },
                "_title": "Section: Hero Blog"
            },
            "elements": [
                {
                    "id": "523b3922",
                    "settings": {
                        "_column_size": "100"
                    },
                    "elements": [
                        {
                            "id": "39f75355",
                            "settings": {
                                "title": "Latest Stories",
                                "align": "center",
                                "typography_typography": "custom",
                                "typography_font_family": "Great Vibes",
                                "typography_font_size": {
                                    "unit": "px",
                                    "size": "64",
                                    "sizes": []
                                },
                                "typography_font_weight": "400",
                                "typography_line_height": {
                                    "unit": "px",
                                    "size": "80",
                                    "sizes": []
                                },
                                "__globals__": {
                                    "title_color": "globals\/colors?id=secondary"
                                },
                                "typography_font_size_tablet": {
                                    "unit": "px",
                                    "size": "50",
                                    "sizes": []
                                },
                                "typography_font_size_mobile": {
                                    "unit": "px",
                                    "size": "35",
                                    "sizes": []
                                },
                                "typography_line_height_mobile": {
                                    "unit": "px",
                                    "size": "45",
                                    "sizes": []
                                },
                                "header_size": "h1",
                                "typography_line_height_tablet": {
                                    "unit": "px",
                                    "size": "50",
                                    "sizes": []
                                },
                                "_animation": "zoomInUp"
                            },
                            "elements": [],
                            "isInner": false,
                            "widgetType": "heading",
                            "elType": "widget"
                        },
                        {
                            "id": "7ab3bae4",
                            "settings": {
                                "image": {
                                    "url": "https:\/\/templatekits.themewarrior.com\/weddingday\/wp-content\/uploads\/sites\/15\/2021\/01\/devider-1.png",
                                    "id": "40"
                                },
                                "align": "center",
                                "width": {
                                    "unit": "px",
                                    "size": "175",
                                    "sizes": []
                                },
                                "_padding": {
                                    "unit": "px",
                                    "top": "0",
                                    "right": "0",
                                    "bottom": "0",
                                    "left": "0",
                                    "isLinked": ""
                                },
                                "_padding_tablet": {
                                    "unit": "px",
                                    "top": "0",
                                    "right": "0",
                                    "bottom": "0",
                                    "left": "0",
                                    "isLinked": ""
                                },
                                "_padding_mobile": {
                                    "unit": "px",
                                    "top": "0",
                                    "right": "0",
                                    "bottom": "0",
                                    "left": "0",
                                    "isLinked": ""
                                }
                            },
                            "elements": [],
                            "isInner": false,
                            "widgetType": "image",
                            "elType": "widget"
                        },
                        {
                            "id": "5f95044",
                            "settings": {
                                "editor": "<p>Discere similique in nec, quaeque quaerendum necessitatibus<\/p>",
                                "align": "center",
                                "__globals__": {
                                    "typography_typography": ""
                                },
                                "typography_font_family": "Josefin Sans",
                                "typography_font_size": {
                                    "unit": "px",
                                    "size": "18",
                                    "sizes": []
                                },
                                "typography_font_size_mobile": {
                                    "unit": "px",
                                    "size": "12",
                                    "sizes": []
                                },
                                "typography_font_weight": "400",
                                "typography_line_height": {
                                    "unit": "px",
                                    "size": "25",
                                    "sizes": []
                                },
                                "typography_typography": "custom",
                                "_animation": "fadeInUp"
                            },
                            "elements": [],
                            "isInner": false,
                            "widgetType": "text-editor",
                            "elType": "widget"
                        }
                    ],
                    "isInner": "",
                    "elType": "column"
                }
            ],
            "isInner": "",
            "elType": "section"
        },
        {
            "id": "19e4f80",
            "settings": {
                "padding": {
                    "unit": "px",
                    "top": "100",
                    "right": "0",
                    "bottom": "120",
                    "left": "0",
                    "isLinked": ""
                },
                "padding_tablet": {
                    "unit": "px",
                    "top": "50",
                    "right": "15",
                    "bottom": "60",
                    "left": "15",
                    "isLinked": ""
                },
                "_title": "Section: Archived"
            },
            "elements": [
                {
                    "id": "1fa459b5",
                    "settings": {
                        "_column_size": "100"
                    },
                    "elements": [
                        {
                            "id": "598ffe87",
                            "settings": {
                                "archive_classic_columns": "2",
                                "archive_classic_thumbnail_size_size": "full",
                                "archive_classic_meta_separator": "\u2022",
                                "archive_classic_read_more_text": "Read More \u00bb",
                                "archive_cards_meta_separator": "\u2022",
                                "archive_cards_read_more_text": "Read More \u00bb",
                                "archive_full_content_meta_separator": "\/\/\/",
                                "pagination_page_limit": "5",
                                "pagination_prev_label": "&laquo; Previous",
                                "pagination_next_label": "Next &raquo;",
                                "nothing_found_message": "It seems we can't find what you're looking for.",
                                "archive_classic_show_read_more": "",
                                "archive_classic_row_gap": {
                                    "unit": "px",
                                    "size": "50",
                                    "sizes": []
                                },
                                "archive_classic_image_spacing": {
                                    "unit": "px",
                                    "size": "30",
                                    "sizes": []
                                },
                                "archive_classic_title_color": "#000000",
                                "archive_classic_title_spacing": {
                                    "unit": "px",
                                    "size": "10",
                                    "sizes": []
                                },
                                "_animation": "fadeInUp",
                                "__globals__": {
                                    "archive_classic_title_color": "globals\/colors?id=4670111",
                                    "archive_classic_title_typography_typography": "globals\/typography?id=6db9bce",
                                    "archive_classic_excerpt_color": "globals\/colors?id=text",
                                    "archive_classic_excerpt_typography_typography": "globals\/typography?id=103c033"
                                },
                                "archive_classic_column_gap": {
                                    "unit": "px",
                                    "size": "50",
                                    "sizes": []
                                },
                                "archive_classic_meta_typography_typography": "custom",
                                "archive_classic_meta_typography_font_family": "Josefin Sans",
                                "archive_classic_meta_typography_font_size": {
                                    "unit": "px",
                                    "size": "14",
                                    "sizes": []
                                },
                                "archive_classic_meta_typography_font_weight": "400"
                            },
                            "elements": [],
                            "isInner": false,
                            "widgetType": "archive-posts",
                            "elType": "widget"
                        }
                    ],
                    "isInner": "",
                    "elType": "column"
                }
            ],
            "isInner": "",
            "elType": "section"
        }
    ]
}