{
    "version": "0.4",
    "title": "Bridesmaid &#8211; Groomsmen",
    "type": "page",
    "metadata": {
        "template_type": "single-page",
        "include_in_zip": "1",
        "elementor_pro_required": null,
        "wp_page_template": "elementor_header_footer"
    },
    "content": [
        {
            "id": "560f2413",
            "settings": {
                "gap": "no",
                "overflow": "hidden",
                "background_background": "classic",
                "background_image": {
                    "url": "https:\/\/templatekits.themewarrior.com\/weddingday\/wp-content\/uploads\/sites\/15\/2021\/01\/bg-hero-invit.png",
                    "id": "233"
                },
                "background_ypos": {
                    "unit": "px",
                    "size": "-66",
                    "sizes": []
                },
                "background_repeat": "no-repeat",
                "background_overlay_background": "classic",
                "background_overlay_opacity": {
                    "unit": "px",
                    "size": "0.2",
                    "sizes": []
                },
                "padding": {
                    "unit": "px",
                    "top": "98",
                    "right": "0",
                    "bottom": "249",
                    "left": "0",
                    "isLinked": ""
                },
                "padding_tablet": {
                    "unit": "px",
                    "top": "50",
                    "right": "0",
                    "bottom": "100",
                    "left": "0",
                    "isLinked": ""
                },
                "__globals__": {
                    "background_overlay_color": "globals\/colors?id=42580d6"
                },
                "_title": "Section: Hero Bridesmaids"
            },
            "elements": [
                {
                    "id": "48742652",
                    "settings": {
                        "_column_size": "100"
                    },
                    "elements": [
                        {
                            "id": "3b4a39e4",
                            "settings": {
                                "title": "The Bridesmaids &amp; Groomsmen",
                                "align": "center",
                                "__globals__": {
                                    "title_color": "globals\/colors?id=secondary",
                                    "typography_typography": "globals\/typography?id=f3c117f"
                                },
                                "header_size": "h1",
                                "_animation": "zoomInUp"
                            },
                            "elements": [],
                            "isInner": false,
                            "widgetType": "heading",
                            "elType": "widget"
                        },
                        {
                            "id": "1671caea",
                            "settings": {
                                "image": {
                                    "url": "https:\/\/templatekits.themewarrior.com\/weddingday\/wp-content\/uploads\/sites\/15\/2021\/01\/devider-1.png",
                                    "id": "40"
                                },
                                "align": "center",
                                "width": {
                                    "unit": "px",
                                    "size": "175",
                                    "sizes": []
                                },
                                "_padding": {
                                    "unit": "px",
                                    "top": "0",
                                    "right": "0",
                                    "bottom": "0",
                                    "left": "0",
                                    "isLinked": ""
                                },
                                "_padding_tablet": {
                                    "unit": "px",
                                    "top": "0",
                                    "right": "0",
                                    "bottom": "0",
                                    "left": "0",
                                    "isLinked": ""
                                },
                                "_padding_mobile": {
                                    "unit": "px",
                                    "top": "0",
                                    "right": "0",
                                    "bottom": "0",
                                    "left": "0",
                                    "isLinked": ""
                                }
                            },
                            "elements": [],
                            "isInner": false,
                            "widgetType": "image",
                            "elType": "widget"
                        },
                        {
                            "id": "4edda13d",
                            "settings": {
                                "editor": "<p>Discere similique in nec, quaeque quaerendum necessitatibus<\/p>",
                                "align": "center",
                                "__globals__": {
                                    "typography_typography": "globals\/typography?id=998a612"
                                },
                                "_animation": "fadeInUp"
                            },
                            "elements": [],
                            "isInner": false,
                            "widgetType": "text-editor",
                            "elType": "widget"
                        }
                    ],
                    "isInner": "",
                    "elType": "column"
                }
            ],
            "isInner": "",
            "elType": "section"
        },
        {
            "id": "29e98908",
            "settings": {
                "gap": "no",
                "margin": {
                    "unit": "px",
                    "top": "-200",
                    "right": "0",
                    "bottom": "0",
                    "left": "0",
                    "isLinked": ""
                },
                "margin_tablet": {
                    "unit": "px",
                    "top": "-70",
                    "right": "0",
                    "bottom": "0",
                    "left": "0",
                    "isLinked": ""
                },
                "padding": {
                    "unit": "px",
                    "top": "0",
                    "right": "0",
                    "bottom": "100",
                    "left": "0",
                    "isLinked": ""
                },
                "_title": "Section: Content Bridesmaids",
                "content_width": {
                    "unit": "px",
                    "size": "1110",
                    "sizes": []
                }
            },
            "elements": [
                {
                    "id": "76c7f498",
                    "settings": {
                        "_column_size": "100"
                    },
                    "elements": [
                        {
                            "id": "4bdcb76b",
                            "settings": {
                                "image": {
                                    "url": "https:\/\/templatekits.themewarrior.com\/weddingday\/wp-content\/uploads\/sites\/15\/2021\/01\/braidesmaids-pages.jpg",
                                    "id": "371"
                                },
                                "image_size": "full",
                                "align": "center",
                                "_animation": "fadeInUp"
                            },
                            "elements": [],
                            "isInner": false,
                            "widgetType": "image",
                            "elType": "widget"
                        },
                        {
                            "id": "312cb0f3",
                            "settings": {
                                "structure": "30",
                                "padding": {
                                    "unit": "px",
                                    "top": "90",
                                    "right": "0",
                                    "bottom": "0",
                                    "left": "0",
                                    "isLinked": ""
                                },
                                "padding_tablet": {
                                    "unit": "px",
                                    "top": "50",
                                    "right": "40",
                                    "bottom": "0",
                                    "left": "40",
                                    "isLinked": ""
                                },
                                "padding_mobile": {
                                    "unit": "px",
                                    "top": "0",
                                    "right": "0",
                                    "bottom": "0",
                                    "left": "0",
                                    "isLinked": ""
                                },
                                "animation": "fadeInUp",
                                "content_width": {
                                    "unit": "px",
                                    "size": "670",
                                    "sizes": []
                                }
                            },
                            "elements": [
                                {
                                    "id": "1704f22a",
                                    "settings": {
                                        "_column_size": "33"
                                    },
                                    "elements": [
                                        {
                                            "id": "3a399f5e",
                                            "settings": {
                                                "image": {
                                                    "url": "https:\/\/templatekits.themewarrior.com\/weddingday\/wp-content\/uploads\/sites\/15\/2021\/01\/bridesmaids1.jpg",
                                                    "id": "84"
                                                },
                                                "title_text": "Marin",
                                                "description_text": "Bridesmaids",
                                                "image_space": {
                                                    "unit": "px",
                                                    "size": "26",
                                                    "sizes": []
                                                },
                                                "image_size": {
                                                    "unit": "%",
                                                    "size": "100",
                                                    "sizes": []
                                                },
                                                "image_border_radius": {
                                                    "unit": "px",
                                                    "size": "80",
                                                    "sizes": []
                                                },
                                                "text_align": "center",
                                                "title_bottom_space": {
                                                    "unit": "px",
                                                    "size": "7",
                                                    "sizes": []
                                                },
                                                "title_color": "#757069",
                                                "__globals__": {
                                                    "title_color": "globals\/colors?id=text",
                                                    "title_typography_typography": "globals\/typography?id=efa73b9",
                                                    "description_color": "globals\/colors?id=primary",
                                                    "description_typography_typography": "globals\/typography?id=b1aba8a"
                                                }
                                            },
                                            "elements": [],
                                            "isInner": false,
                                            "widgetType": "image-box",
                                            "elType": "widget"
                                        },
                                        {
                                            "id": "503012f",
                                            "settings": {
                                                "social_icon_list": [
                                                    {
                                                        "social_icon": {
                                                            "value": "fab fa-facebook-f",
                                                            "library": "fa-brands"
                                                        },
                                                        "_id": "1b51730"
                                                    },
                                                    {
                                                        "social_icon": {
                                                            "value": "fab fa-twitter",
                                                            "library": "fa-brands"
                                                        },
                                                        "_id": "2614143"
                                                    },
                                                    {
                                                        "social_icon": {
                                                            "value": "fab fa-instagram",
                                                            "library": "fa-brands"
                                                        },
                                                        "_id": "bf15110"
                                                    }
                                                ],
                                                "icon_color": "custom",
                                                "icon_size": {
                                                    "unit": "px",
                                                    "size": "14",
                                                    "sizes": []
                                                },
                                                "_margin": {
                                                    "unit": "px",
                                                    "top": "0",
                                                    "right": "0",
                                                    "bottom": "0",
                                                    "left": "0",
                                                    "isLinked": "1"
                                                },
                                                "__globals__": {
                                                    "icon_primary_color": "globals\/colors?id=accent",
                                                    "icon_secondary_color": "globals\/colors?id=text"
                                                },
                                                "icon_spacing": {
                                                    "unit": "px",
                                                    "size": "20",
                                                    "sizes": []
                                                }
                                            },
                                            "elements": [],
                                            "isInner": false,
                                            "widgetType": "social-icons",
                                            "elType": "widget"
                                        }
                                    ],
                                    "isInner": "1",
                                    "elType": "column"
                                },
                                {
                                    "id": "69881537",
                                    "settings": {
                                        "_column_size": "33"
                                    },
                                    "elements": [
                                        {
                                            "id": "33cbf074",
                                            "settings": {
                                                "image": {
                                                    "url": "https:\/\/templatekits.themewarrior.com\/weddingday\/wp-content\/uploads\/sites\/15\/2021\/01\/bridesmaids2.jpg",
                                                    "id": "89"
                                                },
                                                "title_text": "Shirlene",
                                                "description_text": "Bridesmaids",
                                                "image_space": {
                                                    "unit": "px",
                                                    "size": "26",
                                                    "sizes": []
                                                },
                                                "image_size": {
                                                    "unit": "%",
                                                    "size": "100",
                                                    "sizes": []
                                                },
                                                "image_border_radius": {
                                                    "unit": "px",
                                                    "size": "80",
                                                    "sizes": []
                                                },
                                                "text_align": "center",
                                                "title_bottom_space": {
                                                    "unit": "px",
                                                    "size": "7",
                                                    "sizes": []
                                                },
                                                "title_color": "#757069",
                                                "__globals__": {
                                                    "title_color": "globals\/colors?id=text",
                                                    "title_typography_typography": "globals\/typography?id=efa73b9",
                                                    "description_color": "globals\/colors?id=primary",
                                                    "description_typography_typography": "globals\/typography?id=b1aba8a"
                                                }
                                            },
                                            "elements": [],
                                            "isInner": false,
                                            "widgetType": "image-box",
                                            "elType": "widget"
                                        },
                                        {
                                            "id": "52279572",
                                            "settings": {
                                                "social_icon_list": [
                                                    {
                                                        "social_icon": {
                                                            "value": "fab fa-facebook-f",
                                                            "library": "fa-brands"
                                                        },
                                                        "_id": "1b51730"
                                                    },
                                                    {
                                                        "social_icon": {
                                                            "value": "fab fa-twitter",
                                                            "library": "fa-brands"
                                                        },
                                                        "_id": "2614143"
                                                    },
                                                    {
                                                        "social_icon": {
                                                            "value": "fab fa-instagram",
                                                            "library": "fa-brands"
                                                        },
                                                        "_id": "bf15110"
                                                    }
                                                ],
                                                "icon_color": "custom",
                                                "icon_size": {
                                                    "unit": "px",
                                                    "size": "14",
                                                    "sizes": []
                                                },
                                                "_margin": {
                                                    "unit": "px",
                                                    "top": "0",
                                                    "right": "0",
                                                    "bottom": "0",
                                                    "left": "0",
                                                    "isLinked": "1"
                                                },
                                                "__globals__": {
                                                    "icon_primary_color": "globals\/colors?id=accent",
                                                    "icon_secondary_color": "globals\/colors?id=text"
                                                },
                                                "icon_spacing": {
                                                    "unit": "px",
                                                    "size": "20",
                                                    "sizes": []
                                                }
                                            },
                                            "elements": [],
                                            "isInner": false,
                                            "widgetType": "social-icons",
                                            "elType": "widget"
                                        }
                                    ],
                                    "isInner": "1",
                                    "elType": "column"
                                },
                                {
                                    "id": "58fd5a44",
                                    "settings": {
                                        "_column_size": "33"
                                    },
                                    "elements": [
                                        {
                                            "id": "77db1a7e",
                                            "settings": {
                                                "image": {
                                                    "url": "https:\/\/templatekits.themewarrior.com\/weddingday\/wp-content\/uploads\/sites\/15\/2021\/01\/bridesmaids3.jpg",
                                                    "id": "88"
                                                },
                                                "title_text": "Lorette",
                                                "description_text": "Bridesmaids",
                                                "image_space": {
                                                    "unit": "px",
                                                    "size": "26",
                                                    "sizes": []
                                                },
                                                "image_size": {
                                                    "unit": "%",
                                                    "size": "100",
                                                    "sizes": []
                                                },
                                                "image_border_radius": {
                                                    "unit": "px",
                                                    "size": "80",
                                                    "sizes": []
                                                },
                                                "text_align": "center",
                                                "title_bottom_space": {
                                                    "unit": "px",
                                                    "size": "7",
                                                    "sizes": []
                                                },
                                                "title_color": "#757069",
                                                "__globals__": {
                                                    "title_color": "globals\/colors?id=text",
                                                    "title_typography_typography": "globals\/typography?id=efa73b9",
                                                    "description_color": "globals\/colors?id=primary",
                                                    "description_typography_typography": "globals\/typography?id=b1aba8a"
                                                }
                                            },
                                            "elements": [],
                                            "isInner": false,
                                            "widgetType": "image-box",
                                            "elType": "widget"
                                        },
                                        {
                                            "id": "3518e662",
                                            "settings": {
                                                "social_icon_list": [
                                                    {
                                                        "social_icon": {
                                                            "value": "fab fa-facebook-f",
                                                            "library": "fa-brands"
                                                        },
                                                        "_id": "1b51730"
                                                    },
                                                    {
                                                        "social_icon": {
                                                            "value": "fab fa-twitter",
                                                            "library": "fa-brands"
                                                        },
                                                        "_id": "2614143"
                                                    },
                                                    {
                                                        "social_icon": {
                                                            "value": "fab fa-instagram",
                                                            "library": "fa-brands"
                                                        },
                                                        "_id": "bf15110"
                                                    }
                                                ],
                                                "icon_color": "custom",
                                                "icon_size": {
                                                    "unit": "px",
                                                    "size": "14",
                                                    "sizes": []
                                                },
                                                "_margin": {
                                                    "unit": "px",
                                                    "top": "0",
                                                    "right": "0",
                                                    "bottom": "0",
                                                    "left": "0",
                                                    "isLinked": "1"
                                                },
                                                "__globals__": {
                                                    "icon_primary_color": "globals\/colors?id=accent",
                                                    "icon_secondary_color": "globals\/colors?id=text"
                                                },
                                                "icon_spacing": {
                                                    "unit": "px",
                                                    "size": "20",
                                                    "sizes": []
                                                }
                                            },
                                            "elements": [],
                                            "isInner": false,
                                            "widgetType": "social-icons",
                                            "elType": "widget"
                                        }
                                    ],
                                    "isInner": "1",
                                    "elType": "column"
                                }
                            ],
                            "isInner": "1",
                            "elType": "section"
                        },
                        {
                            "id": "1347972e",
                            "settings": {
                                "structure": "30",
                                "padding": {
                                    "unit": "px",
                                    "top": "60",
                                    "right": "0",
                                    "bottom": "0",
                                    "left": "0",
                                    "isLinked": ""
                                },
                                "padding_tablet": {
                                    "unit": "px",
                                    "top": "50",
                                    "right": "40",
                                    "bottom": "0",
                                    "left": "40",
                                    "isLinked": ""
                                },
                                "animation": "fadeInUp",
                                "content_width": {
                                    "unit": "px",
                                    "size": "670",
                                    "sizes": []
                                }
                            },
                            "elements": [
                                {
                                    "id": "7a25377e",
                                    "settings": {
                                        "_column_size": "33"
                                    },
                                    "elements": [
                                        {
                                            "id": "4d372954",
                                            "settings": {
                                                "image": {
                                                    "url": "https:\/\/templatekits.themewarrior.com\/weddingday\/wp-content\/uploads\/sites\/15\/2021\/01\/groom1.jpg",
                                                    "id": "87"
                                                },
                                                "title_text": "Mosom",
                                                "description_text": "Groomsmen",
                                                "image_space": {
                                                    "unit": "px",
                                                    "size": "26",
                                                    "sizes": []
                                                },
                                                "image_size": {
                                                    "unit": "%",
                                                    "size": "100",
                                                    "sizes": []
                                                },
                                                "image_border_radius": {
                                                    "unit": "px",
                                                    "size": "80",
                                                    "sizes": []
                                                },
                                                "text_align": "center",
                                                "title_bottom_space": {
                                                    "unit": "px",
                                                    "size": "7",
                                                    "sizes": []
                                                },
                                                "title_color": "#757069",
                                                "__globals__": {
                                                    "title_color": "globals\/colors?id=text",
                                                    "title_typography_typography": "globals\/typography?id=efa73b9",
                                                    "description_color": "globals\/colors?id=primary",
                                                    "description_typography_typography": "globals\/typography?id=b1aba8a"
                                                }
                                            },
                                            "elements": [],
                                            "isInner": false,
                                            "widgetType": "image-box",
                                            "elType": "widget"
                                        },
                                        {
                                            "id": "4deb79d9",
                                            "settings": {
                                                "social_icon_list": [
                                                    {
                                                        "social_icon": {
                                                            "value": "fab fa-facebook-f",
                                                            "library": "fa-brands"
                                                        },
                                                        "_id": "1b51730"
                                                    },
                                                    {
                                                        "social_icon": {
                                                            "value": "fab fa-twitter",
                                                            "library": "fa-brands"
                                                        },
                                                        "_id": "2614143"
                                                    },
                                                    {
                                                        "social_icon": {
                                                            "value": "fab fa-instagram",
                                                            "library": "fa-brands"
                                                        },
                                                        "_id": "bf15110"
                                                    }
                                                ],
                                                "icon_color": "custom",
                                                "icon_size": {
                                                    "unit": "px",
                                                    "size": "14",
                                                    "sizes": []
                                                },
                                                "_margin": {
                                                    "unit": "px",
                                                    "top": "0",
                                                    "right": "0",
                                                    "bottom": "0",
                                                    "left": "0",
                                                    "isLinked": "1"
                                                },
                                                "__globals__": {
                                                    "icon_primary_color": "globals\/colors?id=accent",
                                                    "icon_secondary_color": "globals\/colors?id=text"
                                                },
                                                "icon_spacing": {
                                                    "unit": "px",
                                                    "size": "20",
                                                    "sizes": []
                                                }
                                            },
                                            "elements": [],
                                            "isInner": false,
                                            "widgetType": "social-icons",
                                            "elType": "widget"
                                        }
                                    ],
                                    "isInner": "1",
                                    "elType": "column"
                                },
                                {
                                    "id": "35f91fbf",
                                    "settings": {
                                        "_column_size": "33"
                                    },
                                    "elements": [
                                        {
                                            "id": "73defce9",
                                            "settings": {
                                                "image": {
                                                    "url": "https:\/\/templatekits.themewarrior.com\/weddingday\/wp-content\/uploads\/sites\/15\/2021\/01\/groom2.jpg",
                                                    "id": "86"
                                                },
                                                "title_text": "Eduado",
                                                "description_text": "Groomsmen",
                                                "image_space": {
                                                    "unit": "px",
                                                    "size": "26",
                                                    "sizes": []
                                                },
                                                "image_size": {
                                                    "unit": "%",
                                                    "size": "100",
                                                    "sizes": []
                                                },
                                                "image_border_radius": {
                                                    "unit": "px",
                                                    "size": "80",
                                                    "sizes": []
                                                },
                                                "text_align": "center",
                                                "title_bottom_space": {
                                                    "unit": "px",
                                                    "size": "7",
                                                    "sizes": []
                                                },
                                                "title_color": "#757069",
                                                "__globals__": {
                                                    "title_color": "globals\/colors?id=text",
                                                    "title_typography_typography": "globals\/typography?id=efa73b9",
                                                    "description_color": "globals\/colors?id=primary",
                                                    "description_typography_typography": "globals\/typography?id=b1aba8a"
                                                }
                                            },
                                            "elements": [],
                                            "isInner": false,
                                            "widgetType": "image-box",
                                            "elType": "widget"
                                        },
                                        {
                                            "id": "7accf6ec",
                                            "settings": {
                                                "social_icon_list": [
                                                    {
                                                        "social_icon": {
                                                            "value": "fab fa-facebook-f",
                                                            "library": "fa-brands"
                                                        },
                                                        "_id": "1b51730"
                                                    },
                                                    {
                                                        "social_icon": {
                                                            "value": "fab fa-twitter",
                                                            "library": "fa-brands"
                                                        },
                                                        "_id": "2614143"
                                                    },
                                                    {
                                                        "social_icon": {
                                                            "value": "fab fa-instagram",
                                                            "library": "fa-brands"
                                                        },
                                                        "_id": "bf15110"
                                                    }
                                                ],
                                                "icon_color": "custom",
                                                "icon_size": {
                                                    "unit": "px",
                                                    "size": "14",
                                                    "sizes": []
                                                },
                                                "_margin": {
                                                    "unit": "px",
                                                    "top": "0",
                                                    "right": "0",
                                                    "bottom": "0",
                                                    "left": "0",
                                                    "isLinked": "1"
                                                },
                                                "__globals__": {
                                                    "icon_primary_color": "globals\/colors?id=accent",
                                                    "icon_secondary_color": "globals\/colors?id=text"
                                                },
                                                "icon_spacing": {
                                                    "unit": "px",
                                                    "size": "20",
                                                    "sizes": []
                                                }
                                            },
                                            "elements": [],
                                            "isInner": false,
                                            "widgetType": "social-icons",
                                            "elType": "widget"
                                        }
                                    ],
                                    "isInner": "1",
                                    "elType": "column"
                                },
                                {
                                    "id": "3d22aa5e",
                                    "settings": {
                                        "_column_size": "33"
                                    },
                                    "elements": [
                                        {
                                            "id": "8dd2eaf",
                                            "settings": {
                                                "image": {
                                                    "url": "https:\/\/templatekits.themewarrior.com\/weddingday\/wp-content\/uploads\/sites\/15\/2021\/01\/groom3.jpg",
                                                    "id": "85"
                                                },
                                                "title_text": "Loyd",
                                                "description_text": "Groomsmen",
                                                "image_space": {
                                                    "unit": "px",
                                                    "size": "26",
                                                    "sizes": []
                                                },
                                                "image_size": {
                                                    "unit": "%",
                                                    "size": "100",
                                                    "sizes": []
                                                },
                                                "image_border_radius": {
                                                    "unit": "px",
                                                    "size": "80",
                                                    "sizes": []
                                                },
                                                "text_align": "center",
                                                "title_bottom_space": {
                                                    "unit": "px",
                                                    "size": "7",
                                                    "sizes": []
                                                },
                                                "title_color": "#757069",
                                                "__globals__": {
                                                    "title_color": "globals\/colors?id=text",
                                                    "title_typography_typography": "globals\/typography?id=efa73b9",
                                                    "description_color": "globals\/colors?id=primary",
                                                    "description_typography_typography": "globals\/typography?id=b1aba8a"
                                                }
                                            },
                                            "elements": [],
                                            "isInner": false,
                                            "widgetType": "image-box",
                                            "elType": "widget"
                                        },
                                        {
                                            "id": "512154c2",
                                            "settings": {
                                                "social_icon_list": [
                                                    {
                                                        "social_icon": {
                                                            "value": "fab fa-facebook-f",
                                                            "library": "fa-brands"
                                                        },
                                                        "_id": "1b51730"
                                                    },
                                                    {
                                                        "social_icon": {
                                                            "value": "fab fa-twitter",
                                                            "library": "fa-brands"
                                                        },
                                                        "_id": "2614143"
                                                    },
                                                    {
                                                        "social_icon": {
                                                            "value": "fab fa-instagram",
                                                            "library": "fa-brands"
                                                        },
                                                        "_id": "bf15110"
                                                    }
                                                ],
                                                "icon_color": "custom",
                                                "icon_size": {
                                                    "unit": "px",
                                                    "size": "14",
                                                    "sizes": []
                                                },
                                                "_margin": {
                                                    "unit": "px",
                                                    "top": "0",
                                                    "right": "0",
                                                    "bottom": "0",
                                                    "left": "0",
                                                    "isLinked": "1"
                                                },
                                                "__globals__": {
                                                    "icon_primary_color": "globals\/colors?id=accent",
                                                    "icon_secondary_color": "globals\/colors?id=text"
                                                },
                                                "icon_spacing": {
                                                    "unit": "px",
                                                    "size": "20",
                                                    "sizes": []
                                                }
                                            },
                                            "elements": [],
                                            "isInner": false,
                                            "widgetType": "social-icons",
                                            "elType": "widget"
                                        }
                                    ],
                                    "isInner": "1",
                                    "elType": "column"
                                }
                            ],
                            "isInner": "1",
                            "elType": "section"
                        }
                    ],
                    "isInner": "",
                    "elType": "column"
                }
            ],
            "isInner": "",
            "elType": "section"
        },
        {
            "id": "3ec36a40",
            "settings": {
                "background_background": "classic",
                "background_image": {
                    "url": "https:\/\/templatekits.themewarrior.com\/weddingday\/wp-content\/uploads\/sites\/15\/2021\/01\/bg-quote.png",
                    "id": "251"
                },
                "background_position": "center center",
                "background_repeat": "no-repeat",
                "background_size": "cover",
                "background_overlay_background": "gradient",
                "background_overlay_color": "#1313134D",
                "background_overlay_color_b": "#71706F46",
                "background_overlay_opacity": {
                    "unit": "px",
                    "size": "0.7",
                    "sizes": []
                },
                "padding": {
                    "unit": "px",
                    "top": "143",
                    "right": "0",
                    "bottom": "105",
                    "left": "0",
                    "isLinked": ""
                },
                "__globals__": {
                    "background_overlay_color": "",
                    "background_overlay_color_b": ""
                },
                "overflow": "hidden",
                "background_position_tablet": "center center",
                "background_repeat_tablet": "no-repeat",
                "background_size_tablet": "cover",
                "padding_tablet": {
                    "unit": "px",
                    "top": "50",
                    "right": "30",
                    "bottom": "100",
                    "left": "30",
                    "isLinked": ""
                },
                "padding_mobile": {
                    "unit": "px",
                    "top": "30",
                    "right": "0",
                    "bottom": "40",
                    "left": "0",
                    "isLinked": ""
                },
                "_title": "Section: Qoutes",
                "content_width": {
                    "unit": "px",
                    "size": "920",
                    "sizes": []
                }
            },
            "elements": [
                {
                    "id": "7a347ef5",
                    "settings": {
                        "_column_size": "100"
                    },
                    "elements": [
                        {
                            "id": "18d8805e",
                            "settings": {
                                "editor": "<p>Discere similique in nec, quaeque quaerendum necessitatibus cum ea, expetenda scribentur nam ad. Inani utamur sententiae ne per. Sea ex audiam option, per choro torquatos ut, mea no<\/p>",
                                "align": "center",
                                "__globals__": {
                                    "text_color": "globals\/colors?id=accent",
                                    "typography_typography": "globals\/typography?id=d965e7d"
                                },
                                "_animation": "fadeInDown"
                            },
                            "elements": [],
                            "isInner": false,
                            "widgetType": "text-editor",
                            "elType": "widget"
                        },
                        {
                            "id": "265998b7",
                            "settings": {
                                "image": {
                                    "url": "https:\/\/templatekits.themewarrior.com\/weddingday\/wp-content\/uploads\/sites\/15\/2021\/01\/devider-2.png",
                                    "id": "60"
                                },
                                "align": "center",
                                "_padding": {
                                    "unit": "px",
                                    "top": "10",
                                    "right": "0",
                                    "bottom": "40",
                                    "left": "0",
                                    "isLinked": ""
                                },
                                "_padding_mobile": {
                                    "unit": "px",
                                    "top": "0",
                                    "right": "0",
                                    "bottom": "0",
                                    "left": "0",
                                    "isLinked": ""
                                }
                            },
                            "elements": [],
                            "isInner": false,
                            "widgetType": "image",
                            "elType": "widget"
                        },
                        {
                            "id": "7bcdfd8a",
                            "settings": {
                                "title": "Valerie Alford",
                                "header_size": "p",
                                "align": "center",
                                "title_color": "#FFFFFF",
                                "__globals__": {
                                    "title_color": "globals\/colors?id=accent",
                                    "typography_typography": "globals\/typography?id=b03acb8"
                                }
                            },
                            "elements": [],
                            "isInner": false,
                            "widgetType": "heading",
                            "elType": "widget"
                        }
                    ],
                    "isInner": "",
                    "elType": "column"
                }
            ],
            "isInner": "",
            "elType": "section"
        }
    ]
}