{
    "version": "0.4",
    "title": "Coming soon",
    "type": "page",
    "metadata": {
        "template_type": "single-page",
        "include_in_zip": "1",
        "elementor_pro_required": "1",
        "wp_page_template": "elementor_canvas"
    },
    "content": [
        {
            "id": "1b15ef50",
            "settings": {
                "height": "full",
                "background_background": "classic",
                "background_image": {
                    "url": "https:\/\/templatekits.themewarrior.com\/weddingday\/wp-content\/uploads\/sites\/15\/2021\/01\/bg-hero-home.jpg",
                    "id": "349"
                },
                "background_overlay_background": "gradient",
                "background_overlay_color": "#D18B494D",
                "background_overlay_color_b": "#D2442543",
                "background_overlay_opacity": {
                    "unit": "px",
                    "size": "0.7",
                    "sizes": []
                },
                "__globals__": {
                    "background_overlay_color": ""
                },
                "overflow": "hidden",
                "background_position_tablet": "center center",
                "background_position_mobile": "center center",
                "background_repeat_tablet": "no-repeat",
                "background_repeat_mobile": "no-repeat",
                "background_size_tablet": "cover",
                "background_size_mobile": "cover",
                "padding_mobile": {
                    "unit": "px",
                    "top": "90",
                    "right": "0",
                    "bottom": "200",
                    "left": "0",
                    "isLinked": ""
                },
                "_title": "Section: Comingsoon",
                "gap": "no",
                "column_position": "top",
                "background_repeat": "no-repeat",
                "background_size": "cover",
                "padding": {
                    "unit": "px",
                    "top": "30",
                    "right": "0",
                    "bottom": "30",
                    "left": "0",
                    "isLinked": ""
                },
                "padding_tablet": {
                    "unit": "px",
                    "top": "30",
                    "right": "20",
                    "bottom": "30",
                    "left": "20",
                    "isLinked": ""
                },
                "content_width": {
                    "unit": "px",
                    "size": "1440",
                    "sizes": []
                }
            },
            "elements": [
                {
                    "id": "36f771e3",
                    "settings": {
                        "_column_size": "100"
                    },
                    "elements": [
                        {
                            "id": "51671ef0",
                            "settings": {
                                "image": {
                                    "url": "https:\/\/templatekits.themewarrior.com\/weddingday\/wp-content\/uploads\/sites\/15\/2021\/02\/WeddingKitWhite.png",
                                    "id": "846"
                                },
                                "align": "center",
                                "_padding": {
                                    "unit": "px",
                                    "top": "0",
                                    "right": "0",
                                    "bottom": "50",
                                    "left": "0",
                                    "isLinked": ""
                                }
                            },
                            "elements": [],
                            "isInner": false,
                            "widgetType": "image",
                            "elType": "widget"
                        },
                        {
                            "id": "78816cfb",
                            "settings": {
                                "title": "Our Wedding Site Is Coming",
                                "header_size": "h3",
                                "align": "center",
                                "title_color": "#FFFFFF",
                                "__globals__": {
                                    "typography_typography": "globals\/typography?id=c914858",
                                    "title_color": "globals\/colors?id=accent"
                                },
                                "_animation": "fadeInUp"
                            },
                            "elements": [],
                            "isInner": false,
                            "widgetType": "heading",
                            "elType": "widget"
                        },
                        {
                            "id": "4083e7d5",
                            "settings": {
                                "title": "Getting Married Soon",
                                "header_size": "h1",
                                "align": "center",
                                "title_color": "#FFFFFF",
                                "__globals__": {
                                    "title_color": "globals\/colors?id=accent",
                                    "typography_typography": "globals\/typography?id=4f56adb"
                                },
                                "_animation": "zoomInUp"
                            },
                            "elements": [],
                            "isInner": false,
                            "widgetType": "heading",
                            "elType": "widget"
                        },
                        {
                            "id": "5a567e9f",
                            "settings": {
                                "image": {
                                    "url": "https:\/\/templatekits.themewarrior.com\/weddingday\/wp-content\/uploads\/sites\/15\/2021\/01\/devider-2.png",
                                    "id": "60"
                                },
                                "align": "center"
                            },
                            "elements": [],
                            "isInner": false,
                            "widgetType": "image",
                            "elType": "widget"
                        },
                        {
                            "id": "6a85caf3",
                            "settings": {
                                "label_days": "Days",
                                "label_hours": "Hours",
                                "label_minutes": "Minutes",
                                "label_seconds": "Seconds",
                                "container_width": {
                                    "unit": "%",
                                    "size": "10",
                                    "sizes": []
                                },
                                "box_border_border": "dashed",
                                "box_border_width": {
                                    "unit": "px",
                                    "top": "1",
                                    "right": "1",
                                    "bottom": "1",
                                    "left": "1",
                                    "isLinked": "1"
                                },
                                "box_border_color": "#75706929",
                                "box_spacing": {
                                    "unit": "px",
                                    "size": "54",
                                    "sizes": []
                                },
                                "box_padding": {
                                    "unit": "px",
                                    "top": "40",
                                    "right": "50",
                                    "bottom": "40",
                                    "left": "50",
                                    "isLinked": ""
                                },
                                "digits_color": "#757069",
                                "digits_typography_typography": "custom",
                                "digits_typography_font_family": "Josefin Sans",
                                "digits_typography_font_size": {
                                    "unit": "px",
                                    "size": "60",
                                    "sizes": []
                                },
                                "digits_typography_font_weight": "400",
                                "digits_typography_line_height": {
                                    "unit": "px",
                                    "size": "70",
                                    "sizes": []
                                },
                                "label_color": "#757069",
                                "label_typography_typography": "custom",
                                "label_typography_font_family": "Josefin Sans",
                                "label_typography_font_size": {
                                    "unit": "px",
                                    "size": "12",
                                    "sizes": []
                                },
                                "label_typography_font_weight": "700",
                                "label_typography_text_transform": "uppercase",
                                "label_typography_line_height": {
                                    "unit": "px",
                                    "size": "14",
                                    "sizes": []
                                },
                                "label_typography_letter_spacing": {
                                    "unit": "px",
                                    "size": "1",
                                    "sizes": []
                                },
                                "_padding": {
                                    "unit": "px",
                                    "top": "40",
                                    "right": "0",
                                    "bottom": "0",
                                    "left": "0",
                                    "isLinked": ""
                                },
                                "__globals__": {
                                    "box_background_color": "globals\/colors?id=accent",
                                    "digits_color": "globals\/colors?id=text",
                                    "label_color": "globals\/colors?id=text",
                                    "label_typography_typography": "",
                                    "box_border_color": ""
                                },
                                "container_width_tablet": {
                                    "unit": "px",
                                    "size": "600",
                                    "sizes": []
                                },
                                "container_width_mobile": {
                                    "unit": "px",
                                    "size": "0",
                                    "sizes": []
                                },
                                "box_spacing_tablet": {
                                    "unit": "px",
                                    "size": "20",
                                    "sizes": []
                                },
                                "box_spacing_mobile": {
                                    "unit": "px",
                                    "size": "7",
                                    "sizes": []
                                },
                                "box_padding_tablet": {
                                    "unit": "px",
                                    "top": "30",
                                    "right": "0",
                                    "bottom": "30",
                                    "left": "0",
                                    "isLinked": ""
                                },
                                "box_padding_mobile": {
                                    "unit": "px",
                                    "top": "10",
                                    "right": "15",
                                    "bottom": "10",
                                    "left": "15",
                                    "isLinked": ""
                                },
                                "digits_typography_font_size_mobile": {
                                    "unit": "px",
                                    "size": "40",
                                    "sizes": []
                                },
                                "label_typography_font_size_mobile": {
                                    "unit": "px",
                                    "size": "10",
                                    "sizes": []
                                },
                                "_padding_tablet": {
                                    "unit": "px",
                                    "top": "0",
                                    "right": "0",
                                    "bottom": "30",
                                    "left": "0",
                                    "isLinked": ""
                                },
                                "_animation": "fadeInUp",
                                "due_date": "2021-02-19 22:39",
                                "digits_typography_line_height_mobile": {
                                    "unit": "px",
                                    "size": "40",
                                    "sizes": []
                                },
                                "label_typography_font_style": "normal",
                                "label_typography_letter_spacing_mobile": {
                                    "unit": "px",
                                    "size": "0",
                                    "sizes": []
                                }
                            },
                            "elements": [],
                            "isInner": false,
                            "widgetType": "countdown",
                            "elType": "widget"
                        }
                    ],
                    "isInner": "",
                    "elType": "column"
                }
            ],
            "isInner": "",
            "elType": "section"
        }
    ]
}