{
    "version": "0.4",
    "title": "Contact",
    "type": "page",
    "metadata": {
        "template_type": "single-page",
        "include_in_zip": "1",
        "elementor_pro_required": "1",
        "wp_page_template": "elementor_header_footer"
    },
    "content": [
        {
            "id": "2d7e5aea",
            "settings": {
                "gap": "no",
                "overflow": "hidden",
                "background_background": "classic",
                "background_image": {
                    "url": "https:\/\/templatekits.themewarrior.com\/weddingday\/wp-content\/uploads\/sites\/15\/2021\/01\/hero-gallery.png",
                    "id": "234"
                },
                "background_xpos": {
                    "unit": "px",
                    "size": "-430",
                    "sizes": []
                },
                "background_repeat": "no-repeat",
                "background_bg_width": {
                    "unit": "px",
                    "size": "1",
                    "sizes": []
                },
                "background_overlay_background": "classic",
                "background_overlay_opacity": {
                    "unit": "px",
                    "size": "0.2",
                    "sizes": []
                },
                "padding": {
                    "unit": "px",
                    "top": "0",
                    "right": "0",
                    "bottom": "0",
                    "left": "0",
                    "isLinked": ""
                },
                "padding_tablet": {
                    "unit": "px",
                    "top": "0",
                    "right": "0",
                    "bottom": "0",
                    "left": "0",
                    "isLinked": ""
                },
                "__globals__": {
                    "background_overlay_color": "globals\/colors?id=42580d6"
                },
                "_title": "Section: Hero Contact",
                "height": "min-height",
                "custom_height": {
                    "unit": "px",
                    "size": "250",
                    "sizes": []
                },
                "custom_height_tablet": {
                    "unit": "px",
                    "size": "250",
                    "sizes": []
                },
                "custom_height_mobile": {
                    "unit": "px",
                    "size": "100",
                    "sizes": []
                },
                "padding_mobile": {
                    "unit": "px",
                    "top": "0",
                    "right": "0",
                    "bottom": "0",
                    "left": "0",
                    "isLinked": ""
                }
            },
            "elements": [
                {
                    "id": "31e43ae7",
                    "settings": {
                        "_column_size": "100"
                    },
                    "elements": [],
                    "isInner": "",
                    "elType": "column"
                }
            ],
            "isInner": "",
            "elType": "section"
        },
        {
            "id": "79da2966",
            "settings": {
                "background_image": {
                    "url": "https:\/\/templatekits.themewarrior.com\/weddingday\/wp-content\/uploads\/sites\/15\/2021\/01\/hero-home.jpg",
                    "id": "34"
                },
                "background_overlay_color": "#D24425",
                "background_overlay_color_b": "#D18B49",
                "background_overlay_gradient_angle": {
                    "unit": "deg",
                    "size": "0",
                    "sizes": []
                },
                "background_overlay_opacity": {
                    "unit": "px",
                    "size": "0.24",
                    "sizes": []
                },
                "__globals__": {
                    "background_overlay_color": ""
                },
                "overflow": "hidden",
                "background_position_tablet": "center center",
                "background_position_mobile": "center center",
                "background_repeat_tablet": "no-repeat",
                "background_repeat_mobile": "no-repeat",
                "background_size_tablet": "cover",
                "background_size_mobile": "cover",
                "padding_mobile": {
                    "unit": "px",
                    "top": "0",
                    "right": "0",
                    "bottom": "0",
                    "left": "0",
                    "isLinked": ""
                },
                "_title": "Section: Contact",
                "custom_height": {
                    "unit": "px",
                    "size": "900",
                    "sizes": []
                },
                "background_repeat": "no-repeat",
                "background_size": "cover",
                "margin": {
                    "unit": "px",
                    "top": "-150",
                    "right": "0",
                    "bottom": "0",
                    "left": "0",
                    "isLinked": ""
                },
                "margin_mobile": {
                    "unit": "px",
                    "top": "-50",
                    "right": "0",
                    "bottom": "0",
                    "left": "0",
                    "isLinked": ""
                },
                "padding": {
                    "unit": "px",
                    "top": "0",
                    "right": "0",
                    "bottom": "0",
                    "left": "0",
                    "isLinked": ""
                },
                "padding_tablet": {
                    "unit": "px",
                    "top": "0",
                    "right": "50",
                    "bottom": "0",
                    "left": "50",
                    "isLinked": ""
                },
                "content_width": {
                    "unit": "px",
                    "size": "1110",
                    "sizes": []
                }
            },
            "elements": [
                {
                    "id": "5dd1445a",
                    "settings": {
                        "_column_size": "100",
                        "background_background": "classic",
                        "background_image": {
                            "url": "https:\/\/templatekits.themewarrior.com\/weddingday\/wp-content\/uploads\/sites\/15\/2021\/01\/bg-hero-home.jpg",
                            "id": "349"
                        },
                        "background_position": "center center",
                        "background_xpos": {
                            "unit": "px",
                            "size": "-389",
                            "sizes": []
                        },
                        "background_repeat": "no-repeat",
                        "background_size": "cover",
                        "background_overlay_background": "gradient",
                        "background_overlay_color": "#D18B494D",
                        "background_overlay_color_b": "#D2442543",
                        "background_overlay_opacity": {
                            "unit": "px",
                            "size": "0.7",
                            "sizes": []
                        },
                        "padding": {
                            "unit": "px",
                            "top": "144",
                            "right": "180",
                            "bottom": "260",
                            "left": "180",
                            "isLinked": ""
                        },
                        "padding_tablet": {
                            "unit": "px",
                            "top": "80",
                            "right": "0",
                            "bottom": "100",
                            "left": "0",
                            "isLinked": ""
                        },
                        "padding_mobile": {
                            "unit": "px",
                            "top": "70",
                            "right": "10",
                            "bottom": "100",
                            "left": "10",
                            "isLinked": ""
                        }
                    },
                    "elements": [
                        {
                            "id": "2b7308be",
                            "settings": {
                                "title": "THE WEDDING OF",
                                "header_size": "h3",
                                "align": "center",
                                "title_color": "#FFFFFF",
                                "__globals__": {
                                    "typography_typography": "globals\/typography?id=c914858",
                                    "title_color": "globals\/colors?id=accent"
                                },
                                "_animation": "fadeInUp"
                            },
                            "elements": [],
                            "isInner": false,
                            "widgetType": "heading",
                            "elType": "widget"
                        },
                        {
                            "id": "5cdabb9d",
                            "settings": {
                                "title": "John &amp; Julia",
                                "header_size": "h1",
                                "align": "center",
                                "title_color": "#FFFFFF",
                                "__globals__": {
                                    "title_color": "globals\/colors?id=accent",
                                    "typography_typography": "globals\/typography?id=4f56adb"
                                },
                                "_animation": "zoomInUp"
                            },
                            "elements": [],
                            "isInner": false,
                            "widgetType": "heading",
                            "elType": "widget"
                        },
                        {
                            "id": "7d0c8816",
                            "settings": {
                                "image": {
                                    "url": "https:\/\/templatekits.themewarrior.com\/weddingday\/wp-content\/uploads\/sites\/15\/2021\/01\/devider-2.png",
                                    "id": "60"
                                },
                                "align": "center",
                                "_padding": {
                                    "unit": "px",
                                    "top": "30",
                                    "right": "0",
                                    "bottom": "30",
                                    "left": "0",
                                    "isLinked": ""
                                },
                                "_padding_tablet": {
                                    "unit": "px",
                                    "top": "0",
                                    "right": "0",
                                    "bottom": "0",
                                    "left": "0",
                                    "isLinked": ""
                                }
                            },
                            "elements": [],
                            "isInner": false,
                            "widgetType": "image",
                            "elType": "widget"
                        },
                        {
                            "id": "7d5023b4",
                            "settings": {
                                "editor": "<p>Discere similique in nec, quaeque quaerendum necessitatibus cum<\/p>",
                                "align": "center",
                                "__globals__": {
                                    "text_color": "globals\/colors?id=accent",
                                    "typography_typography": "globals\/typography?id=998a612"
                                },
                                "_padding": {
                                    "unit": "px",
                                    "top": "0",
                                    "right": "0",
                                    "bottom": "30",
                                    "left": "0",
                                    "isLinked": ""
                                },
                                "_padding_tablet": {
                                    "unit": "px",
                                    "top": "0",
                                    "right": "0",
                                    "bottom": "0",
                                    "left": "0",
                                    "isLinked": ""
                                }
                            },
                            "elements": [],
                            "isInner": false,
                            "widgetType": "text-editor",
                            "elType": "widget"
                        },
                        {
                            "id": "67e50e58",
                            "settings": {
                                "title": "15 JANUARY 2021",
                                "header_size": "h3",
                                "align": "center",
                                "title_color": "#FFD493",
                                "__globals__": {
                                    "typography_typography": "globals\/typography?id=194fd3b",
                                    "title_color": "globals\/colors?id=42580d6"
                                },
                                "_animation": "fadeInUp"
                            },
                            "elements": [],
                            "isInner": false,
                            "widgetType": "heading",
                            "elType": "widget"
                        }
                    ],
                    "isInner": "",
                    "elType": "column"
                }
            ],
            "isInner": "",
            "elType": "section"
        },
        {
            "id": "4a47b944",
            "settings": {
                "gap": "no",
                "background_image": {
                    "url": "https:\/\/templatekits.themewarrior.com\/weddingday\/wp-content\/uploads\/sites\/15\/2021\/01\/bg-ornamen.png",
                    "id": "116"
                },
                "background_repeat": "no-repeat",
                "background_overlay_opacity": {
                    "unit": "px",
                    "size": "0.2",
                    "sizes": []
                },
                "padding": {
                    "unit": "px",
                    "top": "0",
                    "right": "0",
                    "bottom": "0",
                    "left": "0",
                    "isLinked": ""
                },
                "__globals__": {
                    "background_overlay_color": "globals\/colors?id=42580d6"
                },
                "background_size": "cover",
                "background_repeat_tablet": "no-repeat",
                "margin_mobile": {
                    "unit": "px",
                    "top": "0",
                    "right": "0",
                    "bottom": "0",
                    "left": "0",
                    "isLinked": ""
                },
                "padding_tablet": {
                    "unit": "px",
                    "top": "0",
                    "right": "100",
                    "bottom": "0",
                    "left": "100",
                    "isLinked": ""
                },
                "padding_mobile": {
                    "unit": "px",
                    "top": "0",
                    "right": "0",
                    "bottom": "30",
                    "left": "0",
                    "isLinked": ""
                },
                "_title": "Section:\u00a0 Form",
                "margin": {
                    "unit": "px",
                    "top": "0",
                    "right": "0",
                    "bottom": "-40",
                    "left": "0",
                    "isLinked": ""
                },
                "margin_tablet": {
                    "unit": "px",
                    "top": "0",
                    "right": "0",
                    "bottom": "-20",
                    "left": "0",
                    "isLinked": ""
                },
                "content_width": {
                    "unit": "px",
                    "size": "730",
                    "sizes": []
                }
            },
            "elements": [
                {
                    "id": "6a729ba2",
                    "settings": {
                        "_column_size": "100",
                        "z_index": "1"
                    },
                    "elements": [
                        {
                            "id": "4e26a0a4",
                            "settings": {
                                "background_background": "classic",
                                "padding": {
                                    "unit": "px",
                                    "top": "57",
                                    "right": "65",
                                    "bottom": "46",
                                    "left": "65",
                                    "isLinked": ""
                                },
                                "__globals__": {
                                    "background_color": "globals\/colors?id=accent"
                                },
                                "box_shadow_box_shadow_type": "yes",
                                "box_shadow_box_shadow": {
                                    "horizontal": "0",
                                    "vertical": "40",
                                    "blur": "100",
                                    "spread": "0",
                                    "color": "rgba(162, 156, 148, 0.4)"
                                },
                                "margin": {
                                    "unit": "px",
                                    "top": "-100",
                                    "right": "0",
                                    "bottom": "0",
                                    "left": "0",
                                    "isLinked": ""
                                },
                                "overflow": "hidden",
                                "margin_mobile": {
                                    "unit": "px",
                                    "top": "0",
                                    "right": "0",
                                    "bottom": "0",
                                    "left": "0",
                                    "isLinked": ""
                                },
                                "padding_tablet": {
                                    "unit": "px",
                                    "top": "30",
                                    "right": "20",
                                    "bottom": "35",
                                    "left": "20",
                                    "isLinked": ""
                                },
                                "padding_mobile": {
                                    "unit": "px",
                                    "top": "30",
                                    "right": "0",
                                    "bottom": "30",
                                    "left": "0",
                                    "isLinked": ""
                                },
                                "animation": "fadeInUp",
                                "margin_tablet": {
                                    "unit": "px",
                                    "top": "-70",
                                    "right": "0",
                                    "bottom": "0",
                                    "left": "0",
                                    "isLinked": ""
                                },
                                "content_width": {
                                    "unit": "px",
                                    "size": "730",
                                    "sizes": []
                                }
                            },
                            "elements": [
                                {
                                    "id": "690f9dc1",
                                    "settings": {
                                        "_column_size": "100"
                                    },
                                    "elements": [
                                        {
                                            "id": "1b11543c",
                                            "settings": {
                                                "title": "Your're Invited",
                                                "align": "center",
                                                "__globals__": {
                                                    "title_color": "globals\/colors?id=secondary",
                                                    "typography_typography": "globals\/typography?id=f3c117f"
                                                }
                                            },
                                            "elements": [],
                                            "isInner": false,
                                            "widgetType": "heading",
                                            "elType": "widget"
                                        },
                                        {
                                            "id": "5b75731e",
                                            "settings": {
                                                "image": {
                                                    "url": "https:\/\/templatekits.themewarrior.com\/weddingday\/wp-content\/uploads\/sites\/15\/2021\/01\/devider-1.png",
                                                    "id": "40"
                                                },
                                                "align": "center",
                                                "width": {
                                                    "unit": "px",
                                                    "size": "175",
                                                    "sizes": []
                                                },
                                                "_padding": {
                                                    "unit": "px",
                                                    "top": "0",
                                                    "right": "0",
                                                    "bottom": "40",
                                                    "left": "0",
                                                    "isLinked": ""
                                                },
                                                "_padding_mobile": {
                                                    "unit": "px",
                                                    "top": "0",
                                                    "right": "0",
                                                    "bottom": "0",
                                                    "left": "0",
                                                    "isLinked": ""
                                                }
                                            },
                                            "elements": [],
                                            "isInner": false,
                                            "widgetType": "image",
                                            "elType": "widget"
                                        },
                                        {
                                            "id": "5ea00909",
                                            "settings": {
                                                "editor": "<p>Discere similique in nec, quaeque quaerendum necessitatibus<\/p>",
                                                "align": "center",
                                                "__globals__": {
                                                    "typography_typography": "globals\/typography?id=998a612"
                                                }
                                            },
                                            "elements": [],
                                            "isInner": false,
                                            "widgetType": "text-editor",
                                            "elType": "widget"
                                        },
                                        {
                                            "id": "30b94a98",
                                            "settings": {
                                                "form_name": "Invitation",
                                                "form_fields": [
                                                    {
                                                        "custom_id": "name",
                                                        "field_label": "Name",
                                                        "placeholder": "Your Name",
                                                        "width": "50",
                                                        "_id": "c815a59"
                                                    },
                                                    {
                                                        "custom_id": "email",
                                                        "field_type": "email",
                                                        "required": "true",
                                                        "field_label": "Email",
                                                        "placeholder": "Your Email",
                                                        "width": "50",
                                                        "_id": "67c5c41"
                                                    },
                                                    {
                                                        "_id": "5c50c02",
                                                        "field_type": "select",
                                                        "width": "50",
                                                        "custom_id": "field_5c50c02",
                                                        "field_label": "Guest",
                                                        "field_options": "1 Guest\n2 Guest"
                                                    },
                                                    {
                                                        "field_type": "select",
                                                        "width": "50",
                                                        "custom_id": "field_60785c2",
                                                        "_id": "60785c2",
                                                        "field_label": "Option",
                                                        "field_options": "Sorry, I Can\u2019t Come"
                                                    },
                                                    {
                                                        "custom_id": "message",
                                                        "field_type": "textarea",
                                                        "field_label": "Message",
                                                        "placeholder": "Write something to the couple...",
                                                        "_id": "2f1b0d0"
                                                    }
                                                ],
                                                "show_labels": "",
                                                "step_next_label": "Next",
                                                "step_previous_label": "Previous",
                                                "button_text": "Attend",
                                                "email_content": "[all-fields]",
                                                "email_content_2": "[all-fields]",
                                                "success_message": "The form was sent successfully.",
                                                "error_message": "An error occurred.",
                                                "required_field_message": "This field is required.",
                                                "invalid_message": "There's something wrong. The form is invalid.",
                                                "button_width": "",
                                                "button_align": "center",
                                                "column_gap": {
                                                    "unit": "px",
                                                    "size": "30",
                                                    "sizes": []
                                                },
                                                "row_gap": {
                                                    "unit": "px",
                                                    "size": "30",
                                                    "sizes": []
                                                },
                                                "button_border_radius": {
                                                    "unit": "px",
                                                    "top": "0",
                                                    "right": "0",
                                                    "bottom": "0",
                                                    "left": "0",
                                                    "isLinked": "1"
                                                },
                                                "__globals__": {
                                                    "button_background_color": "globals\/colors?id=primary"
                                                }
                                            },
                                            "elements": [],
                                            "isInner": false,
                                            "widgetType": "form",
                                            "elType": "widget"
                                        }
                                    ],
                                    "isInner": "1",
                                    "elType": "column"
                                }
                            ],
                            "isInner": "1",
                            "elType": "section"
                        }
                    ],
                    "isInner": "",
                    "elType": "column"
                }
            ],
            "isInner": "",
            "elType": "section"
        }
    ]
}