{
    "version": "0.4",
    "title": "FAQ",
    "type": "page",
    "metadata": {
        "template_type": "single-page",
        "include_in_zip": "1",
        "elementor_pro_required": "1",
        "wp_page_template": "elementor_header_footer"
    },
    "content": [
        {
            "id": "3b8612f",
            "settings": {
                "gap": "no",
                "overflow": "hidden",
                "background_background": "classic",
                "background_image": {
                    "url": "https:\/\/templatekits.themewarrior.com\/weddingday\/wp-content\/uploads\/sites\/15\/2021\/01\/bg-hero-invit.png",
                    "id": "233"
                },
                "background_ypos": {
                    "unit": "px",
                    "size": "-66",
                    "sizes": []
                },
                "background_repeat": "no-repeat",
                "background_overlay_background": "classic",
                "background_overlay_opacity": {
                    "unit": "px",
                    "size": "0.2",
                    "sizes": []
                },
                "padding": {
                    "unit": "px",
                    "top": "107",
                    "right": "0",
                    "bottom": "135",
                    "left": "0",
                    "isLinked": ""
                },
                "padding_tablet": {
                    "unit": "px",
                    "top": "50",
                    "right": "0",
                    "bottom": "100",
                    "left": "0",
                    "isLinked": ""
                },
                "__globals__": {
                    "background_overlay_color": "globals\/colors?id=42580d6"
                },
                "_title": "Section: Hero FAQ",
                "padding_mobile": {
                    "unit": "px",
                    "top": "50",
                    "right": "0",
                    "bottom": "50",
                    "left": "0",
                    "isLinked": ""
                },
                "content_width": {
                    "unit": "px",
                    "size": "1440",
                    "sizes": []
                }
            },
            "elements": [
                {
                    "id": "282b9999",
                    "settings": {
                        "_column_size": "100"
                    },
                    "elements": [
                        {
                            "id": "28097dcd",
                            "settings": {
                                "title": "F.A.Q",
                                "align": "center",
                                "__globals__": {
                                    "title_color": "globals\/colors?id=secondary",
                                    "typography_typography": "globals\/typography?id=f3c117f"
                                },
                                "header_size": "h1",
                                "_animation": "zoomInUp"
                            },
                            "elements": [],
                            "isInner": false,
                            "widgetType": "heading",
                            "elType": "widget"
                        },
                        {
                            "id": "1bca395",
                            "settings": {
                                "image": {
                                    "url": "https:\/\/templatekits.themewarrior.com\/weddingday\/wp-content\/uploads\/sites\/15\/2021\/01\/devider-1.png",
                                    "id": "40"
                                },
                                "align": "center",
                                "width": {
                                    "unit": "px",
                                    "size": "175",
                                    "sizes": []
                                },
                                "_padding": {
                                    "unit": "px",
                                    "top": "0",
                                    "right": "0",
                                    "bottom": "0",
                                    "left": "0",
                                    "isLinked": ""
                                },
                                "_padding_tablet": {
                                    "unit": "px",
                                    "top": "0",
                                    "right": "0",
                                    "bottom": "0",
                                    "left": "0",
                                    "isLinked": ""
                                },
                                "_padding_mobile": {
                                    "unit": "px",
                                    "top": "0",
                                    "right": "0",
                                    "bottom": "0",
                                    "left": "0",
                                    "isLinked": ""
                                }
                            },
                            "elements": [],
                            "isInner": false,
                            "widgetType": "image",
                            "elType": "widget"
                        },
                        {
                            "id": "6733f7fc",
                            "settings": {
                                "content_width": {
                                    "unit": "px",
                                    "size": "540",
                                    "sizes": []
                                },
                                "gap": "no",
                                "_title": "Inner Section"
                            },
                            "elements": [
                                {
                                    "id": "22fce907",
                                    "settings": {
                                        "_column_size": "100",
                                        "_inline_size": ""
                                    },
                                    "elements": [
                                        {
                                            "id": "31986279",
                                            "settings": {
                                                "editor": "<p>Discere similique in nec, quaeque quaerendum necessitatibus<\/p>",
                                                "align": "center",
                                                "__globals__": {
                                                    "typography_typography": "globals\/typography?id=998a612"
                                                },
                                                "_animation": "fadeInUp",
                                                "_padding": {
                                                    "unit": "%",
                                                    "top": "0",
                                                    "right": "0",
                                                    "bottom": "0",
                                                    "left": "0",
                                                    "isLinked": ""
                                                },
                                                "_padding_tablet": {
                                                    "unit": "%",
                                                    "top": "0",
                                                    "right": "25",
                                                    "bottom": "0",
                                                    "left": "25",
                                                    "isLinked": ""
                                                },
                                                "_padding_mobile": {
                                                    "unit": "px",
                                                    "top": "0",
                                                    "right": "0",
                                                    "bottom": "0",
                                                    "left": "0",
                                                    "isLinked": "1"
                                                }
                                            },
                                            "elements": [],
                                            "isInner": false,
                                            "widgetType": "text-editor",
                                            "elType": "widget"
                                        }
                                    ],
                                    "isInner": "1",
                                    "elType": "column"
                                }
                            ],
                            "isInner": "1",
                            "elType": "section"
                        }
                    ],
                    "isInner": "",
                    "elType": "column"
                }
            ],
            "isInner": "",
            "elType": "section"
        },
        {
            "id": "6b84dafe",
            "settings": {
                "gap": "no",
                "structure": "30",
                "_title": "Section: Search &amp; Image",
                "content_width": {
                    "unit": "px",
                    "size": "1440",
                    "sizes": []
                }
            },
            "elements": [
                {
                    "id": "3800660",
                    "settings": {
                        "_column_size": "33",
                        "_inline_size": "25"
                    },
                    "elements": [
                        {
                            "id": "5a18c0fb",
                            "settings": {
                                "image": {
                                    "url": "https:\/\/templatekits.themewarrior.com\/weddingday\/wp-content\/uploads\/sites\/15\/2021\/01\/faq-c12.jpg",
                                    "id": "244"
                                },
                                "image_size": "full",
                                "align": "left",
                                "width_tablet": {
                                    "unit": "px",
                                    "size": "173",
                                    "sizes": []
                                },
                                "_margin": {
                                    "unit": "px",
                                    "top": "-358",
                                    "right": "0",
                                    "bottom": "0",
                                    "left": "0",
                                    "isLinked": ""
                                },
                                "_margin_tablet": {
                                    "unit": "px",
                                    "top": "-240",
                                    "right": "0",
                                    "bottom": "0",
                                    "left": "0",
                                    "isLinked": ""
                                },
                                "_margin_mobile": {
                                    "unit": "px",
                                    "top": "0",
                                    "right": "0",
                                    "bottom": "0",
                                    "left": "0",
                                    "isLinked": ""
                                },
                                "_padding_tablet": {
                                    "unit": "px",
                                    "top": "0",
                                    "right": "0",
                                    "bottom": "0",
                                    "left": "0",
                                    "isLinked": ""
                                },
                                "_animation": "fadeInLeft",
                                "hide_mobile": "hidden-phone"
                            },
                            "elements": [],
                            "isInner": false,
                            "widgetType": "image",
                            "elType": "widget"
                        }
                    ],
                    "isInner": "",
                    "elType": "column"
                },
                {
                    "id": "26910208",
                    "settings": {
                        "_column_size": "33",
                        "_inline_size": "49.664",
                        "background_background": "classic",
                        "__globals__": {
                            "background_color": "globals\/colors?id=accent"
                        }
                    },
                    "elements": [],
                    "isInner": "",
                    "elType": "column"
                },
                {
                    "id": "92f311b",
                    "settings": {
                        "_column_size": "33",
                        "_inline_size": "25"
                    },
                    "elements": [
                        {
                            "id": "4afb40f7",
                            "settings": {
                                "image": {
                                    "url": "https:\/\/templatekits.themewarrior.com\/weddingday\/wp-content\/uploads\/sites\/15\/2021\/01\/faq-c1.jpg",
                                    "id": "243"
                                },
                                "image_size": "full",
                                "align": "right",
                                "width_tablet": {
                                    "unit": "px",
                                    "size": "173",
                                    "sizes": []
                                },
                                "_margin": {
                                    "unit": "px",
                                    "top": "-250",
                                    "right": "-5",
                                    "bottom": "0",
                                    "left": "0",
                                    "isLinked": ""
                                },
                                "_margin_tablet": {
                                    "unit": "px",
                                    "top": "-200",
                                    "right": "-4",
                                    "bottom": "0",
                                    "left": "0",
                                    "isLinked": ""
                                },
                                "_margin_mobile": {
                                    "unit": "px",
                                    "top": "0",
                                    "right": "0",
                                    "bottom": "0",
                                    "left": "0",
                                    "isLinked": ""
                                },
                                "_animation": "fadeInRight",
                                "hide_mobile": "hidden-phone"
                            },
                            "elements": [],
                            "isInner": false,
                            "widgetType": "image",
                            "elType": "widget"
                        }
                    ],
                    "isInner": "",
                    "elType": "column"
                }
            ],
            "isInner": "",
            "elType": "section"
        },
        {
            "id": "3deaa8c0",
            "settings": {
                "padding": {
                    "unit": "px",
                    "top": "0",
                    "right": "0",
                    "bottom": "145",
                    "left": "0",
                    "isLinked": ""
                },
                "padding_tablet": {
                    "unit": "px",
                    "top": "0",
                    "right": "30",
                    "bottom": "050",
                    "left": "30",
                    "isLinked": ""
                },
                "padding_mobile": {
                    "unit": "px",
                    "top": "40",
                    "right": "15",
                    "bottom": "50",
                    "left": "15",
                    "isLinked": ""
                },
                "_title": "Section: Faq Content",
                "content_width": {
                    "unit": "px",
                    "size": "790",
                    "sizes": []
                }
            },
            "elements": [
                {
                    "id": "1d5dfc25",
                    "settings": {
                        "_column_size": "100"
                    },
                    "elements": [
                        {
                            "id": "8b30c24",
                            "settings": {
                                "tabs": [
                                    {
                                        "tab_title": "Aenean massa cum sociis natoque",
                                        "tab_content": "<p>Lorem ipsum dolor sit amet, consectetuer adipiscing elit. Aenean commodo ligula eget dolor. Aenean massa. Cum sociis natoque penatibus et magnis dis parturient montes, nascetur ridiculus mus. Donec quam felis, ultricies nec, pellentesque eu, pretium.<\/p>",
                                        "_id": "8201b5a"
                                    },
                                    {
                                        "tab_title": "Lorem ipsum dolor sit amet",
                                        "tab_content": "<p>Lorem ipsum dolor sit amet, consectetuer adipiscing elit. Aenean commodo ligula eget dolor. Aenean massa. Cum sociis natoque penatibus et magnis dis parturient montes, nascetur ridiculus mus. Donec quam felis, ultricies nec, pellentesque eu, pretium.<\/p>",
                                        "_id": "4f7660d"
                                    },
                                    {
                                        "tab_title": "Nascetur ridiculus mus donec quam felis",
                                        "tab_content": "<p>Lorem ipsum dolor sit amet, consectetuer adipiscing elit. Aenean commodo ligula eget dolor. Aenean massa. Cum sociis natoque penatibus et magnis dis parturient montes, nascetur ridiculus mus. Donec quam felis, ultricies nec, pellentesque eu, pretium.<\/p>",
                                        "_id": "e406268"
                                    },
                                    {
                                        "tab_title": "Integer tincidunt cras dapibus vivamus elementum",
                                        "tab_content": "<p>Lorem ipsum dolor sit amet, consectetuer adipiscing elit. Aenean commodo ligula eget dolor. Aenean massa. Cum sociis natoque penatibus et magnis dis parturient montes, nascetur ridiculus mus. Donec quam felis, ultricies nec, pellentesque eu, pretium.<\/p>",
                                        "_id": "6d08290"
                                    },
                                    {
                                        "tab_title": "Phasellus viverra nulla ut metus varius laoreet",
                                        "tab_content": "<p>Lorem ipsum dolor sit amet, consectetuer adipiscing elit. Aenean commodo ligula eget dolor. Aenean massa. Cum sociis natoque penatibus et magnis dis parturient montes, nascetur ridiculus mus. Donec quam felis, ultricies nec, pellentesque eu, pretium.<\/p>",
                                        "_id": "b808476"
                                    },
                                    {
                                        "tab_title": "Curabitur ullamcorper ultricies nisi",
                                        "tab_content": "<p>Lorem ipsum dolor sit amet, consectetuer adipiscing elit. Aenean commodo ligula eget dolor. Aenean massa. Cum sociis natoque penatibus et magnis dis parturient montes, nascetur ridiculus mus. Donec quam felis, ultricies nec, pellentesque eu, pretium.<\/p>",
                                        "_id": "ba7a367"
                                    },
                                    {
                                        "tab_title": "Nullam quis ante etiam sit amet orci eget eros",
                                        "tab_content": "<p>Lorem ipsum dolor sit amet, consectetuer adipiscing elit. Aenean commodo ligula eget dolor. Aenean massa. Cum sociis natoque penatibus et magnis dis parturient montes, nascetur ridiculus mus. Donec quam felis, ultricies nec, pellentesque eu, pretium.<\/p>",
                                        "_id": "314c31e"
                                    },
                                    {
                                        "tab_title": "Sed fringilla mauris sit amet nibh",
                                        "tab_content": "<p>Lorem ipsum dolor sit amet, consectetuer adipiscing elit. Aenean commodo ligula eget dolor. Aenean massa. Cum sociis natoque penatibus et magnis dis parturient montes, nascetur ridiculus mus. Donec quam felis, ultricies nec, pellentesque eu, pretium.<\/p>",
                                        "_id": "718a584"
                                    }
                                ],
                                "selected_icon": {
                                    "value": "fas fa-angle-down",
                                    "library": "fa-solid"
                                },
                                "selected_active_icon": {
                                    "value": "fas fa-angle-up",
                                    "library": "fa-solid"
                                },
                                "border_width": {
                                    "unit": "px",
                                    "size": "1",
                                    "sizes": []
                                },
                                "space_between": {
                                    "unit": "px",
                                    "size": "20",
                                    "sizes": []
                                },
                                "box_shadow_box_shadow_type": "yes",
                                "box_shadow_box_shadow": {
                                    "horizontal": "0",
                                    "vertical": "5",
                                    "blur": "20",
                                    "spread": "0",
                                    "color": "rgba(162, 156, 148, 0.1)"
                                },
                                "title_color": "#757069",
                                "title_padding": {
                                    "unit": "px",
                                    "top": "35",
                                    "right": "30",
                                    "bottom": "37",
                                    "left": "30",
                                    "isLinked": ""
                                },
                                "icon_align": "right",
                                "content_padding": {
                                    "unit": "px",
                                    "top": "13",
                                    "right": "30",
                                    "bottom": "37",
                                    "left": "30",
                                    "isLinked": ""
                                },
                                "_animation": "fadeInUp",
                                "__globals__": {
                                    "title_color": "globals\/colors?id=text",
                                    "title_typography_typography": "globals\/typography?id=6de21f4",
                                    "tab_active_color": "globals\/colors?id=text",
                                    "content_typography_typography": "globals\/typography?id=998a612"
                                },
                                "border_color": "#EEEEEE"
                            },
                            "elements": [],
                            "isInner": false,
                            "widgetType": "toggle",
                            "elType": "widget"
                        }
                    ],
                    "isInner": "",
                    "elType": "column"
                }
            ],
            "isInner": "",
            "elType": "section"
        }
    ]
}