{
    "version": "0.4",
    "title": "Footer",
    "type": "footer",
    "metadata": {
        "template_type": "section-footer",
        "include_in_zip": "1",
        "elementor_pro_required": "1",
        "elementor_library_type": "footer",
        "elementor_pro_conditions": [
            "include\/general"
        ],
        "additional_template_information": [
            "This is a \"Footer\" template for Elementor Pro.",
            "This template will display on: Entire Site."
        ],
        "wp_page_template": "default"
    },
    "content": [
        {
            "id": "6546dcf9",
            "settings": {
                "gap": "no",
                "background_repeat": "no-repeat",
                "background_overlay_background": "classic",
                "background_overlay_opacity": {
                    "unit": "px",
                    "size": "0.2",
                    "sizes": []
                },
                "padding": {
                    "unit": "px",
                    "top": "133",
                    "right": "0",
                    "bottom": "450",
                    "left": "0",
                    "isLinked": ""
                },
                "__globals__": {
                    "background_overlay_color": "globals\/colors?id=42580d6"
                },
                "background_size": "cover",
                "background_repeat_tablet": "no-repeat",
                "margin_mobile": {
                    "unit": "px",
                    "top": "0",
                    "right": "0",
                    "bottom": "0",
                    "left": "0",
                    "isLinked": ""
                },
                "padding_tablet": {
                    "unit": "px",
                    "top": "20",
                    "right": "100",
                    "bottom": "300",
                    "left": "100",
                    "isLinked": ""
                },
                "padding_mobile": {
                    "unit": "px",
                    "top": "0",
                    "right": "0",
                    "bottom": "0",
                    "left": "0",
                    "isLinked": ""
                },
                "_title": "Section: Bg when where",
                "background_position": "initial",
                "background_xpos": {
                    "unit": "px",
                    "size": "8",
                    "sizes": []
                },
                "background_ypos": {
                    "unit": "px",
                    "size": "-550",
                    "sizes": []
                },
                "background_bg_width": {
                    "unit": "px",
                    "size": "",
                    "sizes": []
                }
            },
            "elements": [
                {
                    "id": "4f9d0113",
                    "settings": {
                        "_column_size": "100",
                        "z_index": "1"
                    },
                    "elements": [],
                    "isInner": "",
                    "elType": "column"
                }
            ],
            "isInner": "",
            "elType": "section"
        },
        {
            "id": "8fd0835",
            "settings": {
                "background_color": "#FFD49336",
                "background_overlay_opacity": {
                    "unit": "px",
                    "size": "0.2",
                    "sizes": []
                },
                "__globals__": {
                    "background_color": "",
                    "background_overlay_color": "globals\/colors?id=42580d6"
                },
                "margin": {
                    "unit": "px",
                    "top": "-480",
                    "right": "0",
                    "bottom": "0",
                    "left": "0",
                    "isLinked": ""
                },
                "padding": {
                    "unit": "px",
                    "top": "0",
                    "right": "0",
                    "bottom": "0",
                    "left": "0",
                    "isLinked": ""
                },
                "margin_tablet": {
                    "unit": "px",
                    "top": "-290",
                    "right": "0",
                    "bottom": "0",
                    "left": "0",
                    "isLinked": ""
                },
                "margin_mobile": {
                    "unit": "px",
                    "top": "0",
                    "right": "0",
                    "bottom": "0",
                    "left": "0",
                    "isLinked": ""
                },
                "padding_tablet": {
                    "unit": "px",
                    "top": "50",
                    "right": "0",
                    "bottom": "0",
                    "left": "0",
                    "isLinked": ""
                },
                "padding_mobile": {
                    "unit": "px",
                    "top": "30",
                    "right": "0",
                    "bottom": "0",
                    "left": "0",
                    "isLinked": ""
                },
                "_title": "Section:\u00a0 Schedule &amp; Location"
            },
            "elements": [
                {
                    "id": "2bc3816b",
                    "settings": {
                        "_column_size": "100",
                        "margin_tablet": {
                            "unit": "px",
                            "top": "0",
                            "right": "0",
                            "bottom": "0",
                            "left": "0",
                            "isLinked": ""
                        },
                        "padding_tablet": {
                            "unit": "px",
                            "top": "0",
                            "right": "0",
                            "bottom": "0",
                            "left": "0",
                            "isLinked": ""
                        }
                    },
                    "elements": [
                        {
                            "id": "52d6a4d4",
                            "settings": {
                                "title": "When &amp; Where",
                                "align": "center",
                                "__globals__": {
                                    "title_color": "globals\/colors?id=secondary",
                                    "typography_typography": "globals\/typography?id=f3c117f"
                                }
                            },
                            "elements": [],
                            "isInner": false,
                            "widgetType": "heading",
                            "elType": "widget"
                        },
                        {
                            "id": "15fd40e7",
                            "settings": {
                                "image": {
                                    "url": "https:\/\/templatekits.themewarrior.com\/weddingday\/wp-content\/uploads\/sites\/15\/2021\/01\/devider-1.png",
                                    "id": "40"
                                },
                                "align": "center",
                                "width": {
                                    "unit": "px",
                                    "size": "175",
                                    "sizes": []
                                },
                                "_padding": {
                                    "unit": "px",
                                    "top": "0",
                                    "right": "0",
                                    "bottom": "40",
                                    "left": "0",
                                    "isLinked": ""
                                },
                                "_padding_mobile": {
                                    "unit": "px",
                                    "top": "0",
                                    "right": "0",
                                    "bottom": "0",
                                    "left": "0",
                                    "isLinked": ""
                                }
                            },
                            "elements": [],
                            "isInner": false,
                            "widgetType": "image",
                            "elType": "widget"
                        },
                        {
                            "id": "6c8a010f",
                            "settings": {
                                "structure": "20",
                                "padding": {
                                    "unit": "px",
                                    "top": "0",
                                    "right": "230",
                                    "bottom": "0",
                                    "left": "230",
                                    "isLinked": ""
                                },
                                "z_index": "1",
                                "margin_tablet": {
                                    "unit": "px",
                                    "top": "-50",
                                    "right": "0",
                                    "bottom": "0",
                                    "left": "0",
                                    "isLinked": ""
                                },
                                "margin_mobile": {
                                    "unit": "px",
                                    "top": "0",
                                    "right": "0",
                                    "bottom": "0",
                                    "left": "0",
                                    "isLinked": ""
                                },
                                "padding_tablet": {
                                    "unit": "px",
                                    "top": "0",
                                    "right": "100",
                                    "bottom": "0",
                                    "left": "100",
                                    "isLinked": ""
                                },
                                "padding_mobile": {
                                    "unit": "px",
                                    "top": "0",
                                    "right": "0",
                                    "bottom": "0",
                                    "left": "0",
                                    "isLinked": ""
                                },
                                "animation": "fadeInUp",
                                "__globals__": {
                                    "background_color": "globals\/colors?id=42580d6"
                                }
                            },
                            "elements": [
                                {
                                    "id": "faeb7f1",
                                    "settings": {
                                        "_column_size": "50",
                                        "background_background": "classic",
                                        "padding": {
                                            "unit": "px",
                                            "top": "40",
                                            "right": "40",
                                            "bottom": "40",
                                            "left": "40",
                                            "isLinked": "1"
                                        },
                                        "__globals__": {
                                            "background_color": "globals\/colors?id=accent"
                                        },
                                        "padding_mobile": {
                                            "unit": "px",
                                            "top": "0",
                                            "right": "30",
                                            "bottom": "0",
                                            "left": "30",
                                            "isLinked": ""
                                        }
                                    },
                                    "elements": [
                                        {
                                            "id": "32ecba7a",
                                            "settings": {
                                                "selected_icon": {
                                                    "value": "fas fa-hand-holding-heart",
                                                    "library": "fa-solid"
                                                },
                                                "title_text": "The Ceremony",
                                                "description_text": "07 January 2021 11 AM - 2 PM\n1021 Hollywood Blvd, Los Angeles\n(021) 345 678",
                                                "primary_color": "#FFD493",
                                                "icon_size": {
                                                    "unit": "px",
                                                    "size": "36",
                                                    "sizes": []
                                                },
                                                "text_align": "center",
                                                "title_color": "#000000",
                                                "title_typography_typography": "custom",
                                                "title_typography_font_family": "Josefin Sans",
                                                "title_typography_font_size": {
                                                    "unit": "px",
                                                    "size": "24",
                                                    "sizes": []
                                                },
                                                "title_typography_font_weight": "600",
                                                "title_typography_font_style": "normal",
                                                "title_typography_line_height": {
                                                    "unit": "px",
                                                    "size": "25",
                                                    "sizes": []
                                                },
                                                "title_typography_letter_spacing": {
                                                    "unit": "px",
                                                    "size": "0",
                                                    "sizes": []
                                                },
                                                "__globals__": {
                                                    "primary_color": "globals\/colors?id=42580d6",
                                                    "title_typography_typography": "globals\/typography?id=46b15d8",
                                                    "title_color": "globals\/colors?id=4670111",
                                                    "description_typography_typography": "globals\/typography?id=8abae28"
                                                },
                                                "title_typography_font_size_mobile": {
                                                    "unit": "px",
                                                    "size": "20",
                                                    "sizes": []
                                                }
                                            },
                                            "elements": [],
                                            "isInner": false,
                                            "widgetType": "icon-box",
                                            "elType": "widget"
                                        }
                                    ],
                                    "isInner": "1",
                                    "elType": "column"
                                },
                                {
                                    "id": "35b11b5e",
                                    "settings": {
                                        "_column_size": "50",
                                        "background_background": "classic",
                                        "padding": {
                                            "unit": "px",
                                            "top": "40",
                                            "right": "40",
                                            "bottom": "40",
                                            "left": "40",
                                            "isLinked": "1"
                                        },
                                        "__globals__": {
                                            "background_color": "globals\/colors?id=accent"
                                        },
                                        "padding_mobile": {
                                            "unit": "px",
                                            "top": "30",
                                            "right": "30",
                                            "bottom": "30",
                                            "left": "30",
                                            "isLinked": ""
                                        }
                                    },
                                    "elements": [
                                        {
                                            "id": "7a7a1b4b",
                                            "settings": {
                                                "selected_icon": {
                                                    "value": "fas fa-heart",
                                                    "library": "fa-solid"
                                                },
                                                "title_text": "The Reception",
                                                "description_text": "08 January 2021 11 AM - 2 PM\n1021 Hollywood Blvd, Los Angeles\n(021) 345 678",
                                                "primary_color": "#FFD493",
                                                "icon_size": {
                                                    "unit": "px",
                                                    "size": "36",
                                                    "sizes": []
                                                },
                                                "text_align": "center",
                                                "title_color": "#000000",
                                                "__globals__": {
                                                    "primary_color": "globals\/colors?id=42580d6",
                                                    "title_typography_typography": "globals\/typography?id=46b15d8",
                                                    "title_color": "globals\/colors?id=4670111",
                                                    "description_typography_typography": "globals\/typography?id=8abae28"
                                                }
                                            },
                                            "elements": [],
                                            "isInner": false,
                                            "widgetType": "icon-box",
                                            "elType": "widget"
                                        }
                                    ],
                                    "isInner": "1",
                                    "elType": "column"
                                }
                            ],
                            "isInner": "1",
                            "elType": "section"
                        },
                        {
                            "id": "ef4b7ad",
                            "settings": {
                                "address": "London Eye, London, United Kingdom",
                                "height": {
                                    "unit": "px",
                                    "size": "450",
                                    "sizes": []
                                },
                                "_margin": {
                                    "unit": "px",
                                    "top": "-225",
                                    "right": "0",
                                    "bottom": "0",
                                    "left": "0",
                                    "isLinked": ""
                                },
                                "_padding": {
                                    "unit": "px",
                                    "top": "0",
                                    "right": "0",
                                    "bottom": "0",
                                    "left": "0",
                                    "isLinked": ""
                                },
                                "_animation": "fadeInUp",
                                "css_filters_css_filter": "custom",
                                "css_filters_saturate": {
                                    "unit": "px",
                                    "size": "0",
                                    "sizes": []
                                }
                            },
                            "elements": [],
                            "isInner": false,
                            "widgetType": "google_maps",
                            "elType": "widget"
                        }
                    ],
                    "isInner": "",
                    "elType": "column"
                }
            ],
            "isInner": "",
            "elType": "section"
        },
        {
            "id": "5d98b81d",
            "settings": {
                "overflow": "hidden",
                "padding": {
                    "unit": "px",
                    "top": "85",
                    "right": "0",
                    "bottom": "78",
                    "left": "0",
                    "isLinked": ""
                },
                "_title": "Section: Footer"
            },
            "elements": [
                {
                    "id": "20cf9b23",
                    "settings": {
                        "_column_size": "100"
                    },
                    "elements": [
                        {
                            "id": "55125ea0",
                            "settings": {
                                "title": "The Wedding Of",
                                "header_size": "h3",
                                "align": "center",
                                "__globals__": {
                                    "title_color": "globals\/colors?id=secondary",
                                    "typography_typography": "globals\/typography?id=c914858"
                                },
                                "title_color": "#8D887C"
                            },
                            "elements": [],
                            "isInner": false,
                            "widgetType": "heading",
                            "elType": "widget"
                        },
                        {
                            "id": "7086430a",
                            "settings": {
                                "title": "John &amp; Julia",
                                "align": "center",
                                "__globals__": {
                                    "title_color": "globals\/colors?id=secondary",
                                    "typography_typography": "globals\/typography?id=f3c117f"
                                },
                                "title_color": "#8D887C"
                            },
                            "elements": [],
                            "isInner": false,
                            "widgetType": "heading",
                            "elType": "widget"
                        },
                        {
                            "id": "705cfff7",
                            "settings": {
                                "image": {
                                    "url": "https:\/\/templatekits.themewarrior.com\/weddingday\/wp-content\/uploads\/sites\/15\/2021\/01\/devider-1.png",
                                    "id": "40"
                                },
                                "align": "center",
                                "width": {
                                    "unit": "px",
                                    "size": "175",
                                    "sizes": []
                                },
                                "_padding": {
                                    "unit": "px",
                                    "top": "20",
                                    "right": "0",
                                    "bottom": "40",
                                    "left": "0",
                                    "isLinked": ""
                                }
                            },
                            "elements": [],
                            "isInner": false,
                            "widgetType": "image",
                            "elType": "widget"
                        },
                        {
                            "id": "bbff3d3",
                            "settings": {
                                "view": "inline",
                                "icon_list": [
                                    {
                                        "text": "Instagram",
                                        "selected_icon": {
                                            "value": "fab fa-instagram",
                                            "library": "fa-brands"
                                        },
                                        "_id": "efe10ae",
                                        "link": {
                                            "url": "#",
                                            "is_external": "",
                                            "nofollow": "",
                                            "custom_attributes": ""
                                        }
                                    },
                                    {
                                        "text": "Facebook",
                                        "selected_icon": {
                                            "value": "fab fa-facebook-f",
                                            "library": "fa-brands"
                                        },
                                        "_id": "1939ff4",
                                        "link": {
                                            "url": "#",
                                            "is_external": "",
                                            "nofollow": "",
                                            "custom_attributes": ""
                                        }
                                    },
                                    {
                                        "text": "Twitter",
                                        "selected_icon": {
                                            "value": "fab fa-twitter",
                                            "library": "fa-brands"
                                        },
                                        "_id": "323f7c4",
                                        "link": {
                                            "url": "#",
                                            "is_external": "",
                                            "nofollow": "",
                                            "custom_attributes": ""
                                        }
                                    },
                                    {
                                        "_id": "fc31653",
                                        "text": "Youtube",
                                        "selected_icon": {
                                            "value": "fab fa-youtube",
                                            "library": "fa-brands"
                                        },
                                        "link": {
                                            "url": "#",
                                            "is_external": "",
                                            "nofollow": "",
                                            "custom_attributes": ""
                                        }
                                    }
                                ],
                                "space_between": {
                                    "unit": "px",
                                    "size": "35",
                                    "sizes": []
                                },
                                "icon_align": "center",
                                "icon_size": {
                                    "unit": "px",
                                    "size": "13",
                                    "sizes": []
                                },
                                "icon_self_align": "center",
                                "__globals__": {
                                    "icon_color": "globals\/colors?id=text",
                                    "text_color": "globals\/colors?id=text"
                                },
                                "space_between_mobile": {
                                    "unit": "px",
                                    "size": "12",
                                    "sizes": []
                                },
                                "icon_align_mobile": "center",
                                "icon_size_mobile": {
                                    "unit": "px",
                                    "size": "12",
                                    "sizes": []
                                },
                                "icon_self_align_mobile": "center",
                                "icon_typography_typography": "custom",
                                "icon_typography_font_family": "Josefin Sans",
                                "icon_typography_font_size": {
                                    "unit": "px",
                                    "size": "16",
                                    "sizes": []
                                },
                                "icon_typography_font_size_mobile": {
                                    "unit": "px",
                                    "size": "12",
                                    "sizes": []
                                },
                                "icon_typography_font_weight": "300",
                                "icon_typography_line_height": {
                                    "unit": "px",
                                    "size": "25",
                                    "sizes": []
                                }
                            },
                            "elements": [],
                            "isInner": false,
                            "widgetType": "icon-list",
                            "elType": "widget"
                        }
                    ],
                    "isInner": "",
                    "elType": "column"
                }
            ],
            "isInner": "",
            "elType": "section"
        },
        {
            "id": "4d32dc09",
            "settings": {
                "layout": "full_width",
                "gap": "no",
                "border_border": "dashed",
                "border_width": {
                    "unit": "px",
                    "top": "1",
                    "right": "0",
                    "bottom": "0",
                    "left": "0",
                    "isLinked": ""
                },
                "border_color": "#75706940",
                "padding": {
                    "unit": "px",
                    "top": "48",
                    "right": "0",
                    "bottom": "40",
                    "left": "0",
                    "isLinked": ""
                },
                "__globals__": {
                    "border_color": ""
                },
                "_title": "Section: Copyright"
            },
            "elements": [
                {
                    "id": "796357e7",
                    "settings": {
                        "_column_size": "100"
                    },
                    "elements": [
                        {
                            "id": "79a3578b",
                            "settings": {
                                "title": "Made with love by John &amp; Julia",
                                "header_size": "div",
                                "align": "center",
                                "title_color": "#757069",
                                "__globals__": {
                                    "title_color": "globals\/colors?id=text",
                                    "typography_typography": "globals\/typography?id=aa9eac0"
                                }
                            },
                            "elements": [],
                            "isInner": false,
                            "widgetType": "heading",
                            "elType": "widget"
                        }
                    ],
                    "isInner": "",
                    "elType": "column"
                }
            ],
            "isInner": "",
            "elType": "section"
        }
    ]
}