{
    "version": "0.4",
    "title": "Global Kit Styles",
    "type": "section",
    "metadata": {
        "template_type": "global-styles",
        "include_in_zip": "1",
        "elementor_pro_required": "1",
        "additional_template_information": [
            "These are the global theme styles configured through the Elementor Theme Styles area."
        ],
        "wp_page_template": "default"
    },
    "content": [],
    "page_settings": {
        "system_colors": [
            {
                "_id": "primary",
                "title": "Primary",
                "color": "#8EB8B1"
            },
            {
                "_id": "secondary",
                "title": "Secondary",
                "color": "#8D887C"
            },
            {
                "_id": "text",
                "title": "Text",
                "color": "#757069"
            },
            {
                "_id": "accent",
                "title": "light",
                "color": "#FFFFFF"
            }
        ],
        "custom_colors": [
            {
                "_id": "42580d6",
                "title": "Tertiary",
                "color": "#FFD493"
            },
            {
                "_id": "4670111",
                "title": "dark",
                "color": "#000000"
            },
            {
                "_id": "aeabff3",
                "title": "body",
                "color": "#6E7075"
            }
        ],
        "system_typography": [
            {
                "_id": "primary",
                "title": "Primary",
                "typography_typography": "custom",
                "typography_font_family": "Great Vibes",
                "typography_font_weight": "600"
            },
            {
                "_id": "secondary",
                "title": "Secondary",
                "typography_typography": "custom",
                "typography_font_family": "Great Vibes",
                "typography_font_weight": "400"
            },
            {
                "_id": "text",
                "title": "Text",
                "typography_typography": "custom",
                "typography_font_family": "Josefin Sans",
                "typography_font_weight": "300",
                "typography_font_size": {
                    "unit": "px",
                    "size": "18",
                    "sizes": []
                },
                "typography_line_height": {
                    "unit": "em",
                    "size": "1.389",
                    "sizes": []
                }
            },
            {
                "_id": "accent",
                "title": "Accent",
                "typography_typography": "custom",
                "typography_font_family": "Josefin Sans",
                "typography_font_weight": "400"
            }
        ],
        "custom_typography": [
            {
                "typography_typography": "custom",
                "typography_font_family": "Josefin Sans",
                "typography_font_weight": "600",
                "typography_line_height": {
                    "unit": "em",
                    "size": "0.15",
                    "sizes": []
                },
                "typography_letter_spacing": {
                    "unit": "px",
                    "size": "2",
                    "sizes": []
                },
                "_id": "c914858",
                "title": "Sub Hero Uppercase",
                "typography_text_transform": "uppercase"
            },
            {
                "typography_typography": "custom",
                "typography_font_family": "Great Vibes",
                "typography_font_size_tablet": {
                    "unit": "px",
                    "size": "100",
                    "sizes": []
                },
                "typography_font_size_mobile": {
                    "unit": "px",
                    "size": "55",
                    "sizes": []
                },
                "typography_font_weight": "400",
                "typography_line_height": {
                    "unit": "em",
                    "size": "1.736",
                    "sizes": []
                },
                "typography_line_height_tablet": {
                    "unit": "em",
                    "size": "1.5",
                    "sizes": []
                },
                "typography_line_height_mobile": {
                    "unit": "em",
                    "size": "2",
                    "sizes": []
                },
                "_id": "4f56adb",
                "title": "Title Hero Home",
                "typography_font_size": {
                    "unit": "px",
                    "size": "144",
                    "sizes": []
                }
            },
            {
                "typography_typography": "custom",
                "typography_font_family": "Josefin Sans",
                "typography_font_size": {
                    "unit": "px",
                    "size": "18",
                    "sizes": []
                },
                "typography_font_weight": "400",
                "typography_line_height": {
                    "unit": "em",
                    "size": "1.389",
                    "sizes": []
                },
                "_id": "998a612",
                "title": "Sub Text-18",
                "typography_font_style": "normal"
            },
            {
                "typography_typography": "custom",
                "typography_font_family": "Josefin Sans",
                "typography_font_size": {
                    "unit": "px",
                    "size": "14",
                    "sizes": []
                },
                "typography_font_weight": "700",
                "typography_text_transform": "uppercase",
                "typography_line_height": {
                    "unit": "em",
                    "size": "0.1786",
                    "sizes": []
                },
                "typography_letter_spacing": {
                    "unit": "px",
                    "size": "2",
                    "sizes": []
                },
                "_id": "194fd3b",
                "title": "Hero date"
            },
            {
                "typography_typography": "custom",
                "typography_font_family": "Great Vibes",
                "typography_font_size": {
                    "unit": "px",
                    "size": "64",
                    "sizes": []
                },
                "typography_font_size_tablet": {
                    "unit": "px",
                    "size": "50",
                    "sizes": []
                },
                "typography_font_size_mobile": {
                    "unit": "px",
                    "size": "35",
                    "sizes": []
                },
                "typography_font_weight": "400",
                "typography_line_height": {
                    "unit": "em",
                    "size": "1.25",
                    "sizes": []
                },
                "typography_line_height_mobile": {
                    "unit": "em",
                    "size": "1.286",
                    "sizes": []
                },
                "_id": "f3c117f",
                "title": "Title Section"
            },
            {
                "typography_typography": "custom",
                "typography_font_family": "Great Vibes",
                "typography_font_size": {
                    "unit": "px",
                    "size": "42",
                    "sizes": []
                },
                "typography_font_size_tablet": {
                    "unit": "px",
                    "size": "35",
                    "sizes": []
                },
                "typography_font_size_mobile": {
                    "unit": "px",
                    "size": "30",
                    "sizes": []
                },
                "typography_font_weight": "400",
                "typography_line_height": {
                    "unit": "em",
                    "size": "1.667",
                    "sizes": []
                },
                "typography_line_height_tablet": {
                    "unit": "em",
                    "size": "1.143",
                    "sizes": []
                },
                "_id": "bb94e1c",
                "title": "Couple Name"
            },
            {
                "typography_typography": "custom",
                "typography_font_family": "Josefin Sans",
                "typography_font_size": {
                    "unit": "px",
                    "size": "16",
                    "sizes": []
                },
                "typography_font_size_mobile": {
                    "unit": "px",
                    "size": "13",
                    "sizes": []
                },
                "typography_font_weight": "400",
                "typography_line_height": {
                    "unit": "em",
                    "size": "1.563",
                    "sizes": []
                },
                "typography_line_height_mobile": {
                    "unit": "em",
                    "size": "1.538",
                    "sizes": []
                },
                "_id": "b7e9a87",
                "title": "Sub Text-16 Section"
            },
            {
                "typography_typography": "custom",
                "typography_font_family": "Josefin Sans",
                "typography_font_size": {
                    "unit": "px",
                    "size": "20",
                    "sizes": []
                },
                "typography_font_weight": "400",
                "typography_text_transform": "capitalize",
                "typography_font_style": "normal",
                "typography_line_height": {
                    "unit": "em",
                    "size": "1",
                    "sizes": []
                },
                "_id": "efa73b9",
                "title": "Name Brides &amp; Groms"
            },
            {
                "typography_typography": "custom",
                "typography_font_family": "Josefin Sans",
                "typography_font_size": {
                    "unit": "px",
                    "size": "32",
                    "sizes": []
                },
                "typography_font_size_tablet": {
                    "unit": "px",
                    "size": "25",
                    "sizes": []
                },
                "typography_font_size_mobile": {
                    "unit": "px",
                    "size": "16",
                    "sizes": []
                },
                "typography_font_weight": "600",
                "typography_font_style": "italic",
                "typography_line_height": {
                    "unit": "em",
                    "size": "1.25",
                    "sizes": []
                },
                "typography_line_height_tablet": {
                    "unit": "em",
                    "size": "1.2",
                    "sizes": []
                },
                "typography_line_height_mobile": {
                    "unit": "em",
                    "size": "1.563",
                    "sizes": []
                },
                "_id": "d965e7d",
                "title": "Text Quote"
            },
            {
                "typography_typography": "custom",
                "typography_font_family": "Josefin Sans",
                "typography_font_size": {
                    "unit": "px",
                    "size": "24",
                    "sizes": []
                },
                "typography_font_weight": "400",
                "typography_text_transform": "capitalize",
                "typography_line_height": {
                    "unit": "em",
                    "size": "1.667",
                    "sizes": []
                },
                "_id": "b03acb8",
                "title": "Name Qouter"
            },
            {
                "typography_typography": "custom",
                "typography_font_family": "Josefin Sans",
                "typography_font_size": {
                    "unit": "px",
                    "size": "11",
                    "sizes": []
                },
                "typography_font_weight": "400",
                "typography_text_transform": "uppercase",
                "typography_letter_spacing": {
                    "unit": "px",
                    "size": "1",
                    "sizes": []
                },
                "_id": "0db20f4",
                "title": "Text menu"
            },
            {
                "typography_typography": "custom",
                "typography_font_family": "Josefin Sans",
                "typography_font_size": {
                    "unit": "px",
                    "size": "11",
                    "sizes": []
                },
                "typography_font_weight": "400",
                "typography_text_transform": "uppercase",
                "typography_letter_spacing": {
                    "unit": "px",
                    "size": "2",
                    "sizes": []
                },
                "_id": "2f2d9ff",
                "title": "text menu dropdown"
            },
            {
                "typography_typography": "custom",
                "typography_font_family": "Josefin Sans",
                "typography_font_size": {
                    "unit": "px",
                    "size": "24",
                    "sizes": []
                },
                "typography_font_size_mobile": {
                    "unit": "px",
                    "size": "20",
                    "sizes": []
                },
                "typography_font_weight": "600",
                "typography_font_style": "normal",
                "typography_line_height": {
                    "unit": "em",
                    "size": "1.042",
                    "sizes": []
                },
                "typography_letter_spacing": {
                    "unit": "px",
                    "size": "0",
                    "sizes": []
                },
                "_id": "46b15d8",
                "title": "Icon title  24"
            },
            {
                "typography_typography": "custom",
                "typography_font_family": "Josefin Sans",
                "typography_font_size": {
                    "unit": "px",
                    "size": "16",
                    "sizes": []
                },
                "typography_font_size_mobile": {
                    "unit": "px",
                    "size": "13",
                    "sizes": []
                },
                "typography_font_weight": "400",
                "typography_line_height": {
                    "unit": "em",
                    "size": "2.188",
                    "sizes": []
                },
                "typography_line_height_mobile": {
                    "unit": "em",
                    "size": "1.538",
                    "sizes": []
                },
                "_id": "8abae28",
                "title": "icon description 16"
            },
            {
                "typography_typography": "custom",
                "typography_font_family": "Josefin Sans",
                "typography_font_size": {
                    "unit": "px",
                    "size": "16",
                    "sizes": []
                },
                "typography_font_weight": "300",
                "typography_line_height": {
                    "unit": "em",
                    "size": "0.875",
                    "sizes": []
                },
                "typography_letter_spacing": {
                    "unit": "px",
                    "size": "0",
                    "sizes": []
                },
                "_id": "aa9eac0",
                "title": "Footer Credit"
            },
            {
                "typography_typography": "custom",
                "typography_font_family": "Josefin Sans",
                "typography_font_size": {
                    "unit": "px",
                    "size": "24",
                    "sizes": []
                },
                "typography_font_weight": "400",
                "typography_font_style": "italic",
                "typography_line_height": {
                    "unit": "em",
                    "size": "1.458",
                    "sizes": []
                },
                "_id": "882e44e",
                "title": "text-24 italic"
            },
            {
                "typography_typography": "custom",
                "typography_font_family": "Josefin Sans",
                "typography_font_size": {
                    "unit": "px",
                    "size": "14",
                    "sizes": []
                },
                "typography_font_weight": "600",
                "typography_text_transform": "uppercase",
                "typography_line_height": {
                    "unit": "em",
                    "size": "1.786",
                    "sizes": []
                },
                "typography_letter_spacing": {
                    "unit": "px",
                    "size": "2",
                    "sizes": []
                },
                "_id": "938afd6",
                "title": "text-14 uppercase"
            },
            {
                "typography_typography": "custom",
                "typography_font_family": "Josefin Sans",
                "typography_font_size": {
                    "unit": "px",
                    "size": "28",
                    "sizes": []
                },
                "typography_font_size_tablet": {
                    "unit": "px",
                    "size": "16",
                    "sizes": []
                },
                "typography_font_weight": "400",
                "typography_font_style": "italic",
                "typography_line_height": {
                    "unit": "em",
                    "size": "1.25",
                    "sizes": []
                },
                "typography_line_height_tablet": {
                    "unit": "em",
                    "size": "1.563",
                    "sizes": []
                },
                "_id": "c3496ae",
                "title": "Quote italic"
            },
            {
                "typography_typography": "custom",
                "typography_font_family": "Josefin Sans",
                "typography_font_size": {
                    "unit": "px",
                    "size": "28",
                    "sizes": []
                },
                "typography_font_size_tablet": {
                    "unit": "px",
                    "size": "18",
                    "sizes": []
                },
                "typography_font_weight": "600",
                "typography_line_height": {
                    "unit": "em",
                    "size": "1",
                    "sizes": []
                },
                "typography_line_height_tablet": {
                    "unit": "em",
                    "size": "1.11",
                    "sizes": []
                },
                "_id": "6de21f4",
                "title": "Question Text FAQ"
            },
            {
                "typography_typography": "custom",
                "typography_font_family": "Josefin Sans",
                "typography_font_size": {
                    "unit": "px",
                    "size": "12",
                    "sizes": []
                },
                "typography_font_weight": "600",
                "typography_text_transform": "uppercase",
                "typography_line_height": {
                    "unit": "em",
                    "size": "2.083",
                    "sizes": []
                },
                "typography_letter_spacing": {
                    "unit": "px",
                    "size": "2",
                    "sizes": []
                },
                "_id": "b1aba8a",
                "title": "Bride&amp;Groom Status"
            },
            {
                "title": "button-text",
                "_id": "47cde23",
                "typography_typography": "custom",
                "typography_font_family": "Josefin Sans",
                "typography_font_size": {
                    "unit": "px",
                    "size": "13",
                    "sizes": []
                },
                "typography_font_weight": "400",
                "typography_text_transform": "uppercase",
                "typography_font_style": "normal",
                "typography_line_height": {
                    "unit": "em",
                    "size": "1",
                    "sizes": []
                },
                "typography_letter_spacing": {
                    "unit": "px",
                    "size": "1",
                    "sizes": []
                }
            },
            {
                "typography_typography": "custom",
                "typography_font_family": "Josefin Sans",
                "typography_font_size": {
                    "unit": "px",
                    "size": "30",
                    "sizes": []
                },
                "typography_font_size_tablet": {
                    "unit": "px",
                    "size": "25",
                    "sizes": []
                },
                "typography_font_weight": "400",
                "typography_font_style": "normal",
                "typography_line_height": {
                    "unit": "em",
                    "size": "1.1",
                    "sizes": []
                },
                "typography_line_height_tablet": {
                    "unit": "px",
                    "size": "35",
                    "sizes": []
                },
                "typography_letter_spacing": {
                    "unit": "px",
                    "size": "0",
                    "sizes": []
                },
                "_id": "6db9bce",
                "title": "Title Blog Archive"
            },
            {
                "typography_typography": "custom",
                "typography_font_family": "Josefin Sans",
                "typography_font_size": {
                    "unit": "px",
                    "size": "16",
                    "sizes": []
                },
                "typography_font_weight": "400",
                "_id": "103c033",
                "title": "Accept Blog Archive"
            }
        ],
        "default_generic_fonts": "Sans-serif",
        "body_color": "#6E7075",
        "body_typography_typography": "custom",
        "body_typography_font_family": "Josefin Sans",
        "body_typography_font_weight": "300",
        "link_normal_color": "#FFFFFF",
        "link_normal_typography_typography": "custom",
        "link_normal_typography_font_family": "Josefin Sans",
        "link_normal_typography_font_weight": "300",
        "h1_color": "#8D887C",
        "h2_color": "#8D887C",
        "h3_color": "#8D887C",
        "button_text_color": "#FFFFFF",
        "button_background_color": "#8EB8B1",
        "button_hover_border_radius": {
            "unit": "px",
            "top": "0",
            "right": "0",
            "bottom": "0",
            "left": "0",
            "isLinked": "1"
        },
        "site_name": "Wedding Day",
        "site_description": "Just another Template Kits site",
        "page_title_selector": "h1.entry-title",
        "activeItemIndex": "1",
        "__globals__": {
            "body_color": "globals\/colors?id=aeabff3",
            "body_typography_typography": "globals\/typography?id=text",
            "link_normal_color": "globals\/colors?id=accent",
            "link_normal_typography_typography": "globals\/typography?id=text",
            "h1_color": "globals\/colors?id=secondary",
            "h1_typography_typography": "globals\/typography?id=4f56adb",
            "h2_color": "globals\/colors?id=secondary",
            "h2_typography_typography": "globals\/typography?id=f3c117f",
            "h3_color": "globals\/colors?id=secondary",
            "h3_typography_typography": "globals\/typography?id=bb94e1c",
            "button_typography_typography": "globals\/typography?id=47cde23",
            "button_text_color": "globals\/colors?id=accent",
            "button_background_color": "globals\/colors?id=primary",
            "button_hover_background_color": "globals\/colors?id=42580d6",
            "button_hover_text_color": "globals\/colors?id=accent",
            "form_field_text_color": "globals\/colors?id=text",
            "form_field_background_color": "globals\/colors?id=accent",
            "form_field_border_color": "",
            "h4_color": "globals\/colors?id=secondary",
            "h4_typography_typography": "globals\/typography?id=c914858",
            "h5_color": "globals\/colors?id=secondary",
            "h5_typography_typography": "globals\/typography?id=194fd3b",
            "h6_color": "globals\/colors?id=secondary",
            "h6_typography_typography": "globals\/typography?id=998a612"
        },
        "body_typography_font_size": {
            "unit": "px",
            "size": "18",
            "sizes": []
        },
        "body_typography_line_height": {
            "unit": "em",
            "size": "1.389",
            "sizes": []
        },
        "link_normal_typography_font_size": {
            "unit": "px",
            "size": "18",
            "sizes": []
        },
        "link_normal_typography_line_height": {
            "unit": "em",
            "size": "1.389",
            "sizes": []
        },
        "button_hover_text_color": "#FFFFFF",
        "button_hover_background_color": "#FFD493",
        "form_field_text_color": "#757069",
        "form_field_background_color": "#FFFFFF",
        "form_field_border_border": "solid",
        "form_field_border_width": {
            "unit": "px",
            "top": "1",
            "right": "1",
            "bottom": "1",
            "left": "1",
            "isLinked": "1"
        },
        "form_field_border_color": "#75706929",
        "form_field_border_radius": {
            "unit": "px",
            "top": "0",
            "right": "0",
            "bottom": "0",
            "left": "0",
            "isLinked": "1"
        },
        "form_field_padding": {
            "unit": "px",
            "top": "20",
            "right": "0",
            "bottom": "20",
            "left": "25",
            "isLinked": ""
        },
        "button_border_radius": {
            "unit": "px",
            "top": "0",
            "right": "0",
            "bottom": "0",
            "left": "0",
            "isLinked": "1"
        },
        "button_padding": {
            "unit": "px",
            "top": "15",
            "right": "25",
            "bottom": "12",
            "left": "25",
            "isLinked": ""
        },
        "paragraph_spacing": {
            "unit": "px",
            "size": "30",
            "sizes": []
        },
        "h1_typography_typography": "custom",
        "h1_typography_font_family": "Great Vibes",
        "h1_typography_font_size": {
            "unit": "px",
            "size": "144",
            "sizes": []
        },
        "h1_typography_font_size_tablet": {
            "unit": "px",
            "size": "100",
            "sizes": []
        },
        "h1_typography_font_size_mobile": {
            "unit": "px",
            "size": "55",
            "sizes": []
        },
        "h1_typography_font_weight": "400",
        "h1_typography_line_height": {
            "unit": "em",
            "size": "1.736",
            "sizes": []
        },
        "h1_typography_line_height_tablet": {
            "unit": "em",
            "size": "1.5",
            "sizes": []
        },
        "h1_typography_line_height_mobile": {
            "unit": "em",
            "size": "2",
            "sizes": []
        },
        "h2_typography_typography": "custom",
        "h2_typography_font_family": "Great Vibes",
        "h2_typography_font_size": {
            "unit": "px",
            "size": "64",
            "sizes": []
        },
        "h2_typography_font_size_tablet": {
            "unit": "px",
            "size": "50",
            "sizes": []
        },
        "h2_typography_font_size_mobile": {
            "unit": "px",
            "size": "35",
            "sizes": []
        },
        "h2_typography_font_weight": "400",
        "h2_typography_line_height": {
            "unit": "em",
            "size": "1.25",
            "sizes": []
        },
        "h2_typography_line_height_mobile": {
            "unit": "em",
            "size": "1.286",
            "sizes": []
        },
        "h3_typography_typography": "custom",
        "h3_typography_font_family": "Great Vibes",
        "h3_typography_font_size": {
            "unit": "px",
            "size": "42",
            "sizes": []
        },
        "h3_typography_font_size_tablet": {
            "unit": "px",
            "size": "35",
            "sizes": []
        },
        "h3_typography_font_size_mobile": {
            "unit": "px",
            "size": "30",
            "sizes": []
        },
        "h3_typography_font_weight": "400",
        "h3_typography_line_height": {
            "unit": "em",
            "size": "1.667",
            "sizes": []
        },
        "h3_typography_line_height_tablet": {
            "unit": "em",
            "size": "1.143",
            "sizes": []
        },
        "h4_color": "#8D887C",
        "h4_typography_typography": "custom",
        "h4_typography_font_family": "Josefin Sans",
        "h4_typography_font_weight": "600",
        "h4_typography_text_transform": "uppercase",
        "h4_typography_line_height": {
            "unit": "em",
            "size": "0.15",
            "sizes": []
        },
        "h4_typography_letter_spacing": {
            "unit": "px",
            "size": "2",
            "sizes": []
        },
        "h5_color": "#8D887C",
        "h5_typography_typography": "custom",
        "h5_typography_font_family": "Josefin Sans",
        "h5_typography_font_size": {
            "unit": "px",
            "size": "14",
            "sizes": []
        },
        "h5_typography_font_weight": "700",
        "h5_typography_text_transform": "uppercase",
        "h5_typography_line_height": {
            "unit": "em",
            "size": "0.1786",
            "sizes": []
        },
        "h5_typography_letter_spacing": {
            "unit": "px",
            "size": "2",
            "sizes": []
        },
        "h6_color": "#8D887C",
        "h6_typography_typography": "custom",
        "h6_typography_font_family": "Josefin Sans",
        "h6_typography_font_size": {
            "unit": "px",
            "size": "18",
            "sizes": []
        },
        "h6_typography_font_weight": "400",
        "h6_typography_font_style": "normal",
        "h6_typography_line_height": {
            "unit": "em",
            "size": "1.389",
            "sizes": []
        }
    }
}