{
    "version": "0.4",
    "title": "Header",
    "type": "header",
    "metadata": {
        "template_type": "section-header",
        "include_in_zip": "1",
        "elementor_pro_required": "1",
        "elementor_library_type": "header",
        "elementor_pro_conditions": [
            "include\/general"
        ],
        "additional_template_information": [
            "This is a \"Header\" template for Elementor Pro.",
            "This template will display on: Entire Site."
        ],
        "wp_page_template": "default"
    },
    "content": [
        {
            "id": "43712067",
            "settings": {
                "structure": "30",
                "background_background": "classic",
                "__globals__": {
                    "background_color": "globals\/colors?id=accent"
                },
                "gap": "no",
                "padding": {
                    "unit": "px",
                    "top": "7",
                    "right": "0",
                    "bottom": "7",
                    "left": "0",
                    "isLinked": ""
                },
                "_title": "Section: Header",
                "content_position": "middle",
                "padding_tablet": {
                    "unit": "px",
                    "top": "10",
                    "right": "10",
                    "bottom": "10",
                    "left": "10",
                    "isLinked": "1"
                },
                "box_shadow_box_shadow_type": "yes",
                "box_shadow_box_shadow": {
                    "horizontal": "0",
                    "vertical": "-1",
                    "blur": "30",
                    "spread": "0",
                    "color": "rgba(0, 0, 0, 0.15)"
                },
                "z_index": "100",
                "sticky": "top",
                "border_border": "solid",
                "border_width": {
                    "unit": "px",
                    "top": "0",
                    "right": "0",
                    "bottom": "1",
                    "left": "0",
                    "isLinked": ""
                },
                "border_color": "#DEDEDE"
            },
            "elements": [
                {
                    "id": "6208695",
                    "settings": {
                        "_column_size": "33",
                        "_inline_size": "17.893",
                        "_inline_size_tablet": "30",
                        "_inline_size_mobile": "47",
                        "content_position": "center"
                    },
                    "elements": [
                        {
                            "id": "2fa7f338",
                            "settings": {
                                "__dynamic__": {
                                    "image": "[elementor-tag id=\"\" name=\"site-logo\" settings=\"%7B%7D\"]",
                                    "link": "[elementor-tag id=\"\" name=\"site-url\" settings=\"%7B%7D\"]"
                                },
                                "align": "left",
                                "space": {
                                    "unit": "px",
                                    "size": "150",
                                    "sizes": []
                                }
                            },
                            "elements": [],
                            "isInner": false,
                            "widgetType": "theme-site-logo",
                            "elType": "widget"
                        }
                    ],
                    "isInner": "",
                    "elType": "column"
                },
                {
                    "id": "6d38c47d",
                    "settings": {
                        "_column_size": "33",
                        "_inline_size": "71.334",
                        "_inline_size_tablet": "50",
                        "_inline_size_mobile": "53",
                        "content_position": "center"
                    },
                    "elements": [
                        {
                            "id": "6371c26",
                            "settings": {
                                "align_items": "right",
                                "pointer": "none",
                                "indicator": "chevron",
                                "full_width": "stretch",
                                "color_menu_item": "#757069",
                                "color_dropdown_item": "#757069",
                                "__globals__": {
                                    "menu_typography_typography": "globals\/typography?id=0db20f4",
                                    "color_menu_item": "globals\/colors?id=text",
                                    "color_dropdown_item": "globals\/colors?id=text",
                                    "dropdown_typography_typography": "globals\/typography?id=2f2d9ff",
                                    "background_color_dropdown_item": "globals\/colors?id=accent",
                                    "color_dropdown_item_hover": "globals\/colors?id=accent",
                                    "background_color_dropdown_item_hover": "globals\/colors?id=42580d6",
                                    "toggle_color": "globals\/colors?id=primary",
                                    "toggle_background_color": "globals\/colors?id=accent",
                                    "toggle_color_hover": "globals\/colors?id=42580d6",
                                    "toggle_background_color_hover": "globals\/colors?id=accent",
                                    "color_menu_item_hover": "globals\/colors?id=42580d6",
                                    "dropdown_divider_color": ""
                                },
                                "dropdown_top_distance": {
                                    "unit": "px",
                                    "size": "7",
                                    "sizes": []
                                },
                                "toggle_align": "right",
                                "color_menu_item_hover": "#FFD493",
                                "background_color_dropdown_item": "#FFFFFF",
                                "color_dropdown_item_hover": "#FFFFFF",
                                "background_color_dropdown_item_hover": "#FFD493",
                                "dropdown_box_shadow_box_shadow_type": "yes",
                                "dropdown_box_shadow_box_shadow": {
                                    "horizontal": "0",
                                    "vertical": "10",
                                    "blur": "30",
                                    "spread": "0",
                                    "color": "rgba(0, 0, 0, 0.15)"
                                },
                                "padding_horizontal_dropdown_item": {
                                    "unit": "px",
                                    "size": "10",
                                    "sizes": []
                                },
                                "padding_vertical_dropdown_item": {
                                    "unit": "px",
                                    "size": "10",
                                    "sizes": []
                                },
                                "dropdown_divider_border": "solid",
                                "dropdown_divider_color": "#EEEEEE",
                                "dropdown_divider_width": {
                                    "unit": "px",
                                    "size": "1",
                                    "sizes": []
                                },
                                "toggle_color": "#8EB8B1",
                                "toggle_background_color": "#FFFFFF",
                                "toggle_color_hover": "#FFD493",
                                "toggle_background_color_hover": "#FFFFFF"
                            },
                            "elements": [],
                            "isInner": false,
                            "widgetType": "nav-menu",
                            "elType": "widget"
                        }
                    ],
                    "isInner": "",
                    "elType": "column"
                },
                {
                    "id": "640a80c4",
                    "settings": {
                        "_column_size": "33",
                        "_inline_size": "10.288",
                        "_inline_size_tablet": "20",
                        "hide_mobile": "hidden-phone",
                        "content_position": "center"
                    },
                    "elements": [
                        {
                            "id": "5c7f9da9",
                            "settings": {
                                "text": "RSVP",
                                "selected_icon": {
                                    "value": "far fa-calendar-alt",
                                    "library": "fa-regular"
                                },
                                "border_radius": {
                                    "unit": "px",
                                    "top": "0",
                                    "right": "0",
                                    "bottom": "0",
                                    "left": "0",
                                    "isLinked": "1"
                                },
                                "__globals__": {
                                    "background_color": "",
                                    "button_background_hover_color": "",
                                    "hover_color": "",
                                    "button_text_color": "globals\/colors?id=primary",
                                    "border_color": "globals\/colors?id=primary",
                                    "typography_typography": "globals\/typography?id=47cde23"
                                },
                                "icon_indent": {
                                    "unit": "px",
                                    "size": "7",
                                    "sizes": []
                                },
                                "button_text_color": "#8EB8B1",
                                "background_color": "#FFFFFF00",
                                "border_border": "solid",
                                "border_width": {
                                    "unit": "px",
                                    "top": "1",
                                    "right": "1",
                                    "bottom": "1",
                                    "left": "1",
                                    "isLinked": "1"
                                },
                                "border_color": "#8EB8B1",
                                "text_padding": {
                                    "unit": "px",
                                    "top": "12",
                                    "right": "25",
                                    "bottom": "8",
                                    "left": "25",
                                    "isLinked": ""
                                },
                                "align": "right",
                                "link": {
                                    "url": "https:\/\/templatekits.themewarrior.com\/weddingday\/template-kit\/rsvp\/",
                                    "is_external": "",
                                    "nofollow": "",
                                    "custom_attributes": ""
                                }
                            },
                            "elements": [],
                            "isInner": false,
                            "widgetType": "button",
                            "elType": "widget"
                        }
                    ],
                    "isInner": "",
                    "elType": "column"
                }
            ],
            "isInner": "",
            "elType": "section"
        }
    ]
}