{
    "version": "0.4",
    "title": "Single Post",
    "type": "single-post",
    "metadata": {
        "template_type": "single-post",
        "include_in_zip": "1",
        "elementor_pro_required": "1",
        "elementor_library_type": "single-post",
        "elementor_pro_conditions": [
            "include\/singular"
        ],
        "additional_template_information": [
            "This is a \"Single Post\" template for Elementor Pro.",
            "This template will display on: All Singular."
        ],
        "wp_page_template": "default"
    },
    "content": [
        {
            "id": "4bb28c08",
            "settings": {
                "gap": "no",
                "overflow": "hidden",
                "background_background": "classic",
                "background_image": {
                    "url": "https:\/\/templatekits.themewarrior.com\/weddingday\/wp-content\/uploads\/sites\/15\/2021\/01\/bg-hero-invit.png",
                    "id": "233"
                },
                "background_ypos": {
                    "unit": "px",
                    "size": "-66",
                    "sizes": []
                },
                "background_repeat": "no-repeat",
                "background_overlay_background": "classic",
                "background_overlay_opacity": {
                    "unit": "px",
                    "size": "0.2",
                    "sizes": []
                },
                "padding": {
                    "unit": "px",
                    "top": "98",
                    "right": "0",
                    "bottom": "249",
                    "left": "0",
                    "isLinked": ""
                },
                "padding_tablet": {
                    "unit": "px",
                    "top": "50",
                    "right": "10",
                    "bottom": "100",
                    "left": "10",
                    "isLinked": ""
                },
                "__globals__": {
                    "background_overlay_color": "globals\/colors?id=42580d6"
                },
                "_title": "Section: Hero Single Post"
            },
            "elements": [
                {
                    "id": "72ae481f",
                    "settings": {
                        "_column_size": "100"
                    },
                    "elements": [
                        {
                            "id": "3f67813a",
                            "settings": {
                                "title": "The Bridesmaids &amp; Groomsmen",
                                "align": "center",
                                "typography_typography": "custom",
                                "typography_font_family": "Great Vibes",
                                "typography_font_size": {
                                    "unit": "px",
                                    "size": "64",
                                    "sizes": []
                                },
                                "typography_font_weight": "400",
                                "typography_line_height": {
                                    "unit": "px",
                                    "size": "80",
                                    "sizes": []
                                },
                                "__globals__": {
                                    "title_color": "globals\/colors?id=secondary"
                                },
                                "typography_font_size_tablet": {
                                    "unit": "px",
                                    "size": "50",
                                    "sizes": []
                                },
                                "typography_font_size_mobile": {
                                    "unit": "px",
                                    "size": "35",
                                    "sizes": []
                                },
                                "typography_line_height_mobile": {
                                    "unit": "px",
                                    "size": "45",
                                    "sizes": []
                                },
                                "header_size": "h1",
                                "typography_line_height_tablet": {
                                    "unit": "px",
                                    "size": "50",
                                    "sizes": []
                                },
                                "_animation": "zoomInUp",
                                "__dynamic__": {
                                    "title": "[elementor-tag id=\"3880dfe\" name=\"post-title\" settings=\"%7B%7D\"]"
                                }
                            },
                            "elements": [],
                            "isInner": false,
                            "widgetType": "heading",
                            "elType": "widget"
                        },
                        {
                            "id": "3f1e8526",
                            "settings": {
                                "image": {
                                    "url": "https:\/\/templatekits.themewarrior.com\/weddingday\/wp-content\/uploads\/sites\/15\/2021\/01\/devider-1.png",
                                    "id": "40"
                                },
                                "align": "center",
                                "width": {
                                    "unit": "px",
                                    "size": "175",
                                    "sizes": []
                                },
                                "_padding": {
                                    "unit": "px",
                                    "top": "0",
                                    "right": "0",
                                    "bottom": "0",
                                    "left": "0",
                                    "isLinked": ""
                                },
                                "_padding_tablet": {
                                    "unit": "px",
                                    "top": "0",
                                    "right": "0",
                                    "bottom": "0",
                                    "left": "0",
                                    "isLinked": ""
                                },
                                "_padding_mobile": {
                                    "unit": "px",
                                    "top": "0",
                                    "right": "0",
                                    "bottom": "0",
                                    "left": "0",
                                    "isLinked": ""
                                }
                            },
                            "elements": [],
                            "isInner": false,
                            "widgetType": "image",
                            "elType": "widget"
                        },
                        {
                            "id": "7112dd76",
                            "settings": {
                                "icon_list": [
                                    {
                                        "type": "author",
                                        "selected_icon": {
                                            "value": "far fa-user-circle",
                                            "library": "fa-regular"
                                        },
                                        "_id": "d75c0f3",
                                        "custom_date_format": "F j, Y",
                                        "custom_time_format": "g:i a",
                                        "show_icon": "none"
                                    },
                                    {
                                        "selected_icon": {
                                            "value": "fas fa-calendar",
                                            "library": "fa-solid"
                                        },
                                        "_id": "e076fc8",
                                        "custom_date_format": "F j, Y",
                                        "custom_time_format": "g:i a",
                                        "show_icon": "none"
                                    },
                                    {
                                        "type": "comments",
                                        "selected_icon": {
                                            "value": "far fa-comment-dots",
                                            "library": "fa-regular"
                                        },
                                        "_id": "f568544",
                                        "custom_date_format": "F j, Y",
                                        "custom_time_format": "g:i a",
                                        "show_icon": "none"
                                    }
                                ],
                                "icon_align": "center",
                                "divider": "yes",
                                "divider_weight": {
                                    "unit": "px",
                                    "size": "7",
                                    "sizes": []
                                },
                                "divider_height": {
                                    "unit": "px",
                                    "size": "2",
                                    "sizes": []
                                },
                                "icon_typography_typography": "custom",
                                "icon_typography_font_family": "Josefin Sans",
                                "icon_typography_font_size": {
                                    "unit": "px",
                                    "size": "16",
                                    "sizes": []
                                },
                                "icon_typography_font_weight": "400",
                                "icon_typography_text_transform": "capitalize",
                                "icon_typography_line_height": {
                                    "unit": "px",
                                    "size": "25",
                                    "sizes": []
                                },
                                "__globals__": {
                                    "divider_color": "globals\/colors?id=secondary"
                                }
                            },
                            "elements": [],
                            "isInner": false,
                            "widgetType": "post-info",
                            "elType": "widget"
                        }
                    ],
                    "isInner": "",
                    "elType": "column"
                }
            ],
            "isInner": "",
            "elType": "section"
        },
        {
            "id": "5379c717",
            "settings": {
                "margin": {
                    "unit": "px",
                    "top": "-200",
                    "right": "0",
                    "bottom": "0",
                    "left": "0",
                    "isLinked": ""
                },
                "padding": {
                    "unit": "px",
                    "top": "0",
                    "right": "0",
                    "bottom": "0",
                    "left": "0",
                    "isLinked": ""
                },
                "margin_tablet": {
                    "unit": "px",
                    "top": "-90",
                    "right": "0",
                    "bottom": "0",
                    "left": "0",
                    "isLinked": ""
                },
                "padding_tablet": {
                    "unit": "px",
                    "top": "0",
                    "right": "30",
                    "bottom": "0",
                    "left": "30",
                    "isLinked": ""
                },
                "padding_mobile": {
                    "unit": "px",
                    "top": "0",
                    "right": "10",
                    "bottom": "0",
                    "left": "10",
                    "isLinked": ""
                },
                "_title": "Section: Post Content",
                "content_width": {
                    "unit": "px",
                    "size": "920",
                    "sizes": []
                }
            },
            "elements": [
                {
                    "id": "5e78f262",
                    "settings": {
                        "_column_size": "100",
                        "padding_mobile": {
                            "unit": "px",
                            "top": "0",
                            "right": "0",
                            "bottom": "0",
                            "left": "0",
                            "isLinked": "1"
                        }
                    },
                    "elements": [
                        {
                            "id": "4e6614d7",
                            "settings": {
                                "__dynamic__": {
                                    "image": "[elementor-tag id=\"\" name=\"post-featured-image\" settings=\"%7B%22fallback%22%3A%7B%22url%22%3A%22%22%2C%22id%22%3A%22%22%7D%7D\"]"
                                },
                                "width": {
                                    "unit": "%",
                                    "size": "100",
                                    "sizes": []
                                },
                                "image_border_border": "solid",
                                "image_border_width": {
                                    "unit": "px",
                                    "top": "5",
                                    "right": "5",
                                    "bottom": "5",
                                    "left": "5",
                                    "isLinked": "1"
                                },
                                "image_box_shadow_box_shadow_type": "yes",
                                "image_box_shadow_box_shadow": {
                                    "horizontal": "0",
                                    "vertical": "10",
                                    "blur": "30",
                                    "spread": "0",
                                    "color": "rgba(0, 0, 0, 0.116)"
                                },
                                "_margin": {
                                    "unit": "px",
                                    "top": "0",
                                    "right": "0",
                                    "bottom": "20",
                                    "left": "0",
                                    "isLinked": ""
                                },
                                "__globals__": {
                                    "image_border_color": "globals\/colors?id=42580d6"
                                }
                            },
                            "elements": [],
                            "isInner": false,
                            "widgetType": "theme-post-featured-image",
                            "elType": "widget"
                        },
                        {
                            "id": "72a2330f",
                            "settings": {
                                "typography_typography": "custom",
                                "typography_font_family": "Josefin Sans",
                                "typography_font_size": {
                                    "unit": "px",
                                    "size": "16",
                                    "sizes": []
                                },
                                "typography_font_weight": "400",
                                "typography_line_height": {
                                    "unit": "px",
                                    "size": "",
                                    "sizes": []
                                },
                                "__globals__": {
                                    "text_color": "globals\/colors?id=aeabff3"
                                }
                            },
                            "elements": [],
                            "isInner": false,
                            "widgetType": "theme-post-content",
                            "elType": "widget"
                        }
                    ],
                    "isInner": "",
                    "elType": "column"
                }
            ],
            "isInner": "",
            "elType": "section"
        },
        {
            "id": "30932bf7",
            "settings": {
                "gap": "no",
                "overflow": "hidden",
                "padding": {
                    "unit": "px",
                    "top": "100",
                    "right": "0",
                    "bottom": "136",
                    "left": "0",
                    "isLinked": ""
                },
                "padding_tablet": {
                    "unit": "px",
                    "top": "50",
                    "right": "10",
                    "bottom": "0",
                    "left": "10",
                    "isLinked": ""
                },
                "_title": "Section: Related Post",
                "padding_mobile": {
                    "unit": "px",
                    "top": "30",
                    "right": "10",
                    "bottom": "0",
                    "left": "10",
                    "isLinked": ""
                }
            },
            "elements": [
                {
                    "id": "75ea54a5",
                    "settings": {
                        "_column_size": "100"
                    },
                    "elements": [
                        {
                            "id": "7b01d081",
                            "settings": {
                                "title": "Related Stories",
                                "align": "center",
                                "typography_typography": "custom",
                                "typography_font_family": "Great Vibes",
                                "typography_font_size": {
                                    "unit": "px",
                                    "size": "64",
                                    "sizes": []
                                },
                                "typography_font_weight": "400",
                                "typography_line_height": {
                                    "unit": "px",
                                    "size": "80",
                                    "sizes": []
                                },
                                "__globals__": {
                                    "title_color": "globals\/colors?id=secondary"
                                },
                                "typography_font_size_mobile": {
                                    "unit": "px",
                                    "size": "35",
                                    "sizes": []
                                },
                                "typography_font_size_tablet": {
                                    "unit": "px",
                                    "size": "50",
                                    "sizes": []
                                },
                                "typography_line_height_tablet": {
                                    "unit": "px",
                                    "size": "60",
                                    "sizes": []
                                }
                            },
                            "elements": [],
                            "isInner": false,
                            "widgetType": "heading",
                            "elType": "widget"
                        },
                        {
                            "id": "289b8f9c",
                            "settings": {
                                "image": {
                                    "url": "https:\/\/templatekits.themewarrior.com\/weddingday\/wp-content\/uploads\/sites\/15\/2021\/01\/devider-1.png",
                                    "id": "40"
                                },
                                "align": "center",
                                "width": {
                                    "unit": "px",
                                    "size": "175",
                                    "sizes": []
                                },
                                "_padding": {
                                    "unit": "px",
                                    "top": "0",
                                    "right": "0",
                                    "bottom": "40",
                                    "left": "0",
                                    "isLinked": ""
                                },
                                "_padding_mobile": {
                                    "unit": "px",
                                    "top": "0",
                                    "right": "0",
                                    "bottom": "0",
                                    "left": "0",
                                    "isLinked": ""
                                },
                                "_padding_tablet": {
                                    "unit": "px",
                                    "top": "0",
                                    "right": "0",
                                    "bottom": "0",
                                    "left": "0",
                                    "isLinked": ""
                                }
                            },
                            "elements": [],
                            "isInner": false,
                            "widgetType": "image",
                            "elType": "widget"
                        },
                        {
                            "id": "4eeb9e6c",
                            "settings": {
                                "classic_posts_per_page": "3",
                                "classic_meta_separator": "\u2022",
                                "classic_show_read_more": "",
                                "classic_read_more_text": "Read More \u00bb",
                                "cards_meta_separator": "\u2022",
                                "cards_read_more_text": "Read More \u00bb",
                                "full_content_meta_separator": "\/\/\/",
                                "classic_title_color": "#000000",
                                "classic_title_typography_typography": "custom",
                                "classic_title_typography_font_family": "Josefin Sans",
                                "classic_title_typography_font_size": {
                                    "unit": "px",
                                    "size": "24",
                                    "sizes": []
                                },
                                "classic_title_typography_font_weight": "400",
                                "classic_title_typography_line_height": {
                                    "unit": "em",
                                    "size": "1.1",
                                    "sizes": []
                                },
                                "classic_title_typography_line_height_tablet": {
                                    "unit": "px",
                                    "size": "35",
                                    "sizes": []
                                },
                                "classic_title_spacing": {
                                    "unit": "px",
                                    "size": "10",
                                    "sizes": []
                                },
                                "pagination_page_limit": "5",
                                "pagination_prev_label": "&laquo; Previous",
                                "pagination_next_label": "Next &raquo;",
                                "__globals__": {
                                    "classic_title_color": "globals\/colors?id=4670111",
                                    "classic_title_typography_typography": "",
                                    "classic_excerpt_color": "globals\/colors?id=text"
                                },
                                "classic_row_gap": {
                                    "unit": "px",
                                    "size": "30",
                                    "sizes": []
                                },
                                "classic_title_typography_letter_spacing": {
                                    "unit": "px",
                                    "size": "0",
                                    "sizes": []
                                },
                                "classic_meta_typography_typography": "custom",
                                "classic_meta_typography_font_family": "Josefin Sans",
                                "classic_meta_typography_font_size": {
                                    "unit": "px",
                                    "size": "14",
                                    "sizes": []
                                },
                                "classic_meta_typography_font_weight": "400",
                                "classic_excerpt_typography_typography": "custom",
                                "classic_excerpt_typography_font_family": "Josefin Sans",
                                "classic_excerpt_typography_font_size": {
                                    "unit": "px",
                                    "size": "16",
                                    "sizes": []
                                },
                                "classic_excerpt_typography_font_weight": "400",
                                "classic_excerpt_typography_line_height": {
                                    "unit": "px",
                                    "size": "",
                                    "sizes": []
                                },
                                "classic_show_excerpt": "",
                                "classic_title_typography_font_size_mobile": {
                                    "unit": "px",
                                    "size": "24",
                                    "sizes": []
                                },
                                "classic_title_typography_line_height_mobile": {
                                    "unit": "em",
                                    "size": "1.2",
                                    "sizes": []
                                }
                            },
                            "elements": [],
                            "isInner": false,
                            "widgetType": "posts",
                            "elType": "widget"
                        }
                    ],
                    "isInner": "",
                    "elType": "column"
                }
            ],
            "isInner": "",
            "elType": "section"
        }
    ]
}